Variable / Field Name,Form Name,Section Header,Field Type,Field Label,"Choices, Calculations, OR Slider Labels",Field Note,Text Validation Type OR Show Slider Number,Text Validation Min,Text Validation Max,Identifier?,Branching Logic (Show field only if...),Required Field?,Custom Alignment,Question Number (surveys only),Matrix Group Name,Matrix Ranking?,Field Annotation
record_id,initial_patient_survey_for_pediatric_patients_018,,text,Please indicate CIEI National Registry ID,,,,,,,,,,,,,
record_id_initial_peds,initial_patient_survey_for_pediatric_patients_018,,text,Study ID:,,,,,,,,,,,,,
province_initial_ped_survey,initial_patient_survey_for_pediatric_patients_018,,dropdown,"Please, indicate your province","1, Alberta | 2, British Columbia | 3, Manitoba | 4, New Brunswick | 5, Newfoundland and Labrador | 6, Northwest Territories | 7, Nova Scotia | 8, Nunavut | 9, Ontario | 10, Prince Edward Island | 11, Quebec | 12, Saskatchewan | 13, Yukon",,,,,,,,,,,,
person_initial_ped_form,initial_patient_survey_for_pediatric_patients_018,"This form is to be completed on behalf of a child by a parent, guardian or specified ""other"". ",radio,"Who is completing this form on behalf of the child?
","1, Mother | 2, Father | 3, Guardian | 4, Other {other_relation_child_initial_ped}",,,,,,,,,,,,@initialpedform
other_relation_child_initial_ped,initial_patient_survey_for_pediatric_patients_018,,text,Please specify your relationship to the child.,,,,,,,[person_initial_ped_form]=4,,,,,,
date_of_completing_form,initial_patient_survey_for_pediatric_patients_018,,text,Date of completing form:,,01-MM-YY,date_dmy,today,today,,,,,,,,
child_age,initial_patient_survey_for_pediatric_patients_018,Questions About Your Child,descriptive,"What is your child's birthdate?
Month{month_select} Year{year_child_born_initial_form}",,,,,,,,,,,,,
month_select,initial_patient_survey_for_pediatric_patients_018,,dropdown,Month,"01, January | 02, February | 03, March | 04, April | 05, May | 06, June | 07, July | 08, August | 09, September | 10, October | 11, November | 12, December",,,,,,,,,,,,
year_child_born_initial_form,initial_patient_survey_for_pediatric_patients_018,,text,Year,,,integer,1900,2030,,,,,,,,
child_sex_birth_ped_initial,initial_patient_survey_for_pediatric_patients_018,,radio,"Your child's sex at birth:
","1, Female | 2, Male | 99, Other - Please specify: {other_sex_birth_ped_initial} | 4, Prefer not to say",,,,,,,,,,,,
other_sex_birth_ped_initial,initial_patient_survey_for_pediatric_patients_018,,text,"Please, clarify sex at birth",,,,,,,[child_sex_birth_ped_initial]=99,,,,,,
child_gender_peds_initial_survey,initial_patient_survey_for_pediatric_patients_018,,radio,Your child's gender is:,"1, Female/Woman | 2, Male/Man | 99, Other - Please specify: {gender_peds_initial} | 4, Prefer not to say",,,,,,,,,,,,
gender_peds_initial,initial_patient_survey_for_pediatric_patients_018,,text,gender_peds_initial,,,,,,,[child_gender_peds_initial_survey]=99,,,,,,
child_ethnicity_initial_form,initial_patient_survey_for_pediatric_patients_018,,checkbox,Please select your child's race/ethnicity (you may check more than one answer):,"1, Caucasian/White | 2, Chinese | 3, Asian other than Chinese - Please specify: {specify_other_asian_initial_ped} | 4, African descent | 5, Filipino | 6, Arab | 7, Latin American | 8, First Nations - Please specify the Band/Tribes with which you identify: {band_tribes_initial_ped} | 9, Métis - Please indicate the organization or Settlement with which you identify: {organization_settlement_initial_ped} | 10, Inuk (Inuit) - Please indicate the specific agreement with which you identify: {specify_agreement_initial_ped} | 11, Unknown | 99, Other - Please specify the ethnicity with which you identify: {other_ethnicity_initial_ped} | 13, Prefer not to answer",,,,,,,,,,,," @NONEOFTHEABOVE=11,13"
band_tribes_initial_ped,initial_patient_survey_for_pediatric_patients_018,,text,Specify band/tribes,,,,,,,[child_ethnicity_initial_form(8)] = '1',,,,,,
organization_settlement_initial_ped,initial_patient_survey_for_pediatric_patients_018,,radio,Specify organization settlement,"1, Métis Nation of Ontario | 2, Manitoba Métis Federation | 3, Métis Nation - Saskatchewan | 4, Métis Nation of Alberta | 5, Métis Nation British Columbia | 99, Other - Please specify: {other_settlement_initial_ped}",,,,,,[child_ethnicity_initial_form(9)] = '1',,,,,,
other_settlement_initial_ped,initial_patient_survey_for_pediatric_patients_018,,text,Other_settlement,,,,,,,[organization_settlement_initial_ped] = 99,,,,,,
specify_agreement_initial_ped,initial_patient_survey_for_pediatric_patients_018,,radio,Specify agreement,"1, Inuvialuit Final Agreement | 2, Nunavut Agreement (Nunavut Land Claims Agreement) | 3, James Bay and Northern Quebec Agreement (Nunavik) | 4, Labrador Inuit Land Claims Agreement (Nunatsiavut) | 99, Other - Please specify: {other_agreement_initial_ped}",,,,,,[child_ethnicity_initial_form(10)] = '1',,,,,,
other_agreement_initial_ped,initial_patient_survey_for_pediatric_patients_018,,text,Other agreement,,,,,,,[specify_agreement_initial_ped] = 99,,,,,,
other_ethnicity_initial_ped,initial_patient_survey_for_pediatric_patients_018,,text,Other ethnicity specify,,,,,,,[child_ethnicity_initial_form(99)]=1,,,,,,
specify_other_asian_initial_ped,initial_patient_survey_for_pediatric_patients_018,,checkbox,Specify other Asian,"1, Southeast Asian (e.g., Vietnamese, Cambodian, Laotian, Thai, etc) | 2, West Asian (e.g., Iranian, Afghan, etc) | 3, South Asian (e.g., East India, Pakistani, Sri Lankan, etc) | 4, Korean | 5, Japanese | 99, Other - Please specify: {other_asian_initial_ped}",,,,,,[child_ethnicity_initial_form(3)] = '1',,,,,,
other_asian_initial_ped,initial_patient_survey_for_pediatric_patients_018,,text,Other asian,,,,,,,[specify_other_asian_initial_ped(99)] = '1',,,,,,
drug_allergies_initial_ped,initial_patient_survey_for_pediatric_patients_018,,yesno,Does your child have any drug allergies?,,,,,,,,,,,,,
environmental_allergens_initial_ped,initial_patient_survey_for_pediatric_patients_018,,yesno,"Does your child have environmental allergies? (cat, dog, dust mites, tree pollen, weeds pollen, grass pollen, mold, etc.)",,,,,,,,,,,,,
food_allergies_initial_ped,initial_patient_survey_for_pediatric_patients_018,,yesno,"Does your child have any food allergies? (Egg whites, peanuts, tree nuts, egg yolks, milk, wheat etc.)",,,,,,,,,,,,,
other_allergy_initial_ped,initial_patient_survey_for_pediatric_patients_018,,yesno,"Is your child allergic to anything other than drugs, environmental allergens, or foods?",,,,,,,,,,,,,
other_allergens_initial_ped,initial_patient_survey_for_pediatric_patients_018,,text,Please specify other types of allergens,,,,,,,[other_allergy_initial_ped] = '1',,,,,,
imm_progr_initial_survey,initial_patient_survey_for_pediatric_patients_018,,radio,How long has your child been in the Immunology Program?,"1, up to 3 months | 2, between 3 to 6 months | 3, between 6 to 12 months | 4, between 12 to 24 months | 5, more than 24 months",,,,,,,,,,,,
type_progr_initial_ped,initial_patient_survey_for_pediatric_patients_018,,radio,"Is your child being seen in (for Alberta patients only)?
","1, Collaborative Immunohematology Clinic at the Alberta Children's Hospital | 2, Subcutaneous Immunoglobulin (SCIg) Home Infusion Program | 3, Both | 4, None",,,,,,[province_initial_ped_survey]=1,,,,,,
infections_child_initial_form,initial_patient_survey_for_pediatric_patients_018,,checkbox,"<div class=""rich-text-field-label""><p>Has your child had any infections in the last year? CHOOSE <span style=""text-decoration: underline;"">all that apply.</span></p></div>","1, Abscess (e.g.: a painful pocket of pus; may be below the skin or in body organs) | 2, Diarrhea (e.g.: very loose, watery stool or bowel movements) | 12, Chronic diarrhea (eg.: very loose, watery stool or bowel movements three or more times in 24 hours and lasting longer than four weeks) | 3, Ear Infection (e.g.: pain, pressure, and/or drainage of pus from inside the ear) | 4, Eye Infection (e.g.: pain, redness, and/or drainage of pus from eye) | 5, Pneumonia or other lung infections (e.g.: severe infection of one or both lungs) | 6, Sinus (e.g.: pain, pressure, and/or drainage of pus in the nasal cavities or nose) | 7, Skin Infection (e.g.: pain, redness, swelling, and/or drainage of pus on or under skin) | 8, Urinary Tract Infection (e.g: a bacterial infection of the urinary tract; burning urination/strong urge to urinate) | 9, Yeast Infection (e.g.: an infection caused by fungus; may be painful, red, itchy, or include white patches; found on skin, in mouth, in vagina, etc.) | 11, Sepsis (eg.: an infection of blood, or blood 'poisoning') | 99, Other | 0, No infections",,,,,,,,,,,,@NONEOFTHEABOVE=0
other_inf_peds_initial,initial_patient_survey_for_pediatric_patients_018,,text,"Please, specify the other infection type:",BIOPORTAL:HP,,,,,,[infections_child_initial_form(99)] = '1',,,,,,
sepsis_times_initial_peds,initial_patient_survey_for_pediatric_patients_018,,text,How many times has your child had sepsis in the past year?,,,number,0,100,,[infections_child_initial_form(11)]=1,,,,,,
chronic_dia_times_initial_peds,initial_patient_survey_for_pediatric_patients_018,,text,How many times has your child had chronic diarrhea in the past year?,,,number,0,100,,[infections_child_initial_form(12)]=1,,,,,,
times_abscess_peds_initial,initial_patient_survey_for_pediatric_patients_018,,text,How many times has your child had an abscess in the past year?,,,number,0,100,,[infections_child_initial_form(1)] = '1',,,,,,
diarrhea_times_peds_initial,initial_patient_survey_for_pediatric_patients_018,,text,How many times has your child had diarrhea in the past year?,,,number,0,100,,[infections_child_initial_form(2)] = '1',,,,,,
eye_times_peds_initial,initial_patient_survey_for_pediatric_patients_018,,text,How many times has your child had eye infections in the past year?,,,number,0,100,,[infections_child_initial_form(4)] = '1',,,,,,
times_yeast_peds_initial,initial_patient_survey_for_pediatric_patients_018,,text,How many times has your child had a yeast infection in the past year?,,,number,0,100,,[infections_child_initial_form(9)] = '1',,,,,,
times_pneumonia_peds_initial,initial_patient_survey_for_pediatric_patients_018,,text,How many times has your child had pneumonia or other lung infections in the past year?,,,number,0,100,,[infections_child_initial_form(5)] = '1',,,,,,
skin_times_initial_peds,initial_patient_survey_for_pediatric_patients_018,,text,How many times has your child had a skin infection in the past year?,,,number,0,100,,[infections_child_initial_form(7)] = '1',,,,,,
otits_past_year,initial_patient_survey_for_pediatric_patients_018,,text,How many times has your child had ear infections in the past year?,,,number,0,100,,[infections_child_initial_form(3)] = '1',,,,,,
sinusitis_past_year,initial_patient_survey_for_pediatric_patients_018,,text,How many times has your child had a sinus infection in the past year?,,,number,0,100,,[infections_child_initial_form(6)] = '1',,,,,,
uti_year,initial_patient_survey_for_pediatric_patients_018,,text,How many times has your child had a Urinary Tract Infection in the past year?,,,number,0,100,,[infections_child_initial_form(8)] = '1',,,,,,
other_inf_past_year,initial_patient_survey_for_pediatric_patients_018,,text,How many times has your child had this other type of infection in the past year?,,,number,0,100,,[infections_child_initial_form(99)] = '1',,,,,,
yeast_site,initial_patient_survey_for_pediatric_patients_018,,text,"Where did your child have a yeast infection (ex: skin, mouth, vagina, etc)?",,,,,,,[infections_child_initial_form(9)] = '1',,,,,,
admissions_initial_peds,initial_patient_survey_for_pediatric_patients_018,,yesno,Has your child had to go into the hospital for any of the above infections?,,,,,,,[infections_child_initial_form(1)] = '1' or [infections_child_initial_form(2)] = '1' or [infections_child_initial_form(12)] = '1' or [infections_child_initial_form(3)] = '1' or [infections_child_initial_form(4)] = '1' or [infections_child_initial_form(5)] = '1' or [infections_child_initial_form(6)] = '1' or [infections_child_initial_form(7)] = '1' or [infections_child_initial_form(8)] = '1' or [infections_child_initial_form(9)] = '1' or [infections_child_initial_form(11)] = '1' or [infections_child_initial_form(99)] = '1',,,,,,
hosp_times_initial_peds,initial_patient_survey_for_pediatric_patients_018,,text,How many times?,,,number,0,100,,[admissions_initial_peds]=1,,,,,,
antibiotics_year_peds_initial,initial_patient_survey_for_pediatric_patients_018,,yesno,Has your child been prescribed antibiotics in the past year?,,,,,,,,,,,,,
long_antibiotics_peds_initial,initial_patient_survey_for_pediatric_patients_018,,yesno,Was your child on antibiotics for longer than 2 weeks?,,,,,,,[antibiotics_year_peds_initial] = '1',,,,,,
family_history_initial_ped,initial_patient_survey_for_pediatric_patients_018,,checkbox,Is there a family history of:,"1, Primary Immunodeficiency | 2, Autoimmune/Inflammatory Diseases (Lupus, Rheumatoid Arthritis, Vasculitis, Inflammatory Bowel Disease, etc) | 3, Malignancies (tumor, cancer, lymphoma) | 4, Allergic Diseases (atopic dermatitis, allergic rhinitis, allergic conjunctivitis, angioedema, asthma, urticaria) | 5, Unknown | 0, No",,,,,,,,,,,," @NONEOFTHEABOVE=5,0"
pid_relative_table_2,initial_patient_survey_for_pediatric_patients_018,,descriptive,"<div class=""rich-text-field-label""><table style=""border-collapse: collapse; width: 100%; height: 272px;"" border=""1""> <tbody> <tr style=""height: 97px;""> <td style=""width: 32.7195%; height: 97px;"">How is the person biologically related to your child?</td> <td style=""width: 33.0028%; height: 97px;"">Please, type their diagnosis</td> <td style=""width: 18.554%; height: 97px;"">At what age was the disease diagnosed in the relative (please provide a number)?</td> <td style=""width: 15.7236%; height: 97px;"">Is the relative already listed in the Registry?</td> </tr> <tr style=""height: 25px;""> <td style=""width: 32.7195%; height: 25px;"">{relation_pid_1}</td> <td style=""width: 33.0028%; height: 25px;"">{relative_diagnosis_pid_1}</td> <td style=""width: 18.554%; height: 25px;"">{age_relative_pid_1}</td> <td style=""width: 15.7236%; height: 25px;"">{yes_no_pid_1}</td> </tr> <tr style=""height: 25px;""> <td style=""width: 32.7195%; height: 25px;"">{relation_pid_2}</td> <td style=""width: 33.0028%; height: 25px;"">{relative_diagnosis_pid_2}</td> <td style=""width: 18.554%; height: 25px;"">{age_relative_pid_2}</td> <td style=""width: 15.7236%; height: 25px;"">{yes_no_pid_2}</td> </tr> <tr style=""height: 25px;""> <td style=""width: 32.7195%; height: 25px;"">{relation_pid_3}</td> <td style=""width: 33.0028%; height: 25px;"">{relative_diagnosis_pid_3}</td> <td style=""width: 18.554%; height: 25px;"">{age_relative_pid_3}</td> <td style=""width: 15.7236%; height: 25px;"">{yes_no_pid_3}</td> </tr> <tr style=""height: 25px;""> <td style=""width: 32.7195%; height: 25px;"">{relation_pid_4}</td> <td style=""width: 33.0028%; height: 25px;"">{relative_diagnosis_pid_4}</td> <td style=""width: 18.554%; height: 25px;"">{age_relative_pid_4}</td> <td style=""width: 15.7236%; height: 25px;"">{yes_no_pid_4}</td> </tr> <tr style=""height: 25px;""> <td style=""width: 32.7195%; height: 25px;"">{relation_pid_5}</td> <td style=""width: 33.0028%; height: 25px;"">{relative_diagnosis_pid_5}</td> <td style=""width: 18.554%; height: 25px;"">{age_relative_pid_5}</td> <td style=""width: 15.7236%; height: 25px;"">{yes_no_pid_5}</td> </tr> <tr style=""height: 25px;""> <td style=""width: 32.7195%; height: 25px;"">{relation_pid_6}</td> <td style=""width: 33.0028%; height: 25px;"">{relative_diagnosis_pid_6}</td> <td style=""width: 18.554%; height: 25px;"">{age_relative_pid_6}</td> <td style=""width: 15.7236%; height: 25px;"">{yes_no_pid_6}</td> </tr> <tr> <td style=""width: 32.7195%;"">{relation_pid_7}</td> <td style=""width: 33.0028%;"">{relative_diagnosis_pid_7}</td> <td style=""width: 18.554%;"">{age_relative_pid_7}</td> <td style=""width: 15.7236%;"">{yes_no_pid_7}</td> </tr> <tr> <td style=""width: 32.7195%;"">{relation_pid_8}</td> <td style=""width: 33.0028%;"">{relative_diagnosis_pid_8}</td> <td style=""width: 18.554%;"">{age_relative_pid_8}</td> <td style=""width: 15.7236%;"">{yes_no_pid_8}</td> </tr> </tbody> </table></div>",,,,,,,[family_history_initial_ped(1)] = '1',,,,,,
relation_pid_1,initial_patient_survey_for_pediatric_patients_018,,dropdown,relation_pid_1,"1, Sibling | 2, Mother | 3, Father | 4, Half-sibling | 5, Aunt | 6, Uncle | 7, Grandparent | 8, Niece or Nephew | 9, First Cousin | 10, Other",,,,,,,,,,,,
relation_pid_2,initial_patient_survey_for_pediatric_patients_018,,dropdown,relation_pid_2,"1, Sibling | 2, Mother | 3, Father | 4, Half-sibling | 5, Aunt | 6, Uncle | 7, Grandparent | 8, Niece or Nephew | 9, First Cousin | 10, Other",,,,,,,,,,,,
relation_pid_3,initial_patient_survey_for_pediatric_patients_018,,dropdown,relation_pid_3,"1, Sibling | 2, Mother | 3, Father | 4, Half-sibling | 5, Aunt | 6, Uncle | 7, Grandparent | 8, Niece or Nephew | 9, First Cousin | 10, Other",,,,,,,,,,,,
relation_pid_4,initial_patient_survey_for_pediatric_patients_018,,dropdown,relation_pid_4,"1, Sibling | 2, Mother | 3, Father | 4, Half-sibling | 5, Aunt | 6, Uncle | 7, Grandparent | 8, Niece or Nephew | 9, First Cousin | 10, Other",,,,,,,,,,,,
relation_pid_5,initial_patient_survey_for_pediatric_patients_018,,dropdown,relation_pid_5,"1, Sibling | 2, Mother | 3, Father | 4, Half-sibling | 5, Aunt | 6, Uncle | 7, Grandparent | 8, Niece or Nephew | 9, First Cousin | 10, Other",,,,,,,,,,,,
relation_pid_6,initial_patient_survey_for_pediatric_patients_018,,dropdown,relation_pid_6,"1, Sibling | 2, Mother | 3, Father | 4, Half-sibling | 5, Aunt | 6, Uncle | 7, Grandparent | 8, Niece or Nephew | 9, First Cousin | 10, Other",,,,,,,,,,,,
relation_pid_7,initial_patient_survey_for_pediatric_patients_018,,dropdown,relation_pid_7,"1, Sibling | 2, Mother | 3, Father | 4, Half-sibling | 5, Aunt | 6, Uncle | 7, Grandparent | 8, Niece or Nephew | 9, First Cousin | 10, Other",,,,,,,,,,,,
relation_pid_8,initial_patient_survey_for_pediatric_patients_018,,dropdown,relation_pid_8,"1, Sibling | 2, Mother | 3, Father | 4, Half-sibling | 5, Aunt | 6, Uncle | 7, Grandparent | 8, Niece or Nephew | 9, First Cousin | 10, Other",,,,,,,,,,,,
relative_diagnosis_pid_1,initial_patient_survey_for_pediatric_patients_018,,text,relative_diagnosis_pid_1,BIOPORTAL:HP,,,,,,,,,,,,
relative_diagnosis_pid_2,initial_patient_survey_for_pediatric_patients_018,,text,relative_diagnosis_pid_2,BIOPORTAL:HP,,,,,,,,,,,,
relative_diagnosis_pid_3,initial_patient_survey_for_pediatric_patients_018,,text,relative_diagnosis_pid_3,BIOPORTAL:HP,,,,,,,,,,,,
relative_diagnosis_pid_4,initial_patient_survey_for_pediatric_patients_018,,text,relative_diagnosis_pid_4,BIOPORTAL:HP,,,,,,,,,,,,
relative_diagnosis_pid_5,initial_patient_survey_for_pediatric_patients_018,,text,relative_diagnosis_pid_5,BIOPORTAL:HP,,,,,,,,,,,,
relative_diagnosis_pid_6,initial_patient_survey_for_pediatric_patients_018,,text,relative_diagnosis_pid_6,BIOPORTAL:HP,,,,,,,,,,,,
relative_diagnosis_pid_7,initial_patient_survey_for_pediatric_patients_018,,text,relative_diagnosis_pid_7,BIOPORTAL:HP,,,,,,,,,,,,
relative_diagnosis_pid_8,initial_patient_survey_for_pediatric_patients_018,,text,relative_diagnosis_pid_8,BIOPORTAL:HP,,,,,,,,,,,,
age_relative_pid_1,initial_patient_survey_for_pediatric_patients_018,,text,age_relative_pid_1,,,number,,,,,,,,,,
age_relative_pid_2,initial_patient_survey_for_pediatric_patients_018,,text,age_relative_pid_2,,,number,,,,,,,,,,
age_relative_pid_3,initial_patient_survey_for_pediatric_patients_018,,text,age_relative_pid_3,,,number,,,,,,,,,,
age_relative_pid_4,initial_patient_survey_for_pediatric_patients_018,,text,age_relative_pid_4,,,number,,,,,,,,,,
age_relative_pid_5,initial_patient_survey_for_pediatric_patients_018,,text,age_relative_pid_5,,,number,,,,,,,,,,
age_relative_pid_6,initial_patient_survey_for_pediatric_patients_018,,text,age_relative_pid_6,,,number,,,,,,,,,,
age_relative_pid_7,initial_patient_survey_for_pediatric_patients_018,,text,age_relative_pid_7,,,number,,,,,,,,,,
age_relative_pid_8,initial_patient_survey_for_pediatric_patients_018,,text,age_relative_pid_8,,,number,,,,,,,,,,
yes_no_pid_1,initial_patient_survey_for_pediatric_patients_018,,yesno,yes_no_pid_1,,,,,,,,,,,,,
yes_no_pid_2,initial_patient_survey_for_pediatric_patients_018,,yesno,yes_no_pid_2,,,,,,,,,,,,,
yes_no_pid_3,initial_patient_survey_for_pediatric_patients_018,,yesno,yes_no_pid_3,,,,,,,,,,,,,
yes_no_pid_4,initial_patient_survey_for_pediatric_patients_018,,yesno,yes_no_pid_4,,,,,,,,,,,,,
yes_no_pid_5,initial_patient_survey_for_pediatric_patients_018,,yesno,yes_no_pid_5,,,,,,,,,,,,,
yes_no_pid_6,initial_patient_survey_for_pediatric_patients_018,,yesno,yes_no_pid_6,,,,,,,,,,,,,
yes_no_pid_7,initial_patient_survey_for_pediatric_patients_018,,yesno,yes_no_pid_7,,,,,,,,,,,,,
yes_no_pid_8,initial_patient_survey_for_pediatric_patients_018,,yesno,yes_no_pid_8,,,,,,,,,,,,,
testing_genetic_v2,initial_patient_survey_for_pediatric_patients_018,,radio,Did a positive family history of immune deficiency disorders prompt you to get your child tested?,"1, Yes | 0, No | 2, Unknown",,,,,,[family_history_initial_ped(1)] = '1',,,,,,
autoimmune_relative_table,initial_patient_survey_for_pediatric_patients_018,,descriptive,"<div class=""rich-text-field-label""><table style=""border-collapse: collapse; width: 100%; height: 272px;"" border=""1""> <tbody> <tr style=""height: 97px;""> <td style=""width: 32.7195%; height: 97px;"">How is the person biologically related to your child?</td> <td style=""width: 33.0028%; height: 97px;"">Please, type their diagnosis</td> <td style=""width: 18.554%; height: 97px;"">At what age was the disease diagnosed in the relative (please provide a number)?</td> <td style=""width: 15.7236%; height: 97px;"">Is the relative already listed in the Registry?</td> </tr> <tr style=""height: 25px;""> <td style=""width: 32.7195%; height: 25px;"">{relation_autoimmune_1}</td> <td style=""width: 33.0028%; height: 25px;"">{relative_diagnosis_autoimmune_1}</td> <td style=""width: 18.554%; height: 25px;"">{age_relative_autoimmune_1}</td> <td style=""width: 15.7236%; height: 25px;"">{yes_no_autoimmune_1}</td> </tr> <tr style=""height: 25px;""> <td style=""width: 32.7195%; height: 25px;"">{relation_autoimmune_2}</td> <td style=""width: 33.0028%; height: 25px;"">{relative_diagnosis_autoimmune_2}</td> <td style=""width: 18.554%; height: 25px;"">{age_relative_autoimmune_2}</td> <td style=""width: 15.7236%; height: 25px;"">{yes_no_autoimmune_2}</td> </tr> <tr style=""height: 25px;""> <td style=""width: 32.7195%; height: 25px;"">{relation_autoimmune_3}</td> <td style=""width: 33.0028%; height: 25px;"">{relative_diagnosis_autoimmune_3}</td> <td style=""width: 18.554%; height: 25px;"">{age_relative_autoimmune_3}</td> <td style=""width: 15.7236%; height: 25px;"">{yes_no_autoimmune_3}</td> </tr> <tr style=""height: 25px;""> <td style=""width: 32.7195%; height: 25px;"">{relation_autoimmune_4}</td> <td style=""width: 33.0028%; height: 25px;"">{relative_diagnosis_autoimmune_4}</td> <td style=""width: 18.554%; height: 25px;"">{age_relative_autoimmune_4}</td> <td style=""width: 15.7236%; height: 25px;"">{yes_no_autoimmune_4}</td> </tr> <tr style=""height: 25px;""> <td style=""width: 32.7195%; height: 25px;"">{relation_autoimmune_5}</td> <td style=""width: 33.0028%; height: 25px;"">{relative_diagnosis_autoimmune_5}</td> <td style=""width: 18.554%; height: 25px;"">{age_relative_autoimmune_5}</td> <td style=""width: 15.7236%; height: 25px;"">{yes_no_autoimmune_5}</td> </tr> <tr style=""height: 25px;""> <td style=""width: 32.7195%; height: 25px;"">{relation_autoimmune_6}</td> <td style=""width: 33.0028%; height: 25px;"">{relative_diagnosis_autoimmune_6}</td> <td style=""width: 18.554%; height: 25px;"">{age_relative_autoimmune_6}</td> <td style=""width: 15.7236%; height: 25px;"">{yes_no_autoimmune_6}</td> </tr> <tr> <td style=""width: 32.7195%;"">{relation_autoimmune_7}</td> <td style=""width: 33.0028%;"">{relative_diagnosis_autoimmune_7}</td> <td style=""width: 18.554%;"">{age_relative_autoimmune_7}</td> <td style=""width: 15.7236%;"">{yes_no_autoimmune_7}</td> </tr> <tr> <td style=""width: 32.7195%;"">{relation_autoimmune_8}</td> <td style=""width: 33.0028%;"">{relative_diagnosis_autoimmune_8}</td> <td style=""width: 18.554%;"">{age_relative_autoimmune_8}</td> <td style=""width: 15.7236%;"">{yes_no_autoimmune_8}</td> </tr> </tbody> </table></div>",,,,,,,[family_history_initial_ped(2)] = '1',,,,,,
relation_autoimmune_1,initial_patient_survey_for_pediatric_patients_018,,dropdown,relation_autoimmune_1,"1, Sibling | 2, Mother | 3, Father | 4, Half-sibling | 5, Aunt | 6, Uncle | 7, Grandparent | 8, Niece or Nephew | 9, First Cousin | 10, Other",,,,,,,,,,,,
relation_autoimmune_2,initial_patient_survey_for_pediatric_patients_018,,dropdown,relation_autoimmune_2,"1, Sibling | 2, Mother | 3, Father | 4, Half-sibling | 5, Aunt | 6, Uncle | 7, Grandparent | 8, Niece or Nephew | 9, First Cousin | 10, Other",,,,,,,,,,,,
relation_autoimmune_3,initial_patient_survey_for_pediatric_patients_018,,dropdown,relation_autoimmune_3,"1, Sibling | 2, Mother | 3, Father | 4, Half-sibling | 5, Aunt | 6, Uncle | 7, Grandparent | 8, Niece or Nephew | 9, First Cousin | 10, Other",,,,,,,,,,,,
relation_autoimmune_4,initial_patient_survey_for_pediatric_patients_018,,dropdown,relation_autoimmune_4,"1, Sibling | 2, Mother | 3, Father | 4, Half-sibling | 5, Aunt | 6, Uncle | 7, Grandparent | 8, Niece or Nephew | 9, First Cousin | 10, Other",,,,,,,,,,,,
relation_autoimmune_5,initial_patient_survey_for_pediatric_patients_018,,dropdown,relation_autoimmune_5,"1, Sibling | 2, Mother | 3, Father | 4, Half-sibling | 5, Aunt | 6, Uncle | 7, Grandparent | 8, Niece or Nephew | 9, First Cousin | 10, Other",,,,,,,,,,,,
relation_autoimmune_6,initial_patient_survey_for_pediatric_patients_018,,dropdown,relation_autoimmune_6,"1, Sibling | 2, Mother | 3, Father | 4, Half-sibling | 5, Aunt | 6, Uncle | 7, Grandparent | 8, Niece or Nephew | 9, First Cousin | 10, Other",,,,,,,,,,,,
relation_autoimmune_7,initial_patient_survey_for_pediatric_patients_018,,dropdown,relation_autoimmune_7,"1, Sibling | 2, Mother | 3, Father | 4, Half-sibling | 5, Aunt | 6, Uncle | 7, Grandparent | 8, Niece or Nephew | 9, First Cousin | 10, Other",,,,,,,,,,,,
relation_autoimmune_8,initial_patient_survey_for_pediatric_patients_018,,dropdown,relation_autoimmune_8,"1, Sibling | 2, Mother | 3, Father | 4, Half-sibling | 5, Aunt | 6, Uncle | 7, Grandparent | 8, Niece or Nephew | 9, First Cousin | 10, Other",,,,,,,,,,,,
relative_diagnosis_autoimmune_1,initial_patient_survey_for_pediatric_patients_018,,text,relative_diagnosis_autoimmune_1,BIOPORTAL:HP,,,,,,,,,,,,
relative_diagnosis_autoimmune_2,initial_patient_survey_for_pediatric_patients_018,,text,relative_diagnosis_autoimmune_2,BIOPORTAL:HP,,,,,,,,,,,,
relative_diagnosis_autoimmune_3,initial_patient_survey_for_pediatric_patients_018,,text,relative_diagnosis_autoimmune_3,BIOPORTAL:HP,,,,,,,,,,,,
relative_diagnosis_autoimmune_4,initial_patient_survey_for_pediatric_patients_018,,text,relative_diagnosis_autoimmune_4,BIOPORTAL:HP,,,,,,,,,,,,
relative_diagnosis_autoimmune_5,initial_patient_survey_for_pediatric_patients_018,,text,relative_diagnosis_autoimmune_5,BIOPORTAL:HP,,,,,,,,,,,,
relative_diagnosis_autoimmune_6,initial_patient_survey_for_pediatric_patients_018,,text,relative_diagnosis_autoimmune_6,BIOPORTAL:HP,,,,,,,,,,,,
relative_diagnosis_autoimmune_7,initial_patient_survey_for_pediatric_patients_018,,text,relative_diagnosis_autoimmune_7,BIOPORTAL:HP,,,,,,,,,,,,
relative_diagnosis_autoimmune_8,initial_patient_survey_for_pediatric_patients_018,,text,relative_diagnosis_autoimmune_8,BIOPORTAL:HP,,,,,,,,,,,,
age_relative_autoimmune_1,initial_patient_survey_for_pediatric_patients_018,,text,age_relative_autoimmune_1,,,number,,,,,,,,,,
age_relative_autoimmune_2,initial_patient_survey_for_pediatric_patients_018,,text,age_relative_autoimmune_2,,,number,,,,,,,,,,
age_relative_autoimmune_3,initial_patient_survey_for_pediatric_patients_018,,text,age_relative_autoimmune_3,,,number,,,,,,,,,,
age_relative_autoimmune_4,initial_patient_survey_for_pediatric_patients_018,,text,age_relative_autoimmune_4,,,number,,,,,,,,,,
age_relative_autoimmune_5,initial_patient_survey_for_pediatric_patients_018,,text,age_relative_autoimmune_5,,,number,,,,,,,,,,
age_relative_autoimmune_6,initial_patient_survey_for_pediatric_patients_018,,text,age_relative_autoimmune_6,,,number,,,,,,,,,,
age_relative_autoimmune_7,initial_patient_survey_for_pediatric_patients_018,,text,age_relative_autoimmune_7,,,number,,,,,,,,,,
age_relative_autoimmune_8,initial_patient_survey_for_pediatric_patients_018,,text,age_relative_autoimmune_8,,,number,,,,,,,,,,
yes_no_autoimmune_1,initial_patient_survey_for_pediatric_patients_018,,yesno,yes_no_autoimmune_1,,,,,,,,,,,,,
yes_no_autoimmune_2,initial_patient_survey_for_pediatric_patients_018,,yesno,yes_no_autoimmune_2,,,,,,,,,,,,,
yes_no_autoimmune_3,initial_patient_survey_for_pediatric_patients_018,,yesno,yes_no_autoimmune_3,,,,,,,,,,,,,
yes_no_autoimmune_4,initial_patient_survey_for_pediatric_patients_018,,yesno,yes_no_autoimmune_4,,,,,,,,,,,,,
yes_no_autoimmune_5,initial_patient_survey_for_pediatric_patients_018,,yesno,yes_no_autoimmune_5,,,,,,,,,,,,,
yes_no_autoimmune_6,initial_patient_survey_for_pediatric_patients_018,,yesno,yes_no_autoimmune_6,,,,,,,,,,,,,
yes_no_autoimmune_7,initial_patient_survey_for_pediatric_patients_018,,yesno,yes_no_autoimmune_7,,,,,,,,,,,,,
yes_no_autoimmune_8,initial_patient_survey_for_pediatric_patients_018,,yesno,yes_no_autoimmune_8,,,,,,,,,,,,,
malignancy_relative_table,initial_patient_survey_for_pediatric_patients_018,,descriptive,"<div class=""rich-text-field-label""><table style=""border-collapse: collapse; width: 100%; height: 272px;"" border=""1""> <tbody> <tr style=""height: 97px;""> <td style=""width: 22.2515%; height: 97px;"">How is the person biologically related to your child?</td> <td style=""width: 30.8305%; height: 97px;"">Please, type their diagnosis</td> <td style=""width: 25.7367%; height: 97px;"">At what age was the disease diagnosed in the relative (please provide a number)?</td> <td style=""width: 21.1792%; height: 97px;"">Is the relative already listed in the Registry?</td> </tr> <tr style=""height: 25px;""> <td style=""width: 22.2515%; height: 25px;"">{relation_malignancy_1}</td> <td style=""width: 30.8305%; height: 25px;"">{relative_diagnosis_malignancy_1}</td> <td style=""width: 25.7367%; height: 25px;"">{age_relative_malignancy_1}</td> <td style=""width: 21.1792%; height: 25px;"">{yes_no_malignancy_1}</td> </tr> <tr style=""height: 25px;""> <td style=""width: 22.2515%; height: 25px;"">{relation_malignancy_2}</td> <td style=""width: 30.8305%; height: 25px;"">{relative_diagnosis_malignancy_2}</td> <td style=""width: 25.7367%; height: 25px;"">{age_relative_malignancy_2}</td> <td style=""width: 21.1792%; height: 25px;"">{yes_no_malignancy_2}</td> </tr> <tr style=""height: 25px;""> <td style=""width: 22.2515%; height: 25px;"">{relation_malignancy_3}</td> <td style=""width: 30.8305%; height: 25px;"">{relative_diagnosis_malignancy_3}</td> <td style=""width: 25.7367%; height: 25px;"">{age_relative_malignancy_3}</td> <td style=""width: 21.1792%; height: 25px;"">{yes_no_malignancy_3}</td> </tr> <tr style=""height: 25px;""> <td style=""width: 22.2515%; height: 25px;"">{relation_malignancy_4}</td> <td style=""width: 30.8305%; height: 25px;"">{relative_diagnosis_malignancy_4}</td> <td style=""width: 25.7367%; height: 25px;"">{age_relative_malignancy_4}</td> <td style=""width: 21.1792%; height: 25px;"">{yes_no_malignancy_4}</td> </tr> <tr style=""height: 25px;""> <td style=""width: 22.2515%; height: 25px;"">{relation_malignancy_5}</td> <td style=""width: 30.8305%; height: 25px;"">{relative_diagnosis_malignancy_5}</td> <td style=""width: 25.7367%; height: 25px;"">{age_relative_malignancy_5}</td> <td style=""width: 21.1792%; height: 25px;"">{yes_no_malignancy_5}</td> </tr> <tr style=""height: 25px;""> <td style=""width: 22.2515%; height: 25px;"">{relation_malignancy_6}</td> <td style=""width: 30.8305%; height: 25px;"">{relative_diagnosis_malignancy_6}</td> <td style=""width: 25.7367%; height: 25px;"">{age_relative_malignancy_6}</td> <td style=""width: 21.1792%; height: 25px;"">{yes_no_malignancy_6}</td> </tr> <tr> <td style=""width: 22.2515%;"">{relation_malignancy_7}</td> <td style=""width: 30.8305%;"">{relative_diagnosis_malignancy_7}</td> <td style=""width: 25.7367%;"">{age_relative_malignancy_7}</td> <td style=""width: 21.1792%;"">{yes_no_malignancy_7}</td> </tr> <tr> <td style=""width: 22.2515%;"">{relation_malignancy_8}</td> <td style=""width: 30.8305%;"">{relative_diagnosis_malignancy_8}</td> <td style=""width: 25.7367%;"">{age_relative_malignancy_8}</td> <td style=""width: 21.1792%;"">{yes_no_malignancy_8}</td> </tr> </tbody> </table></div>",,,,,,,[family_history_initial_ped(3)] = '1',,,,,,
relation_malignancy_1,initial_patient_survey_for_pediatric_patients_018,,dropdown,relation_malignancy_1,"1, Sibling | 2, Mother | 3, Father | 4, Half-sibling | 5, Aunt | 6, Uncle | 7, Grandparent | 8, Niece or Nephew | 9, First Cousin | 10, Other",,,,,,,,,,,,
relation_malignancy_2,initial_patient_survey_for_pediatric_patients_018,,dropdown,relation_malignancy_2,"1, Sibling | 2, Mother | 3, Father | 4, Half-sibling | 5, Aunt | 6, Uncle | 7, Grandparent | 8, Niece or Nephew | 9, First Cousin | 10, Other",,,,,,,,,,,,
relation_malignancy_3,initial_patient_survey_for_pediatric_patients_018,,dropdown,relation_malignancy_3,"1, Sibling | 2, Mother | 3, Father | 4, Half-sibling | 5, Aunt | 6, Uncle | 7, Grandparent | 8, Niece or Nephew | 9, First Cousin | 10, Other",,,,,,,,,,,,
relation_malignancy_4,initial_patient_survey_for_pediatric_patients_018,,dropdown,relation_malignancy_4,"1, Sibling | 2, Mother | 3, Father | 4, Half-sibling | 5, Aunt | 6, Uncle | 7, Grandparent | 8, Niece or Nephew | 9, First Cousin | 10, Other",,,,,,,,,,,,
relation_malignancy_5,initial_patient_survey_for_pediatric_patients_018,,dropdown,relation_malignancy_5,"1, Sibling | 2, Mother | 3, Father | 4, Half-sibling | 5, Aunt | 6, Uncle | 7, Grandparent | 8, Niece or Nephew | 9, First Cousin | 10, Other",,,,,,,,,,,,
relation_malignancy_6,initial_patient_survey_for_pediatric_patients_018,,dropdown,relation_malignancy_6,"1, Sibling | 2, Mother | 3, Father | 4, Half-sibling | 5, Aunt | 6, Uncle | 7, Grandparent | 8, Niece or Nephew | 9, First Cousin | 10, Other",,,,,,,,,,,,
relation_malignancy_7,initial_patient_survey_for_pediatric_patients_018,,dropdown,relation_malignancy_7,"1, Sibling | 2, Mother | 3, Father | 4, Half-sibling | 5, Aunt | 6, Uncle | 7, Grandparent | 8, Niece or Nephew | 9, First Cousin | 10, Other",,,,,,,,,,,,
relation_malignancy_8,initial_patient_survey_for_pediatric_patients_018,,dropdown,relation_malignancy_8,"1, Sibling | 2, Mother | 3, Father | 4, Half-sibling | 5, Aunt | 6, Uncle | 7, Grandparent | 8, Niece or Nephew | 9, First Cousin | 10, Other",,,,,,,,,,,,
relative_diagnosis_malignancy_1,initial_patient_survey_for_pediatric_patients_018,,text,relative_diagnosis_malignancy_1,BIOPORTAL:HP,,,,,,,,,,,,
relative_diagnosis_malignancy_2,initial_patient_survey_for_pediatric_patients_018,,text,relative_diagnosis_malignancy_2,BIOPORTAL:HP,,,,,,,,,,,,
relative_diagnosis_malignancy_3,initial_patient_survey_for_pediatric_patients_018,,text,relative_diagnosis_malignancy_3,BIOPORTAL:HP,,,,,,,,,,,,
relative_diagnosis_malignancy_4,initial_patient_survey_for_pediatric_patients_018,,text,relative_diagnosis_malignancy_4,BIOPORTAL:HP,,,,,,,,,,,,
relative_diagnosis_malignancy_5,initial_patient_survey_for_pediatric_patients_018,,text,relative_diagnosis_malignancy_5,BIOPORTAL:HP,,,,,,,,,,,,
relative_diagnosis_malignancy_6,initial_patient_survey_for_pediatric_patients_018,,text,relative_diagnosis_malignancy_6,BIOPORTAL:HP,,,,,,,,,,,,
relative_diagnosis_malignancy_7,initial_patient_survey_for_pediatric_patients_018,,text,relative_diagnosis_malignancy_7,BIOPORTAL:HP,,,,,,,,,,,,
relative_diagnosis_malignancy_8,initial_patient_survey_for_pediatric_patients_018,,text,relative_diagnosis_malignancy_8,BIOPORTAL:HP,,,,,,,,,,,,
age_relative_malignancy_1,initial_patient_survey_for_pediatric_patients_018,,text,age_relative_malignancy_1,,,number,,,,,,,,,,
age_relative_malignancy_2,initial_patient_survey_for_pediatric_patients_018,,text,age_relative_malignancy_2,,,number,,,,,,,,,,
age_relative_malignancy_3,initial_patient_survey_for_pediatric_patients_018,,text,age_relative_malignancy_3,,,number,,,,,,,,,,
age_relative_malignancy_4,initial_patient_survey_for_pediatric_patients_018,,text,age_relative_malignancy_4,,,number,,,,,,,,,,
age_relative_malignancy_5,initial_patient_survey_for_pediatric_patients_018,,text,age_relative_malignancy_5,,,number,,,,,,,,,,
age_relative_malignancy_6,initial_patient_survey_for_pediatric_patients_018,,text,age_relative_malignancy_6,,,number,,,,,,,,,,
age_relative_malignancy_7,initial_patient_survey_for_pediatric_patients_018,,text,age_relative_malignancy_7,,,number,,,,,,,,,,
age_relative_malignancy_8,initial_patient_survey_for_pediatric_patients_018,,text,age_relative_malignancy_8,,,number,,,,,,,,,,
yes_no_malignancy_1,initial_patient_survey_for_pediatric_patients_018,,yesno,yes_no_malignancy_1,,,,,,,,,,,,,
yes_no_malignancy_2,initial_patient_survey_for_pediatric_patients_018,,yesno,yes_no_malignancy_2,,,,,,,,,,,,,
yes_no_malignancy_3,initial_patient_survey_for_pediatric_patients_018,,yesno,yes_no_malignancy_3,,,,,,,,,,,,,
yes_no_malignancy_4,initial_patient_survey_for_pediatric_patients_018,,yesno,yes_no_malignancy_4,,,,,,,,,,,,,
yes_no_malignancy_5,initial_patient_survey_for_pediatric_patients_018,,yesno,yes_no_malignancy_5,,,,,,,,,,,,,
yes_no_malignancy_6,initial_patient_survey_for_pediatric_patients_018,,yesno,yes_no_malignancy_6,,,,,,,,,,,,,
yes_no_malignancy_7,initial_patient_survey_for_pediatric_patients_018,,yesno,yes_no_malignancy_7,,,,,,,,,,,,,
yes_no_malignancy_8,initial_patient_survey_for_pediatric_patients_018,,yesno,yes_no_malignancy_8,,,,,,,,,,,,,
allergy_relative_table,initial_patient_survey_for_pediatric_patients_018,,descriptive,"<div class=""rich-text-field-label""><table style=""border-collapse: collapse; width: 100%; height: 321px;"" border=""1""> <tbody> <tr style=""height: 106.422px;""> <td style=""width: 32.7195%; height: 106.422px;"">How is the person biologically related to your child?</td> <td style=""width: 33.0028%; height: 106.422px;"">Please, type their diagnosis</td> <td style=""width: 18.554%; height: 106.422px;"">At what age was the disease diagnosed in the relative (please provide a number)?</td> <td style=""width: 15.7236%; height: 106.422px;"">Is the relative already listed in the Registry?</td> </tr> <tr style=""height: 27.4219px;""> <td style=""width: 32.7195%; height: 27.4219px;"">{relation_allergy_1}</td> <td style=""width: 33.0028%; height: 27.4219px;"">{relative_diagnosis_allergy_1}</td> <td style=""width: 18.554%; height: 27.4219px;"">{age_relative_allergy_1}</td> <td style=""width: 15.7236%; height: 27.4219px;"">{yes_no_allergy_1}</td> </tr> <tr style=""height: 27.4219px;""> <td style=""width: 32.7195%; height: 27.4219px;"">{relation_allergy_2}</td> <td style=""width: 33.0028%; height: 27.4219px;"">{relative_diagnosis_allergy_2}</td> <td style=""width: 18.554%; height: 27.4219px;"">{age_relative_allergy_2}</td> <td style=""width: 15.7236%; height: 27.4219px;"">{yes_no_allergy_2}</td> </tr> <tr style=""height: 27.4219px;""> <td style=""width: 32.7195%; height: 27.4219px;"">{relation_allergy_3}</td> <td style=""width: 33.0028%; height: 27.4219px;"">{relative_diagnosis_allergy_3}</td> <td style=""width: 18.554%; height: 27.4219px;"">{age_relative_allergy_3}</td> <td style=""width: 15.7236%; height: 27.4219px;"">{yes_no_allergy_3}</td> </tr> <tr style=""height: 27.4219px;""> <td style=""width: 32.7195%; height: 27.4219px;"">{relation_allergy_4}</td> <td style=""width: 33.0028%; height: 27.4219px;"">{relative_diagnosis_allergy_4}</td> <td style=""width: 18.554%; height: 27.4219px;"">{age_relative_allergy_4}</td> <td style=""width: 15.7236%; height: 27.4219px;"">{yes_no_allergy_4}</td> </tr> <tr style=""height: 27.4219px;""> <td style=""width: 32.7195%; height: 27.4219px;"">{relation_allergy_5}</td> <td style=""width: 33.0028%; height: 27.4219px;"">{relative_diagnosis_allergy_5}</td> <td style=""width: 18.554%; height: 27.4219px;"">{age_relative_allergy_5}</td> <td style=""width: 15.7236%; height: 27.4219px;"">{yes_no_allergy_5}</td> </tr> <tr style=""height: 27.4688px;""> <td style=""width: 32.7195%; height: 27.4688px;"">{relation_allergy_6}</td> <td style=""width: 33.0028%; height: 27.4688px;"">{relative_diagnosis_allergy_6}</td> <td style=""width: 18.554%; height: 27.4688px;"">{age_relative_allergy_6}</td> <td style=""width: 15.7236%; height: 27.4688px;"">{yes_no_allergy_6}</td> </tr> <tr style=""height: 25px;""> <td style=""width: 32.7195%; height: 25px;"">{relation_allergy_7}</td> <td style=""width: 33.0028%; height: 25px;"">{relative_diagnosis_allergy_7}</td> <td style=""width: 18.554%; height: 25px;"">{age_relative_allergy_7}</td> <td style=""width: 15.7236%; height: 25px;"">{yes_no_allergy_7}</td> </tr> <tr style=""height: 25px;""> <td style=""width: 32.7195%; height: 25px;"">{relation_allergy_8}</td> <td style=""width: 33.0028%; height: 25px;"">{relative_diagnosis_allergy_8}</td> <td style=""width: 18.554%; height: 25px;"">{age_relative_allergy_8}</td> <td style=""width: 15.7236%; height: 25px;"">{yes_no_allergy_8}</td> </tr> </tbody> </table></div>",,,,,,,[family_history_initial_ped(4)] = '1',,,,,,
relation_allergy_1,initial_patient_survey_for_pediatric_patients_018,,dropdown,relation_allergy_1,"1, Sibling | 2, Mother | 3, Father | 4, Half-sibling | 5, Aunt | 6, Uncle | 7, Grandparent | 8, Niece or Nephew | 9, First Cousin | 10, Other",,,,,,,,,,,,
relation_allergy_2,initial_patient_survey_for_pediatric_patients_018,,dropdown,relation_allergy_2,"1, Sibling | 2, Mother | 3, Father | 4, Half-sibling | 5, Aunt | 6, Uncle | 7, Grandparent | 8, Niece or Nephew | 9, First Cousin | 10, Other",,,,,,,,,,,,
relation_allergy_3,initial_patient_survey_for_pediatric_patients_018,,dropdown,relation_allergy_3,"1, Sibling | 2, Mother | 3, Father | 4, Half-sibling | 5, Aunt | 6, Uncle | 7, Grandparent | 8, Niece or Nephew | 9, First Cousin | 10, Other",,,,,,,,,,,,
relation_allergy_4,initial_patient_survey_for_pediatric_patients_018,,dropdown,relation_allergy_4,"1, Sibling | 2, Mother | 3, Father | 4, Half-sibling | 5, Aunt | 6, Uncle | 7, Grandparent | 8, Niece or Nephew | 9, First Cousin | 10, Other",,,,,,,,,,,,
relation_allergy_5,initial_patient_survey_for_pediatric_patients_018,,dropdown,relation_allergy_5,"1, Sibling | 2, Mother | 3, Father | 4, Half-sibling | 5, Aunt | 6, Uncle | 7, Grandparent | 8, Niece or Nephew | 9, First Cousin | 10, Other",,,,,,,,,,,,
relation_allergy_6,initial_patient_survey_for_pediatric_patients_018,,dropdown,relation_allergy_6,"1, Sibling | 2, Mother | 3, Father | 4, Half-sibling | 5, Aunt | 6, Uncle | 7, Grandparent | 8, Niece or Nephew | 9, First Cousin | 10, Other",,,,,,,,,,,,
relation_allergy_7,initial_patient_survey_for_pediatric_patients_018,,dropdown,relation_allergy_7,"1, Sibling | 2, Mother | 3, Father | 4, Half-sibling | 5, Aunt | 6, Uncle | 7, Grandparent | 8, Niece or Nephew | 9, First Cousin | 10, Other",,,,,,,,,,,,
relation_allergy_8,initial_patient_survey_for_pediatric_patients_018,,dropdown,relation_allergy_8,"1, Sibling | 2, Mother | 3, Father | 4, Half-sibling | 5, Aunt | 6, Uncle | 7, Grandparent | 8, Niece or Nephew | 9, First Cousin | 10, Other",,,,,,,,,,,,
relative_diagnosis_allergy_1,initial_patient_survey_for_pediatric_patients_018,,text,relative_diagnosis_allergy_1,BIOPORTAL:HP,,,,,,,,,,,,
relative_diagnosis_allergy_2,initial_patient_survey_for_pediatric_patients_018,,text,relative_diagnosis_allergy_2,BIOPORTAL:HP,,,,,,,,,,,,
relative_diagnosis_allergy_3,initial_patient_survey_for_pediatric_patients_018,,text,relative_diagnosis_allergy_3,BIOPORTAL:HP,,,,,,,,,,,,
relative_diagnosis_allergy_4,initial_patient_survey_for_pediatric_patients_018,,text,relative_diagnosis_allergy_4,BIOPORTAL:HP,,,,,,,,,,,,
relative_diagnosis_allergy_5,initial_patient_survey_for_pediatric_patients_018,,text,relative_diagnosis_allergy_5,BIOPORTAL:HP,,,,,,,,,,,,
relative_diagnosis_allergy_6,initial_patient_survey_for_pediatric_patients_018,,text,relative_diagnosis_allergy_6,BIOPORTAL:HP,,,,,,,,,,,,
relative_diagnosis_allergy_7,initial_patient_survey_for_pediatric_patients_018,,text,relative_diagnosis_allergy_7,BIOPORTAL:HP,,,,,,,,,,,,
relative_diagnosis_allergy_8,initial_patient_survey_for_pediatric_patients_018,,text,relative_diagnosis_allergy_8,BIOPORTAL:HP,,,,,,,,,,,,
age_relative_allergy_1,initial_patient_survey_for_pediatric_patients_018,,text,age_relative_allergy_1,,,number,,,,,,,,,,
age_relative_allergy_2,initial_patient_survey_for_pediatric_patients_018,,text,age_relative_allergy_2,,,number,,,,,,,,,,
age_relative_allergy_3,initial_patient_survey_for_pediatric_patients_018,,text,age_relative_allergy_3,,,number,,,,,,,,,,
age_relative_allergy_4,initial_patient_survey_for_pediatric_patients_018,,text,age_relative_allergy_4,,,number,,,,,,,,,,
age_relative_allergy_5,initial_patient_survey_for_pediatric_patients_018,,text,age_relative_allergy_5,,,number,,,,,,,,,,
age_relative_allergy_6,initial_patient_survey_for_pediatric_patients_018,,text,age_relative_allergy_6,,,number,,,,,,,,,,
age_relative_allergy_7,initial_patient_survey_for_pediatric_patients_018,,text,age_relative_allergy_7,,,number,,,,,,,,,,
age_relative_allergy_8,initial_patient_survey_for_pediatric_patients_018,,text,age_relative_allergy_8,,,number,,,,,,,,,,
yes_no_allergy_1,initial_patient_survey_for_pediatric_patients_018,,yesno,yes_no_allergy_1,,,,,,,,,,,,,
yes_no_allergy_2,initial_patient_survey_for_pediatric_patients_018,,yesno,yes_no_allergy_2,,,,,,,,,,,,,
yes_no_allergy_3,initial_patient_survey_for_pediatric_patients_018,,yesno,yes_no_allergy_3,,,,,,,,,,,,,
yes_no_allergy_4,initial_patient_survey_for_pediatric_patients_018,,yesno,yes_no_allergy_4,,,,,,,,,,,,,
yes_no_allergy_5,initial_patient_survey_for_pediatric_patients_018,,yesno,yes_no_allergy_5,,,,,,,,,,,,,
yes_no_allergy_6,initial_patient_survey_for_pediatric_patients_018,,yesno,yes_no_allergy_6,,,,,,,,,,,,,
yes_no_allergy_7,initial_patient_survey_for_pediatric_patients_018,,yesno,yes_no_allergy_7,,,,,,,,,,,,,
yes_no_allergy_8,initial_patient_survey_for_pediatric_patients_018,,yesno,yes_no_allergy_8,,,,,,,,,,,,,
damage_peds_initial,initial_patient_survey_for_pediatric_patients_018,,checkbox,"<div class=""rich-text-field-label""><p>Currently, does your child suffer any long-lasting problem or loss related to....? <span style=""text-decoration: underline;""><span style=""color: #000000; text-decoration: underline;"">CHOOSE all that apply.</span></span></p></div>","1, Digestive function | 2, Hearing | 3, Kidney function | 4, Liver function | 5, Lung function | 6, Mobility | 7, Neurological function | 8, Vision | 99, Other - Please specify: {damage_specify_initial_ped} | 0, No long-lasting loss",,,,,,,,,,,,@NONEOFTHEABOVE=0
damage_specify_initial_ped,initial_patient_survey_for_pediatric_patients_018,,text,Specify other damage,BIOPORTAL:HP,,,,,,[damage_peds_initial(99)]=1,,,,,,
child_disability_initial_ped,initial_patient_survey_for_pediatric_patients_018,,radio,Does your child have any significant disability(ies),"1, Yes | 0, No | 2, Unknown",,,,,,,,,,,,
onset_disability_child,initial_patient_survey_for_pediatric_patients_018,,descriptive,"When did the disability(ies) begin?
Month{disabilitystmonth} Year{disabilitystyear}",,,,,,,,,,,,,
disabilitystmonth,initial_patient_survey_for_pediatric_patients_018,,dropdown,Month,"01, January | 02, February | 03, March | 04, April | 05, May | 06, June | 07, July | 08, August | 09, September | 10, October | 11, November | 12, December",,,,,,,,,,,,
disabilitystyear,initial_patient_survey_for_pediatric_patients_018,,text,Year,,,integer,1900,2030,,,,,,,,
child_disabilities,initial_patient_survey_for_pediatric_patients_018,,text,Please specify your child's disability(ies),,,,,,,[child_disability_initial_ped] = '1',,,,,,
help_manage,initial_patient_survey_for_pediatric_patients_018,,notes,"What, if any, supports or resources do you feel your child needs to help them manage or improve their quality of life? (For example pain management, mental health, movement, etc.)? ",,,,,,,,,,,,,
current_treatment_peds_initial,initial_patient_survey_for_pediatric_patients_018,About Your Child's Treatment,radio,What is your child currently being treated with?,"1, Subcutaneous Immunoglobulin (SCIG) | 2, Intravenous Immunoglobulin (IVIG) | 3, Neither SCIG or IVIG",,,,,,,,,,,,
scig_dose_peds_initial,initial_patient_survey_for_pediatric_patients_018,,text,What is your child's dose of Subcutaneous Immunoglobulin (SCIG) in g/kg?,,,number,,,,[current_treatment_peds_initial] = '1',,,,,,
scig_per_month_initial_ped,initial_patient_survey_for_pediatric_patients_018,,text,How many times a month does your child receive SCIG?,,,number,0,50,,[current_treatment_peds_initial] = '1',,,,,,
therapy_switch,initial_patient_survey_for_pediatric_patients_018,,yesno,Did your child switch from Intravenous Immunoglobulin (IVIG) to Subcutaneous Immunoglobulin (SCIG)?,,,,,,,[current_treatment_peds_initial]=1,,,,,,
ivig_switch_scig_initial_ped,initial_patient_survey_for_pediatric_patients_018,,checkbox,Why did your child switch from IVIG to SCIG?,"1, Caused me to take too much time off work/school | 2, Trouble accessing veins | 3, IVIG decreased my independence | 4, Side-effects of IVIG | 5, Took too long to travel to appointments | 6, Inability to travel for long periods of time | 99, Other - Please specify: {switch_initial_peds}",,,,,,[therapy_switch]=1,,,,,,
over_ig_switch_initial_peds,initial_patient_survey_for_pediatric_patients_018,,text,Other reason switching from IVIG to SCIG,,,,,,,[ivig_switch_scig_initial_ped(99)]=1,,,,,,
adverse_rxn_scig_ped_initial,initial_patient_survey_for_pediatric_patients_018,,checkbox,"Over the PAST 6 to 12 MONTHS, did your child experience any of the following reactions while taking or after SCIG therapy? Please select all that apply:","1, Abdominal pain | 2, Anxiety | 3, Chills | 4, Diarrhea | 5, Dizziness | 6, Fatigue | 7, Fever | 8, Headache | 9, Hepatitis | 10, Hives | 11, Increased blood pressure | 12, Drop in blood pressure | 13, Muscle spasms or aches | 14, Nausea | 15, Kidney problems | 16, Vomiting | 17, Weakness | 18, Wheezing | 99, Other {other_scig_effects_initial_ped} | 0, None",,,,,,[current_treatment_peds_initial] = '1',,,,,,@NONEOFTHEABOVE=0
other_scig_effects_initial_ped,initial_patient_survey_for_pediatric_patients_018,,text,Please indicate other symptoms after SCIG,,,,,,,[adverse_rxn_scig_ped_initial(99)]=1,,,,,,
proph_before_scig_peds_initial,initial_patient_survey_for_pediatric_patients_018,,checkbox,Which of the following medications did your child take prior to SCIG therapy?,"1, Antihistamine (for example Benadryl or Reactine) - every infusion | 2, Antihistamine - sometimes | 3, Steroid (for example Dexamethasone or Hydrocortisone) - every infusion | 4, Steroid - sometimes | 99, Other - Please specify: {proph_initial_peds} | 0, None",,,,,,[current_treatment_peds_initial] = '1',,,,,,@NONEOFTHEABOVE=0
proph_initial_peds,initial_patient_survey_for_pediatric_patients_018,,text,Other preparation medication for SCIG,,,,,,,[proph_before_scig_peds_initial(99)]=1,,,,,,
time_scig_peds_initial,initial_patient_survey_for_pediatric_patients_018,,radio,"Approximately, how long does it take your child to prepare and complete their SCIG infusion?","1, 30 minutes or less | 2, 45 minutes | 3, 1 hour | 4, 1.5 hours | 5, More than 1.5 hours",,,,,,[current_treatment_peds_initial] = '1',,,,,,
qol_scig_peds_initial,initial_patient_survey_for_pediatric_patients_018,,checkbox,In what ways has being on the Subcutaneous Immunoglobulin (SCIG) Home Infusion program improved your child's quality of life? Please check all that apply:,"1, Control of my own schedule | 2, Flexible infusion times | 3, Fewer medical appointments | 4, Able to work | 5, Able to travel | 6, Able to attend education/study | 7, Feeling of wellness | 8, Less symptoms and side effects post infusion | 99, Other - Please specify: {other_qol_scig_initial}",,,,,,[current_treatment_peds_initial] = '1',,,,,,
other_qol_scig_initial,initial_patient_survey_for_pediatric_patients_018,,text,Other ways on how SCIG improved your child's quality of life,,,,,,,[qol_scig_peds_initial(99)]=1,,,,,,
wellbeing_scig_ped_initial,initial_patient_survey_for_pediatric_patients_018,,radio,How would you rate your child's overall health/well-being while taking subcutaneous immunoglobulin (SCIG)?,"1, Excellent | 2, Very Good | 3, Average | 4, Poor | 5, Very Poor",,,,,,[current_treatment_peds_initial] = '1',,,,,,
scig_help_initial_peds,initial_patient_survey_for_pediatric_patients_018,,radio,Is there anything with your child's Subcutaneous Immunoglobulin (SCIG) treatment that they need help with?,"0, No | 1, Yes - Please specify: {help_initial_scig_peds}",,,,,,[current_treatment_peds_initial] = '1',,,,,,
help_initial_scig_peds,initial_patient_survey_for_pediatric_patients_018,,text,Any help for a child on SCIG,,,,,,,,,,,,,
ivig_dose_initial_peds,initial_patient_survey_for_pediatric_patients_018,,text,What is your child's dose of Intravenous Immunoglobulin (IVIG) in g/kg?,,,number,,,,[current_treatment_peds_initial] = '2',,,,,,
ivig_per_month_ped_initial,initial_patient_survey_for_pediatric_patients_018,,text,How many times per month does your child receive IVIG?,,,number,0,50,,[current_treatment_peds_initial] = '2',,,,,,
time_off_ivig_initial_peds,initial_patient_survey_for_pediatric_patients_018,,yesno,Did your child or their support person need to take time off from school or work for them to get their immunoglobulin therapy?,,,,,,,[current_treatment_peds_initial] = '2',,,,,,
reaction_ivig_results,initial_patient_survey_for_pediatric_patients_018,,yesno,Has your child or their support person missed school or work because of their reaction to IVIG therapy?,,,,,,,[current_treatment_peds_initial] = '2',,,,,,
adverse_rxn_ivig_peds_initial,initial_patient_survey_for_pediatric_patients_018,,checkbox,"During the past 6 to 12 months, did your child experience any of the following reaction during or after IVIG therapy? Please choose all that apply:","1, Abdominal pain | 2, Anxiety | 3, Chills | 4, Diarrhea | 5, Dizziness | 6, Fatigue | 7, Fever | 8, Headache | 9, Hepatitis | 10, Hives | 11, Increased blood pressure | 12, Drop in blood pressure | 13, Muscle spasms or aches | 14, Nausea | 15, Kidney problems | 16, Vomiting | 17, Weakness | 18, Wheezing | 99, Other {other_effects_ivig_initial_ped} | 20, None",,,,,,[current_treatment_peds_initial] = '2',,,,,,@NONEOFTHEABOVE=20
other_effects_ivig_initial_ped,initial_patient_survey_for_pediatric_patients_018,,text,Other symptoms of child on IVIG,,,,,,,[adverse_rxn_ivig_peds_initial(99)]=1,,,,,,
wellbeing_ivig_peds_initial,initial_patient_survey_for_pediatric_patients_018,,checkbox,How would you rate your child's overall health/well-being while taking IVIG?,"1, Excellent | 2, Very Good | 3, Average | 4, Poor | 5, Very Poor",,,,,,[current_treatment_peds_initial] = '2',,,,,,
prophylactic_ivig_peds_initial,initial_patient_survey_for_pediatric_patients_018,,checkbox,Did your child take any of the following medications before IVIG therapy?,"1, Antihistamine (for example Benadryl or Reactine) - every infusion | 2, Antihistamine - sometimes | 3, Steroid (for example Dexamethasone or Hydrocortisone) - every infusion | 4, Steroid - sometimes | 99, Other - Please specify {other_proph_before_ivig_initial_peds} | 0, None",,,,,,[current_treatment_peds_initial] = '2',,,,,,@NONEOFTHEABOVE=0
other_proph_before_ivig_initial_peds,initial_patient_survey_for_pediatric_patients_018,,text,Other preparation Medications before IVIG,,,,,,,[prophylactic_ivig_peds_initial(99)]=1,,,,,,
help_ivig_initial,initial_patient_survey_for_pediatric_patients_018,,radio,Is there anything with your child's IVIG treatment that they need help with?,"0, No | 1, Yes - Please specify: {help_ivig_peds_initial}",,,,,,[current_treatment_peds_initial] = '2',,,,,,
help_ivig_peds_initial,initial_patient_survey_for_pediatric_patients_018,,text,Any help for a child on IVIG?,,,,,,,,,,,,,
other_treatment_initial_ped,initial_patient_survey_for_pediatric_patients_018,,checkbox,Has your child received any of the following treatments to manage their primary immunodeficiency in the past year? (Select all that apply):,"1, Chiropractic treatment | 2, Massage | 3, Acupuncture | 4, Herbal remedies | 5, Homeopathic remedies | 99, Other - {another_treatment_ped_initial} | 0, None",,,,,,,,,,,,@NONEOFTHEABOVE=0
another_treatment_ped_initial,initial_patient_survey_for_pediatric_patients_018,,text,specify other treatment,,,,,,,[other_treatment_initial_ped(99)]=1,,,,,,
otc_medx_initial_ped,initial_patient_survey_for_pediatric_patients_018,,notes,"Please enter all current probiotics, supplements and over the counter medications that your child is taking",,,,,,,,,,,,,
edu_support_ped_initial,initial_patient_survey_for_pediatric_patients_018,,checkbox,What type of therapy/educational support has your child received in the last year?,"1, Individualized Educational Plan | 2, Mental health services | 3, Occupational therapy | 4, Physical therapy | 5, Speech therapy | 99, Other {other_support_initial_ped} | 0, None",,,,,,,,,,,,@NONEOFTHEABOVE=0
other_support_initial_ped,initial_patient_survey_for_pediatric_patients_018,,text,What other therapy support did your child receive?,,,,,,,[edu_support_ped_initial(99)]=1,,,,,,
other_mental_support_initial_ped,initial_patient_survey_for_pediatric_patients_018,,checkbox,"Please, clarify the type of mental health support","1, Counselling services via Medical Clinic | 2, Counselling services via Family Physician | 3, Counselling service via Pediatrician | 4, Private type of counselling service | 5, Group therapy services | 6, Virtual counselling service | 99, Other {other_mental_tx_initial_ped}",,,,,,[edu_support_ped_initial(2)] = '1',,,,,,
other_mental_tx_initial_ped,initial_patient_survey_for_pediatric_patients_018,,text,Other mental health service received,,,,,,,[other_mental_support_initial_ped(99)]=1,,,,,,
completion_initial_peds,initial_patient_survey_for_pediatric_patients_to_b,,text,Date of completing form.,,,date_dmy,,,,,,,,,,
health_initial_peds_patient,initial_patient_survey_for_pediatric_patients_to_b,Please respond to each question or statement by marking one box per row.,radio,"In general, would you say your health is:","1, Excellent | 2, Very Good | 3, Good | 4, Fair | 5, Poor",,,,,,,,,,qol1_initial_peds_patient,,
qol_initial_peds_patient,initial_patient_survey_for_pediatric_patients_to_b,,radio,"In general, would you say your quality of life is:","1, Excellent | 2, Very Good | 3, Good | 4, Fair | 5, Poor",,,,,,,,,,qol1_initial_peds_patient,,
physical_initial_ped_patient,initial_patient_survey_for_pediatric_patients_to_b,,radio,"In general, how would you rate your physical health?","1, Excellent | 2, Very Good | 3, Good | 4, Fair | 5, Poor",,,,,,,,,,qol1_initial_peds_patient,,
mental_initial_peds_patient,initial_patient_survey_for_pediatric_patients_to_b,,radio,"In general, how would you rate your mental health, including your mood and your ability to think?","1, Excellent | 2, Very Good | 3, Good | 4, Fair | 5, Poor",,,,,,,,,,qol1_initial_peds_patient,,
sad_initial_peds_patient,initial_patient_survey_for_pediatric_patients_to_b,,radio,How often do you feel really sad?,"1, Never | 2, Rarely | 3, Sometimes | 4, Often | 5, Always",,,,,,,,,,qol2_initial_peds_patient,,
friends_initial_peds_patient,initial_patient_survey_for_pediatric_patients_to_b,,radio,How often do you have fun with friends?,"1, Always | 2, Often | 3, Sometimes | 4, Rarely | 5, Never",,,,,,,,,,qol3_initial_peds_patient,,
ideas_initial_peds_patient,initial_patient_survey_for_pediatric_patients_to_b,,radio,How often do your parents listen to your ideas?,"1, Always | 2, Often | 3, Sometimes | 4, Rarely | 5, Never",,,,,,,,,,qol3_initial_peds_patient,,
tired_initial_peds_patient,initial_patient_survey_for_pediatric_patients_to_b,In the past 7 days...,radio,I got tired easily,"1, Never | 2, Almost Never | 3, Sometimes | 4, Often | 5, Almost Always",,,,,,,,,,qol4_initial_peds_patient,,
sleep_initial_peds_patient,initial_patient_survey_for_pediatric_patients_to_b,,radio,I had trouble sleeping when I had pain,"1, Never | 2, Almost Never | 3, Sometimes | 4, Often | 5, Almost Always",,,,,,,,,,qol4_initial_peds_patient,,
record_id_peds_annual,annual_survey_for_pediatric_patients_018_yo_to_be,"This form is to be completed on behalf of a child by a parent, guardian or specified ""other"".",text,Study ID:,,,,,,,,,,,,,
province_peds_annual,annual_survey_for_pediatric_patients_018_yo_to_be,,dropdown,Please indicate your province,"1, Alberta | 2, British Columbia | 3, Manitoba | 4, New Brunswick | 5, Newfoundland and Labrador | 6, Northwest Territories | 7, Nova Scotia | 8, Nunavut | 9, Ontario | 10, Prince Edward Island | 11, Quebec | 12, Saskatchewan | 13, Yukon",,,,,,,,,,,,
date_peds_annual,annual_survey_for_pediatric_patients_018_yo_to_be,,text,Date of completing form:,,,date_dmy,,,,,,,,,,
person_annual_ped_form,annual_survey_for_pediatric_patients_018_yo_to_be,,radio,"Who is completing this form on behalf of the child?
","1, Mother | 2, Father | 3, Guardian | 99, Other, please specify {other_relation_peds_annual}",,,,,,,,,,,,
other_relation_peds_annual,annual_survey_for_pediatric_patients_018_yo_to_be,,text,Please specify your relationship to the child.,,,,,,,[person_annual_ped_form]=99,,,,,,
where_child_seen_alberta,annual_survey_for_pediatric_patients_018_yo_to_be,Questions About Your Child,radio,"Is your child being seen in (for Alberta patients only):
","1, Collaborative Immunohematology Clinic at the Alberta Children's Hospital | 2, Subcutaneous Immunoglobulin (SCIg) Home Infusion Program | 3, Both",,,,,,[province_peds_annual]=1,,,,,,
immun_program_length,annual_survey_for_pediatric_patients_018_yo_to_be,,radio,How long has your child been in the Immunology Program?,"1, Up to 3 months | 2, Between 3 to 6 months | 3, Between 6 to 12 months | 4, Between 12 to 24 months | 5, More than 24 months",,,,,,,,,,,,
patient_birthdate_annual,annual_survey_for_pediatric_patients_018_yo_to_be,,descriptive,"What is your child's birth date?
Month{month_select1} Year {patient_age_peds_annual}",,,,,,,,,,,,,
patient_age_peds_annual,annual_survey_for_pediatric_patients_018_yo_to_be,,text,Year,,,integer,1900,2030,,,,,,,,
month_select1,annual_survey_for_pediatric_patients_018_yo_to_be,,dropdown,Month,"01, January | 02, February | 03, March | 04, April | 05, May | 06, June | 07, July | 08, August | 09, September | 10, October | 11, November | 12, December",,,,,,,,,,,,
drug_allergies_peds_annual,annual_survey_for_pediatric_patients_018_yo_to_be,,yesno,Does your child have any new drug allergies?,,,,,,,,,,,,,
envir_allergens_peds_ann,annual_survey_for_pediatric_patients_018_yo_to_be,,radio,"Does your child have any new environmental allergies? (cat, dog, dust mites, tree pollen, weeds pollen, grass pollen, mold, etc.). ","1, Yes | 0, No",,,,,,,,,,,,
food_allergies_peds_ann,annual_survey_for_pediatric_patients_018_yo_to_be,,radio,"Does your child have any new food allergies? (Egg whites, peanuts, tree nuts, egg yolk, milk, wheat etc.)","1, Yes | 0, No",,,,,,,,,,,,
other_allergy_peds_ann,annual_survey_for_pediatric_patients_018_yo_to_be,,radio,"Does  your child have any new allergies to anything other than drugs, environmental allergens, or foods?","1, Yes - Please specify: {other_allerg_yes_peds_ann} | 2, No",,,,,,,,,,,,
other_allerg_yes_peds_ann,annual_survey_for_pediatric_patients_018_yo_to_be,,text,Other type of allergy,,,,,,,[other_allergy_peds_ann]=1,,,,,,
infections_child_peds_ann,annual_survey_for_pediatric_patients_018_yo_to_be,,checkbox,"<div class=""rich-text-field-label""><p>Has your child had any infections in the last year? CHOOSE <span style=""text-decoration: underline;"">all that apply.</span></p></div>","1, Abscess (e.g.: a painful pocket of pus; may be below the skin or in body organs) | 2, Diarrhea (e.g.: very loose, watery stool or bowel movements) | 12, Chronic diarrhea (e.g.: very loose, watery stool or bowel movements three or more times in 24 hours and lasting longer than four weeks) | 3, Ear (e.g.: pain, pressure, and/or drainage of pus from inside the ear) | 4, Eye (e.g.: pain, redness, and/or drainage of pus from eye) | 5, Pneumonia or other lung infections (e.g.: severe infection of one or both lungs) | 6, Sinus (e.g.: pain, pressure, and/or drainage of pus in the nasal cavities or nose) | 7, Skin (e.g.: pain, redness, swelling, and/or drainage of pus on or under skin) | 8, Urinary Tract Infection (e.g.:  a bacterial infection of the urinary tract; burning urination/strong urge to urinate) | 9, Yeast infection (e.g.: an infection caused by fungus; may be painful, red, itchy, or include white patches; found on skin, in mouth, in vagina, etc.) | 11, Sepsis (e.g.: an infection of blood, or blood 'poisoning') | 99, Other {other_infection_peds_ann} | 0, No infections",,,,,,,,,,,,@NONEOFTHEABOVE=0
chronic_dia_peds_ann,annual_survey_for_pediatric_patients_018_yo_to_be,,text,How many times has your child had chronic diarrhea in the past year?,,,number,0,100,,[infections_child_peds_ann(12)]=1,,,,,,
sepsis_peds_annual,annual_survey_for_pediatric_patients_018_yo_to_be,,text,How many times has your child had sepsis in the past year?,,,number,0,100,,[infections_child_peds_ann(11)]=1,,,,,,
otits_peds_annual,annual_survey_for_pediatric_patients_018_yo_to_be,,text,How many times has your child had ear infections in the past year?,,,integer,0,100,,[infections_child_peds_ann(3)] = '1',,,,,,
sinus_infection_peds_ann,annual_survey_for_pediatric_patients_018_yo_to_be,,text,How many times has your child had a sinus infection in the past year?,,,integer,0,100,,[infections_child_peds_ann(6)] = '1',,,,,,
skin_peds_annual,annual_survey_for_pediatric_patients_018_yo_to_be,,text,How many times has your child had a skin infection in the past year?,,,integer,0,100,,[infections_child_peds_ann(7)] = '1',,,,,,
uti_peds_annual,annual_survey_for_pediatric_patients_018_yo_to_be,,text,How many times has your child had a Urinary Tract Infection in the past year?,,,integer,0,100,,[infections_child_peds_ann(8)] = '1',,,,,,
eye_infect_peds_annual,annual_survey_for_pediatric_patients_018_yo_to_be,,text,How many times has your child had an eye infection in the past year?,,,number,0,100,,[infections_child_peds_ann(4)] = '1',,,,,,
pneumonia_peds_annual,annual_survey_for_pediatric_patients_018_yo_to_be,,text,How many times has your child had pneumonia or other lung infections in the past year?,,,number,0,100,,[infections_child_peds_ann(5)] = '1',,,,,,
diarrhea_peds_annual,annual_survey_for_pediatric_patients_018_yo_to_be,,text,How many times has your child had diarrhea in the past year?,,,number,0,100,,[infections_child_peds_ann(2)] = '1',,,,,,
yeast_peds_annual,annual_survey_for_pediatric_patients_018_yo_to_be,,text,How many times has your child had a yeast infection in the past year?,,,number,0,100,,[infections_child_peds_ann(9)] = '1',,,,,,
yeast_location_peds_ann,annual_survey_for_pediatric_patients_018_yo_to_be,,text,"Where did your child have a yeast infection (ex: skin, mouth, vagina, etc)?",,,,,,,[infections_child_peds_ann(9)] = '1',,,,,,
abscess_peds_annual,annual_survey_for_pediatric_patients_018_yo_to_be,,text,How many times has your child had an abscess in the past year?,,,number,0,100,,[infections_child_peds_ann(1)] = '1',,,,,,
other_infection_peds_ann,annual_survey_for_pediatric_patients_018_yo_to_be,,text,Other infection?,,,,,,,[infections_child_peds_ann(99)]=1,,,,,,
times_other_inf_peds_ann,annual_survey_for_pediatric_patients_018_yo_to_be,,text,How many times has your child had this other type of infection this past year?,,,number,0,100,,[infections_child_peds_ann(99)] = '1',,,,,,
pt_admissions_annual_ped,annual_survey_for_pediatric_patients_018_yo_to_be,,yesno,Has your child been hospitalized for any of the above infections in the past year?,,,,,,,[infections_child_peds_ann(1)]=1 or [infections_child_peds_ann(2)]=1 or [infections_child_peds_ann(3)]=1 or [infections_child_peds_ann(4)]=1 or [infections_child_peds_ann(5)]=1 or [infections_child_peds_ann(6)]=1 or [infections_child_peds_ann(7)]=1 or [infections_child_peds_ann(8)]=1 or [infections_child_peds_ann(9)]=1 or [infections_child_peds_ann(99)]=1 or [infections_child_peds_ann(11)]=1 or [infections_child_peds_ann(12)]=1,,,,,,
times_admission_peds_ann,annual_survey_for_pediatric_patients_018_yo_to_be,,text,How many times?,,,number,0,100,,[pt_admissions_annual_ped] = '1',,,,,,
antibiotics_peds_annual,annual_survey_for_pediatric_patients_018_yo_to_be,,yesno,Has your child been prescribed antibiotics in the past year?,,,,,,,,,,,,,
antibiotic_more_2wk_peds_ann,annual_survey_for_pediatric_patients_018_yo_to_be,,yesno,Was your child on antibiotics for longer than 2 weeks?,,,,,,,[antibiotics_peds_annual] = '1',,,,,,
child_function_peds_annual,annual_survey_for_pediatric_patients_018_yo_to_be,Your Child's Experiences and Quality of Life,radio,"On average, how would you rate your child's level of functioning over the past year?","1, 100% - Fully active child, normal performance | 2, 90% - My child has minor restrictions with strenuous/intensive physical activity | 3, 80% - Active child, but gets tired more quickly | 4, 70% - My child has greater restrictions in active play, and less time spent in active play | 5, 60% - My child is up and around, but has minimal active play, and keeps busy with quieter activity | 6, 50% - My child lies around much of the day, but gets dressed. Participates in all quiet play and activities, not active play | 7, 40% - My child is mostly in bed, and participates in quiet activities | 8, 30% - My child stays in bed, and needs help even for quiet activities | 9, 20% - My child is often sleeping: play is entirely limited to passive activities | 10, 10% - My child does not get out of bed and does not play",,,,,,,,,,,,
child_health_peds_annual,annual_survey_for_pediatric_patients_018_yo_to_be,"
Please respond to each question or statement by marking one circle per row. 
",radio,"In general, would you say your child's health is:","1, Excellent | 2, Very Good | 3, Good | 4, Fair | 5, Poor",,,,,,,,,,global_qol_peds_annual_1,,
qol_peds_annual,annual_survey_for_pediatric_patients_018_yo_to_be,,radio,"In general, would you say your child's quality of life is:","1, Excellent | 2, Very Good | 3, Good | 4, Fair | 5, Poor",,,,,,,,,,global_qol_peds_annual_1,,
physical_peds_annual,annual_survey_for_pediatric_patients_018_yo_to_be,,radio,"In general, how would you rate your child's physical health?","1, Excellent | 2, Very Good | 3, Good | 4, Fair | 5, Poor",,,,,,,,,,global_qol_peds_annual_1,,
mental_peds_annual,annual_survey_for_pediatric_patients_018_yo_to_be,,radio,"In general, how would you rate your child's mental health, including mood and ability to think:","1, Excellent | 2, Very Good | 3, Good | 4, Fair | 5, Poor",,,,,,,,,,global_qol_peds_annual_1,,
sad_peds_annual,annual_survey_for_pediatric_patients_018_yo_to_be,,radio,How often does the child feel really sad?,"1, Never | 2, Rarely | 3, Sometimes | 4, Often | 5, Always",,,,,,,,,,global_qol_peds_annual_2,,
fun_friends_peds_annual,annual_survey_for_pediatric_patients_018_yo_to_be,,radio,How often does your child have fun with friends?,"1, Always | 2, Often | 3, Sometimes | 4, Rarely | 5, Never",,,,,,,,,,global_qol_peds_annual_3,,
listen_ideas_peds_annual,annual_survey_for_pediatric_patients_018_yo_to_be,,radio,How often does your child feel that you listen to his or her ideas?,"1, Always | 2, Often | 3, Sometimes | 4, Rarely | 5, Never",,,,,,,,,,global_qol_peds_annual_3,,
tired_easily_peds_annual,annual_survey_for_pediatric_patients_018_yo_to_be,,radio,"In the past 7 days, your child got tired easily:","1, Never | 2, Almost never | 3, Sometimes | 4, Often | 5, Almost always",,,,,,,,,,global_qol_peds_annual_4,,
sleep_pain_peds_annual,annual_survey_for_pediatric_patients_018_yo_to_be,,radio,"In the past 7 days, your child had trouble sleeping when he/she had pain:","1, Never | 2, Almost never | 3, Sometimes | 4, Often | 5, Almost always",,,,,,,,,,global_qol_peds_annual_4,,
long_lasting_damage_ped_ann,annual_survey_for_pediatric_patients_018_yo_to_be,,checkbox,"<div class=""rich-text-field-label""><p>At this time, does your child suffer any long-lasting problem or loss related to...? CHOOSE <span style=""text-decoration: underline;"">all that apply.</span></p></div>","1, Digestive Function | 2, Hearing | 3, Kidney Function | 4, Liver Function | 5, Lung Function | 6, Mobility | 7, Neurological Function | 8, Vision | 99, Other - Please specify: {other_loss_ped_annual} | 10, No long-lasting loss",,,,,,,,,,,,@NONEOFTHEABOVE=10
other_loss_ped_annual,annual_survey_for_pediatric_patients_018_yo_to_be,,text,Other lasting damage,,,,,,,[long_lasting_damage_ped_ann(99)]=1,,,,,,
disability_peds_annual,annual_survey_for_pediatric_patients_018_yo_to_be,,radio,Does your child have any significant disability(ies),"1, Yes | 0, No | 2, Unknown",,,,,,,,,,,,
disability_onset_peds_ann,annual_survey_for_pediatric_patients_018_yo_to_be,,descriptive,"When did the disability(ies) begin?
Month{disabilitystartmonth} Year{disabilitystartyear}",,,,,,,,,,,,,
disabilitystartmonth,annual_survey_for_pediatric_patients_018_yo_to_be,,dropdown,month,"01, January | 02, February | 03, March | 04, April | 05, May | 06, June | 07, July | 08, August | 09, September | 10, October | 11, November | 12, December",,,,,,,,,,,,
disabilitystartyear,annual_survey_for_pediatric_patients_018_yo_to_be,,text,year,,,integer,1900,2030,,,,,,,,
specify_disability_peds_ann,annual_survey_for_pediatric_patients_018_yo_to_be,,notes,Please specify your child's disability(ies),,,,,,,[disability_peds_annual] = '1',,,,,,
management_peds_annual,annual_survey_for_pediatric_patients_018_yo_to_be,,notes,"What, if any, supports or resources do you feel  your child needs to help them manage or improve their quality of life? (For example pain management, mental health, movement, etc.)? ",,,,,,,,,,,,,
current_treatment_peds_annual,annual_survey_for_pediatric_patients_018_yo_to_be,About Your Child's Treatment,radio,What your child currently being treated with?,"1, Subcutaneous Immunoglobulin (SCIG) | 2, Intravenous Immunoglobulin (IVIG) | 3, Neither SCIG or IVIG",,,,,,,,,,,,
scig_dose_peds_annual,annual_survey_for_pediatric_patients_018_yo_to_be,,text,What is your child's dose of Subcutaneous Immunoglobulin (SCIG) in g/kg?,,,number,,,,[current_treatment_peds_annual] = '1',,,,,,
monthly_scig_peds_ann,annual_survey_for_pediatric_patients_018_yo_to_be,,text,How many times per month does your child receive SCIG?,,,number,0,50,,[current_treatment_peds_annual] = '1',,,,,,
ivig_switch_peds_annual,annual_survey_for_pediatric_patients_018_yo_to_be,,yesno,Did your child switch from Intravenous Immunoglobulin (IVIG) to Subcutaneous Immunoglobulin (SCIG)?,,,,,,,[current_treatment_peds_annual] = '1',,,,,,
switch_reason_peds_ann,annual_survey_for_pediatric_patients_018_yo_to_be,,checkbox,Why did your child switch from IVIG to SCIG?,"1, Caused me to take too much time off work/school | 2, Trouble accessing veins | 3, IVIG decreased my independence | 4, Side-effects of IVIG | 5, Took too long to travel to appointments | 6, Inability to travel for long periods of time | 99, Other - Please specify: {reason_for_switch_peds_ann}",,,,,,[ivig_switch_peds_annual] = '1',,,,,,
reason_for_switch_peds_ann,annual_survey_for_pediatric_patients_018_yo_to_be,,text,Reason to switch from IVIG to SCIG,,,,,,,[switch_reason_peds_ann(99)]=1,,,,,,
scig_rxn_peds_annual,annual_survey_for_pediatric_patients_018_yo_to_be,,checkbox,"Over the PAST 6 to 12 MONTHS, did your child experience any of the following while taking or after SCIG therapy?","1, Abdominal pain | 2, Anxiety | 3, Chills | 4, Diarrhea | 5, Dizziness | 6, Fatigue | 7, Fever | 8, Headache | 9, Hepatitis | 10, Hives | 11, Increased blood pressure | 12, Drop in blood pressure | 13, Muscle spasms or aches | 14, Nausea | 15, Kidney problems | 16, Vomiting | 17, Weakness | 18, Wheezing | 99, Other {sx_scig_ped_ann} | 0, None",,,,,,[current_treatment_peds_annual] = '1',,,,,,@NONEOFTHEABOVE=0
sx_scig_ped_ann,annual_survey_for_pediatric_patients_018_yo_to_be,,text,other adverse reaction,,,,,,,[scig_rxn_peds_annual(99)]=1,,,,,,
prophylactic_scig_peds_ann,annual_survey_for_pediatric_patients_018_yo_to_be,,checkbox,"Which of the following, if any, did your child take before SCIG therapy to make it go easier or faster?","1, Antihistamine (for example Benadryl or Reactine) - every infusion | 2, Antihistamine - sometimes | 3, Steroid (for example Dexamethasone or Hydrocortisone) - every infusion | 4, Steroid - sometimes | 99, Other - Please specify: {prophy_scig_annual_peds} | 0, None",,,,,,[current_treatment_peds_annual] = '1',,,,,,@NONEOFTHEABOVE=0
prophy_scig_annual_peds,annual_survey_for_pediatric_patients_018_yo_to_be,,text,prophy_scig_annual_peds,,,,,,,[prophylactic_scig_peds_ann(99)]=1,,,,,,
scig_length_peds_ann,annual_survey_for_pediatric_patients_018_yo_to_be,,radio,"Approximately, how long does it take your child to prepare and complete their SCIG infusion?","1, 30 minutes or less | 2, 45 minutes | 3, 1 hour | 4, 1.5 hours | 5, More than 1.5 hours",,,,,,[current_treatment_peds_annual] = '1',,,,,,
other_treatment_peds_ann,annual_survey_for_pediatric_patients_018_yo_to_be,,text,specify other treatment,,,,,,,[other_management_peds_ann(99)]=1,,,,,,
scig_qol_ped_annual,annual_survey_for_pediatric_patients_018_yo_to_be,,checkbox,In what ways has being on the Subcutaneous Immunoglobulin (SCIG) Home Infusion program improved your child's quality of life? Please check all that apply:,"1, Control of my own schedule | 2, Flexible infusion times | 3, Fewer medical appointments | 4, Able to work | 5, Able to travel | 6, Able to attend education/study | 7, Feeling of wellness | 8, Less symptoms and side effects post infusion | 99, Other - Please specify: {scig_qol_peds_annual}",,,,,,[current_treatment_peds_annual] = '1',,,,,,
wellbeing_peds_annual_scig,annual_survey_for_pediatric_patients_018_yo_to_be,,radio,How would you rate your child's overall health/well-being while taking subcutaneous immunoglobulin (SCIG)?,"1, Excellent | 2, Very Good | 3, Average | 4, Poor | 5, Very Poor",,,,,,[current_treatment_peds_annual] = '1',,,,,,
scig_qol_peds_annual,annual_survey_for_pediatric_patients_018_yo_to_be,,text,scig qol peds annual,,,,,,,[scig_qol_ped_annual(99)]=1,,,,,,
help_scig_annual_peds,annual_survey_for_pediatric_patients_018_yo_to_be,,radio,Is there anything with your child's Subcutaneous Immunoglobulin (SCIG) treatment that they need help with?,"0, No | 1, Yes - Please specify: {help_scig_peds_annual}",,,,,,[current_treatment_peds_annual] = '1',,,,,,
help_scig_peds_annual,annual_survey_for_pediatric_patients_018_yo_to_be,,text,help_scig_peds_annual,,,,,,,,,,,,,
ivig_dose_peds_annual,annual_survey_for_pediatric_patients_018_yo_to_be,,text,What is your child's dose of Intravenous Immunoglobulin (IVIG) in g/kg?,,,number,,,,[current_treatment_peds_annual] = '2',,,,,,
monthly_ivig_peds_ann,annual_survey_for_pediatric_patients_018_yo_to_be,,text,How many times per month does your child receive IVIG?,,,number,0,50,,[current_treatment_peds_annual] = '2',,,,,,
time_off_ivig_annual_peds,annual_survey_for_pediatric_patients_018_yo_to_be,,yesno,Did your child or their support person need to take time off from school or work for them to get their immunoglobulin therapy?,,,,,,,[current_treatment_peds_annual] = '2',,,,,,
missed_time_ivig_peds_ann,annual_survey_for_pediatric_patients_018_yo_to_be,,yesno,Has your child or their support person missed school or work because of how the patient reacts to IVIG therapy?,,,,,,,[current_treatment_peds_annual] = '2',,,,,,
adverse_rxn_ivig_peds_ann,annual_survey_for_pediatric_patients_018_yo_to_be,,checkbox,"During the past 6 to 12 months, did your child experience any of the following reactions during or after IVIG therapy? Please choose all that apply:","1, Abdominal pain | 2, Anxiety | 3, Chills | 4, Diarrhea | 5, Dizziness | 6, Fatigue | 7, Fever | 8, Headache | 9, Hepatitis | 10, Hives | 11, Increased blood pressure | 12, Drop in blood pressure | 13, Muscle spasms or aches | 14, Nausea | 15, Kidney problems | 16, Vomiting | 17, Weakness | 18, Wheezing | 99, Other {sx_ivig_ann_ped} | 0, None",,,,,,[current_treatment_peds_annual] = '2',,,,,,@NONEOFTHEABOVE=0
sx_ivig_ann_ped,annual_survey_for_pediatric_patients_018_yo_to_be,,text,Sx after IVIG,,,,,,,[adverse_rxn_ivig_peds_ann(99)]=1,,,,,,
wellbeing_ivig_peds_ann,annual_survey_for_pediatric_patients_018_yo_to_be,,radio,How would you rate your child's overall health/well-being while taking IVIG?,"1, Excellent | 2, Very Good | 3, Average | 4, Poor | 5, Very Poor",,,,,,[current_treatment_peds_annual] = '2',,,,,,
proph_peds_annual,annual_survey_for_pediatric_patients_018_yo_to_be,,checkbox,Did your child take any of the following medications prior to IVIG therapy?,"1, Antihistamine (for example Benadryl or Reactine) - every infusion | 2, Antihistamine - sometimes | 3, Steroid (for example Dexamethasone or Hydrocortisone) - every infusion | 4, Steroid - sometimes | 99, Other - Please specify: {prophy_ivig_peds_annu} | 0, None",,,,,,[current_treatment_peds_annual] = '2',,,,,,@NONEOFTHEABOVE=0
prophy_ivig_peds_annu,annual_survey_for_pediatric_patients_018_yo_to_be,,text,prophy_ivig_peds_annu,,,,,,,[proph_peds_annual(99)]=1,,,,,,
help_ivig_peds_annu,annual_survey_for_pediatric_patients_018_yo_to_be,,radio,Is there anything with your child's IVIG treatment that they need help with?,"0, No | 1, Yes - Please specify: {help_ivig_peds_annual}",,,,,,[current_treatment_peds_annual]=2,,,,,,
help_ivig_peds_annual,annual_survey_for_pediatric_patients_018_yo_to_be,,text,help_ivig_peds_annual,,,,,,,,,,,,,
other_management_peds_ann,annual_survey_for_pediatric_patients_018_yo_to_be,,checkbox,Has your child received any of the following treatments to manage their primary immunodeficiency in the past year? (Select all that apply),"1, Chiropractic treatment | 2, Massage | 3, Acupuncture | 4, Herbal remedies | 5, Homeopathic remedies | 99, Other - {other_treatment_peds_ann} | 0, None",,,,,,,,,,,,@NONEOFTHEABOVE=0
medications_peds_annual,annual_survey_for_pediatric_patients_018_yo_to_be,,notes,"Please enter all current probiotics, supplements and over the counter medications that your child is taking",,,,,,,,,,,,,
ther_edu_support_peds_ann,annual_survey_for_pediatric_patients_018_yo_to_be,,checkbox,What type of therapy/educational support has your child received in the last year?,"1, Individualized Educational Plan | 2, Mental health services {mental_support_peds_ann} | 3, Occupational therapy | 4, Physical therapy | 5, Speech therapy | 99, Other {other_therapy_support_peds_ann} | 7, None",,,,,,,,,,,,@NONEOFTHEABOVE=7
mental_support_peds_ann,annual_survey_for_pediatric_patients_018_yo_to_be,,radio,"Please, clarify the type of mental health support","1, Counselling services via Medical Clinic | 2, Counselling services via Family Physician | 3, Counselling service via Pediatrician | 4, Private type of counselling service | 5, Group therapy services | 6, Virtual counselling service | 99, Other {other_mental_peds_ann} | 8, None",,,,,,[ther_edu_support_peds_ann(2)] = '1',,,,,,
other_therapy_support_peds_ann,annual_survey_for_pediatric_patients_018_yo_to_be,,text,What other therapy support has your child received?,,,,,,,[ther_edu_support_peds_ann(99)]=1,,,,,,
other_mental_peds_ann,annual_survey_for_pediatric_patients_018_yo_to_be,,text,Other Mental health Support,,,,,,,[mental_support_peds_ann]=99,,,,,,
completion_annual_peds,annual_survey_for_pediatric_patients_to_be_complet,,text,Date of completing form.,,,date_dmy,,,,,,,,,,
health_annual_peds_patient,annual_survey_for_pediatric_patients_to_be_complet,Please respond to each question or statement by marking one box per row.,radio,"In general, would you say your health is:","1, Excellent | 2, Very Good | 3, Good | 4, Fair | 5, Poor",,,,,,,,,,qol1_annual_peds_patient,,
qol_annual_peds_patient,annual_survey_for_pediatric_patients_to_be_complet,,radio,"In general, would you say your quality of life is:","1, Excellent | 2, Very Good | 3, Good | 4, Fair | 5, Poor",,,,,,,,,,qol1_annual_peds_patient,,
physical_annual_ped_patient,annual_survey_for_pediatric_patients_to_be_complet,,radio,"In general, how would you rate your physical health?","1, Excellent | 2, Very Good | 3, Good | 4, Fair | 5, Poor",,,,,,,,,,qol1_annual_peds_patient,,
mental_annual_peds_patient,annual_survey_for_pediatric_patients_to_be_complet,,radio,"In general, how would you rate your mental health, including your mood and your ability to think?","1, Excellent | 2, Very Good | 3, Good | 4, Fair | 5, Poor",,,,,,,,,,qol1_annual_peds_patient,,
sad_annual_peds_patient,annual_survey_for_pediatric_patients_to_be_complet,,radio,How often do you feel really sad?,"1, Never | 2, Rarely | 3, Sometimes | 4, Often | 5, Always",,,,,,,,,,qol2_annual_peds_patient,,
friends_annual_peds_patient,annual_survey_for_pediatric_patients_to_be_complet,,radio,How often do you have fun with friends?,"1, Always | 2, Often | 3, Sometimes | 4, Rarely | 5, Never",,,,,,,,,,qol3_annual_peds_patient,,
ideas_annual_peds_patient,annual_survey_for_pediatric_patients_to_be_complet,,radio,How often do your parents listen to your ideas?,"1, Always | 2, Often | 3, Sometimes | 4, Rarely | 5, Never",,,,,,,,,,qol3_annual_peds_patient,,
tired_annual_peds_patient,annual_survey_for_pediatric_patients_to_be_complet,In the past 7 days...,radio,I got tired easily,"1, Never | 2, Almost Never | 3, Sometimes | 4, Often | 5, Almost Always",,,,,,,,,,qol4_annual_peds_patient,,
sleep_annual_peds_patient,annual_survey_for_pediatric_patients_to_be_complet,,radio,I had trouble sleeping when I had pain,"1, Never | 2, Almost Never | 3, Sometimes | 4, Often | 5, Almost Always",,,,,,,,,,qol4_annual_peds_patient,,
record_id_initial_peds_v2,promis_survey_for_pediatric_patients_16a3,,text,Study ID:,,,,,,,,,,,,,
date_promis,promis_survey_for_pediatric_patients_16a3,,text,Date,,,date_dmy,,,,,,,,,,
province_initial_ped_survey_v2,promis_survey_for_pediatric_patients_16a3,,dropdown,"Please, indicate your province","1, Alberta | 2, British Columbia | 3, Manitoba | 4, New Brunswick | 5, Newfoundland and Labrador | 6, Northwest Territories | 7, Nova Scotia | 8, Nunavut | 9, Ontario | 10, Prince Edward Island | 11, Quebec | 12, Saskatchewan | 13, Yukon",,,,,,,,,,,,
person_initial_ped_form_v2,promis_survey_for_pediatric_patients_16a3,"This form is to be completed on behalf of a child by a parent, guardian or specified ""other"". ",radio,"Who is completing this form on behalf of the child?
","1, Mother | 2, Father | 3, Guardian | 4, Other {other_relation_child_initial_ped_v2}",,,,,,,,,,,,@initialpedform
other_relation_child_initial_ped_v2,promis_survey_for_pediatric_patients_16a3,,text,Please specify your relationship to the child.,,,,,,,[person_initial_ped_form_v2]=4,,,,,,
lansky_initial_ped_v2,promis_survey_for_pediatric_patients_16a3,"

Quality of Life",radio,"On average, how would you rate your child's level of functioning over the past year?","1, 100% - Fully active child, normal performance | 2, 90% - My child has minor restrictions with strenuous/intensive physical activity | 3, 80% - Active child, but gets tired more quickly | 4, 70% - My child has greater restrictions in active play, and less time spent in active play | 5, 60% - My child is up and around, but has minimal active play, and keeps busy with quieter activity | 6, 50% - My child lies around much of the day, but gets dressed. Participates in all quiet play and activities, not active play | 7, 40% - My child is mostly in bed, and participates in quiet activities | 8, 30% - My child stays in bed, and needs help even for quiet activities | 9, 20% - My child is often sleeping: play is entirely limited to passive activities | 10, 10% - My child does not get out of bed and does not play",,,,,,,,,,,,
childs_health_v2,promis_survey_for_pediatric_patients_16a3,Please respond to each question or statement by marking one circle per row.,radio,"In general, would you say your child's health is:","1, Excellent | 2, Very Good | 3, Good | 4, Fair | 5, Poor",,,,,,,,,,global_health_initial_ped_v2,,
qol_peds_v2,promis_survey_for_pediatric_patients_16a3,,radio,"In general, would you say your child's quality of life is:","1, Excellent | 2, Very Good | 3, Good | 4, Fair | 5, Poor",,,,,,,,,,global_health_initial_ped_v2,,
childs_physical_health_v2,promis_survey_for_pediatric_patients_16a3,,radio,"In general, how would you rate your child's physical health?","1, Excellent | 2, Very Good | 3, Good | 4, Fair | 5, Poor",,,,,,,,,,global_health_initial_ped_v2,,
childs_mental_health_v2,promis_survey_for_pediatric_patients_16a3,,radio,"In general, how would you rate your child's mental health, including mood and ability to think:","1, Excellent | 2, Very Good | 3, Good | 4, Fair | 5, Poor",,,,,,,,,,global_health_initial_ped_v2,,
how_often_does_the_child_f_v2,promis_survey_for_pediatric_patients_16a3,,radio,How often does your child feel really sad?,"1, Never | 2, Rarely | 3, Sometimes | 4, Often | 5, Always",,,,,,,,,,global_health_qol_initial_ped_v2,,
friends_v2,promis_survey_for_pediatric_patients_16a3,,radio,How often does your child have fun with friends?,"1, Always | 2, Often | 3, Sometimes | 4, Rarely | 5, Never",,,,,,,,,,global_health_qol_initial_ped2_v2,,
listen_v2,promis_survey_for_pediatric_patients_16a3,,radio,How often does your child feel that you listen to his or her ideas?,"1, Always | 2, Often | 3, Sometimes | 4, Rarely | 5, Never",,,,,,,,,,global_health_qol_initial_ped2_v2,,
tired_v2,promis_survey_for_pediatric_patients_16a3,,radio,"In the past 7 days, your child got tired easily:","1, Never | 2, Almost never | 3, Sometimes | 4, Often | 5, Almost always",,,,,,,,,,global_health_qol_initial_ped3_v2,,
trouble_sleeping_v2,promis_survey_for_pediatric_patients_16a3,,radio,"In the past 7 days, your child had trouble sleeping when he/she had pain:","1, Never | 2, Almost never | 3, Sometimes | 4, Often | 5, Almost always",,,,,,,,,,global_health_qol_initial_ped3_v2,,
damage_peds_initial_v2,promis_survey_for_pediatric_patients_16a3,,checkbox,"<div class=""rich-text-field-label""><p>Currently, does your child suffer any long-lasting problem or loss related to....? <span style=""text-decoration: underline;""><span style=""color: #000000; text-decoration: underline;"">CHOOSE all that apply.</span></span></p></div>","1, Digestive function | 2, Hearing | 3, Kidney function | 4, Liver function | 5, Lung function | 6, Mobility | 7, Neurological function | 8, Vision | 99, Other - Please specify: {damage_specify_initial_ped_v2} | 0, No long-lasting loss",,,,,,,,,,,,@NONEOFTHEABOVE=0
damage_specify_initial_ped_v2,promis_survey_for_pediatric_patients_16a3,,text,Specify other damage,BIOPORTAL:HP,,,,,,[damage_peds_initial_v2(99)]=1,,,,,,
child_disability_initial_ped_v2,promis_survey_for_pediatric_patients_16a3,,radio,Does your child have any significant disability(ies),"1, Yes | 0, No | 2, Unknown",,,,,,,,,,,,
onset_disability_child_v2,promis_survey_for_pediatric_patients_16a3,,descriptive,"When did the disability(ies) begin?
Month{disabilitystmonth_v2} Year{disabilitystyear_v2}",,,,,,,,,,,,,
disabilitystmonth_v2,promis_survey_for_pediatric_patients_16a3,,dropdown,Month,"01, January | 02, February | 03, March | 04, April | 05, May | 06, June | 07, July | 08, August | 09, September | 10, October | 11, November | 12, December",,,,,,,,,,,,
disabilitystyear_v2,promis_survey_for_pediatric_patients_16a3,,text,Year,,,integer,1900,2030,,,,,,,,
child_disabilities_v2,promis_survey_for_pediatric_patients_16a3,,text,Please specify your child's disability(ies),,,,,,,[child_disability_initial_ped_v2] = '1',,,,,,
help_manage_v2,promis_survey_for_pediatric_patients_16a3,,notes,"What, if any, supports or resources do you feel your child needs to help them manage or improve their quality of life? (For example pain management, mental health, movement, etc.)? ",,,,,,,,,,,,,
current_treatment_peds_initial_v2,promis_survey_for_pediatric_patients_16a3,About Your Child's Treatment,radio,What is your child currently being treated with?,"1, Subcutaneous Immunoglobulin (SCIG) | 2, Intravenous Immunoglobulin (IVIG) | 3, Neither SCIG or IVIG",,,,,,,,,,,,
scig_dose_peds_initial_v2,promis_survey_for_pediatric_patients_16a3,,text,What is your child's dose of Subcutaneous Immunoglobulin (SCIG) in g/kg?,,,number,,,,[current_treatment_peds_initial_v2] = '1',,,,,,
scig_per_month_initial_ped_v2,promis_survey_for_pediatric_patients_16a3,,text,How many times a month does your child receive SCIG?,,,number,0,50,,[current_treatment_peds_initial_v2] = '1',,,,,,
therapy_switch_v2,promis_survey_for_pediatric_patients_16a3,,yesno,Did your child switch from Intravenous Immunoglobulin (IVIG) to Subcutaneous Immunoglobulin (SCIG)?,,,,,,,[current_treatment_peds_initial_v2]=1,,,,,,
ivig_switch_scig_initial_ped_v2,promis_survey_for_pediatric_patients_16a3,,checkbox,Why did your child switch from IVIG to SCIG?,"1, Caused me to take too much time off work/school | 2, Trouble accessing veins | 3, IVIG decreased my independence | 4, Side-effects of IVIG | 5, Took too long to travel to appointments | 6, Inability to travel for long periods of time | 99, Other - Please specify: {switch_initial_peds}",,,,,,[therapy_switch_v2]=1,,,,,,
over_ig_switch_initial_peds_v2,promis_survey_for_pediatric_patients_16a3,,text,Other reason switching from IVIG to SCIG,,,,,,,[ivig_switch_scig_initial_ped_v2(99)]=1,,,,,,
adverse_rxn_scig_ped_initial_v2,promis_survey_for_pediatric_patients_16a3,,checkbox,"Over the PAST 6 to 12 MONTHS, did your child experience any of the following reactions while taking or after SCIG therapy? Please select all that apply:","1, Abdominal pain | 2, Anxiety | 3, Chills | 4, Diarrhea | 5, Dizziness | 6, Fatigue | 7, Fever | 8, Headache | 9, Hepatitis | 10, Hives | 11, Increased blood pressure | 12, Drop in blood pressure | 13, Muscle spasms or aches | 14, Nausea | 15, Kidney problems | 16, Vomiting | 17, Weakness | 18, Wheezing | 99, Other {other_scig_effects_initial_ped_v2} | 0, None",,,,,,[current_treatment_peds_initial_v2] = '1',,,,,,@NONEOFTHEABOVE=0
other_scig_effects_initial_ped_v2,promis_survey_for_pediatric_patients_16a3,,text,Please indicate other symptoms after SCIG,,,,,,,[adverse_rxn_scig_ped_initial_v2(99)]=1,,,,,,
proph_before_scig_peds_initial_v2,promis_survey_for_pediatric_patients_16a3,,checkbox,Which of the following medications did your child take prior to SCIG therapy?,"1, Antihistamine (for example Benadryl or Reactine) - every infusion | 2, Antihistamine - sometimes | 3, Steroid (for example Dexamethasone or Hydrocortisone) - every infusion | 4, Steroid - sometimes | 99, Other - Please specify: {proph_initial_peds_v2} | 0, None",,,,,,[current_treatment_peds_initial_v2] = '1',,,,,,@NONEOFTHEABOVE=0
proph_initial_peds_v2,promis_survey_for_pediatric_patients_16a3,,text,Other preparation medication for SCIG,,,,,,,[proph_before_scig_peds_initial_v2(99)]=1,,,,,,
time_scig_peds_initial_v2,promis_survey_for_pediatric_patients_16a3,,radio,"Approximately, how long does it take your child to prepare and complete their SCIG infusion?","1, 30 minutes or less | 2, 45 minutes | 3, 1 hour | 4, 1.5 hours | 5, More than 1.5 hours",,,,,,[current_treatment_peds_initial_v2] = '1',,,,,,
qol_scig_peds_initial_v2,promis_survey_for_pediatric_patients_16a3,,checkbox,In what ways has being on the Subcutaneous Immunoglobulin (SCIG) Home Infusion program improved your child's quality of life? Please check all that apply:,"1, Control of my own schedule | 2, Flexible infusion times | 3, Fewer medical appointments | 4, Able to work | 5, Able to travel | 6, Able to attend education/study | 7, Feeling of wellness | 8, Less symptoms and side effects post infusion | 99, Other - Please specify: {other_qol_scig_initial_v2}",,,,,,[current_treatment_peds_initial_v2] = '1',,,,,,
other_qol_scig_initial_v2,promis_survey_for_pediatric_patients_16a3,,text,Other ways on how SCIG improved your child's quality of life,,,,,,,[qol_scig_peds_initial_v2(99)]=1,,,,,,
wellbeing_scig_ped_initial_v2,promis_survey_for_pediatric_patients_16a3,,radio,How would you rate your child's overall health/well-being while taking subcutaneous immunoglobulin (SCIG)?,"1, Excellent | 2, Very Good | 3, Average | 4, Poor | 5, Very Poor",,,,,,[current_treatment_peds_initial_v2] = '1',,,,,,
scig_help_initial_peds_v2,promis_survey_for_pediatric_patients_16a3,,radio,Is there anything with your child's Subcutaneous Immunoglobulin (SCIG) treatment that they need help with?,"0, No | 1, Yes - Please specify: {help_initial_scig_peds_v2}",,,,,,[current_treatment_peds_initial_v2] = '1',,,,,,
help_initial_scig_peds_v2,promis_survey_for_pediatric_patients_16a3,,text,Any help for a child on SCIG,,,,,,,,,,,,,
ivig_dose_initial_peds_v2,promis_survey_for_pediatric_patients_16a3,,text,What is your child's dose of Intravenous Immunoglobulin (IVIG) in g/kg?,,,number,,,,[current_treatment_peds_initial_v2] = '2',,,,,,
ivig_per_month_ped_initial_v2,promis_survey_for_pediatric_patients_16a3,,text,How many times per month does your child receive IVIG?,,,number,0,50,,[current_treatment_peds_initial_v2] = '2',,,,,,
time_off_ivig_initial_peds_v2,promis_survey_for_pediatric_patients_16a3,,yesno,Did your child or their support person need to take time off from school or work for them to get their immunoglobulin therapy?,,,,,,,[current_treatment_peds_initial_v2] = '2',,,,,,
reaction_ivig_results_v2,promis_survey_for_pediatric_patients_16a3,,yesno,Has your child or their support person missed school or work because of their reaction to IVIG therapy?,,,,,,,[current_treatment_peds_initial_v2] = '2',,,,,,
adverse_rxn_ivig_peds_initial_v2,promis_survey_for_pediatric_patients_16a3,,checkbox,"During the past 6 to 12 months, did your child experience any of the following reaction during or after IVIG therapy? Please choose all that apply:","1, Abdominal pain | 2, Anxiety | 3, Chills | 4, Diarrhea | 5, Dizziness | 6, Fatigue | 7, Fever | 8, Headache | 9, Hepatitis | 10, Hives | 11, Increased blood pressure | 12, Drop in blood pressure | 13, Muscle spasms or aches | 14, Nausea | 15, Kidney problems | 16, Vomiting | 17, Weakness | 18, Wheezing | 99, Other {other_effects_ivig_initial_ped_v2} | 20, None",,,,,,[current_treatment_peds_initial_v2] = '2',,,,,,@NONEOFTHEABOVE=20
other_effects_ivig_initial_ped_v2,promis_survey_for_pediatric_patients_16a3,,text,Other symptoms of child on IVIG,,,,,,,[adverse_rxn_ivig_peds_initial_v2(99)]=1,,,,,,
wellbeing_ivig_peds_initial_v2,promis_survey_for_pediatric_patients_16a3,,checkbox,How would you rate your child's overall health/well-being while taking IVIG?,"1, Excellent | 2, Very Good | 3, Average | 4, Poor | 5, Very Poor",,,,,,[current_treatment_peds_initial_v2] = '2',,,,,,
prophylactic_ivig_peds_initial_v2,promis_survey_for_pediatric_patients_16a3,,checkbox,Did your child take any of the following medications before IVIG therapy?,"1, Antihistamine (for example Benadryl or Reactine) - every infusion | 2, Antihistamine - sometimes | 3, Steroid (for example Dexamethasone or Hydrocortisone) - every infusion | 4, Steroid - sometimes | 99, Other - Please specify {other_proph_before_ivig_initial_peds_v2} | 0, None",,,,,,[current_treatment_peds_initial_v2] = '2',,,,,,@NONEOFTHEABOVE=0
other_proph_before_ivig_initial_peds_v2,promis_survey_for_pediatric_patients_16a3,,text,Other preparation Medications before IVIG,,,,,,,[prophylactic_ivig_peds_initial_v2(99)]=1,,,,,,
help_ivig_initial_v2,promis_survey_for_pediatric_patients_16a3,,radio,Is there anything with your child's IVIG treatment that they need help with?,"0, No | 1, Yes - Please specify: {help_ivig_peds_initial_v2}",,,,,,[current_treatment_peds_initial_v2] = '2',,,,,,
help_ivig_peds_initial_v2,promis_survey_for_pediatric_patients_16a3,,text,Any help for a child on IVIG?,,,,,,,,,,,,,
other_treatment_initial_ped_v2,promis_survey_for_pediatric_patients_16a3,,checkbox,Has your child received any of the following treatments to manage their primary immunodeficiency in the past year? (Select all that apply):,"1, Chiropractic treatment | 2, Massage | 3, Acupuncture | 4, Herbal remedies | 5, Homeopathic remedies | 99, Other - {another_treatment_ped_initial_v2} | 0, None",,,,,,,,,,,,@NONEOFTHEABOVE=0
another_treatment_ped_initial_v2,promis_survey_for_pediatric_patients_16a3,,text,specify other treatment,,,,,,,[other_treatment_initial_ped_v2(99)]=1,,,,,,
otc_medx_initial_ped_v2,promis_survey_for_pediatric_patients_16a3,,notes,"Please enter all current probiotics, supplements and over the counter medications that your child is taking",,,,,,,,,,,,,
edu_support_ped_initial_v2,promis_survey_for_pediatric_patients_16a3,,checkbox,What type of therapy/educational support has your child received in the last year?,"1, Individualized Educational Plan | 2, Mental health services | 3, Occupational therapy | 4, Physical therapy | 5, Speech therapy | 99, Other {other_support_initial_ped_v2} | 0, None",,,,,,,,,,,,@NONEOFTHEABOVE=0
other_support_initial_ped_v2,promis_survey_for_pediatric_patients_16a3,,text,What other therapy support did your child receive?,,,,,,,[edu_support_ped_initial_v2(99)]=1,,,,,,
other_mental_support_initial_ped_v2,promis_survey_for_pediatric_patients_16a3,,checkbox,"Please, clarify the type of mental health support","1, Counselling services via Medical Clinic | 2, Counselling services via Family Physician | 3, Counselling service via Pediatrician | 4, Private type of counselling service | 5, Group therapy services | 6, Virtual counselling service | 99, Other {other_mental_tx_initial_ped_v2}",,,,,,[edu_support_ped_initial_v2(2)] = '1',,,,,,
other_mental_tx_initial_ped_v2,promis_survey_for_pediatric_patients_16a3,,text,Other mental health service received,,,,,,,[other_mental_support_initial_ped_v2(99)]=1,,,,,,
record_id_initial_adult,initial_survey_for_adult_patients,This form is to be completed by you or a guardian on behalf of the patient.,text,Study ID:,,,,,,,,,,,,,
province_initial_adult,initial_survey_for_adult_patients,,dropdown,Please indicate your or patient's province.,"1, Alberta | 2, British Columbia | 3, Manitoba | 4, New Brunswick | 5, Newfoundland and Labrador | 6, Northwest Territories | 7, Nova Scotia | 8, Nunavut | 9, Ontario | 10, Prince Edward Island | 11, Quebec | 12, Saskatchewan | 13, Yukon",,,,,,,,,,,,
date_initial_adult,initial_survey_for_adult_patients,,text,Date of completing form.,,,date_dmy,,,,,,,,,,
relation_pt_initial_adult,initial_survey_for_adult_patients,,radio,Who is completing this form?,"1, I am the patient | 2, Mother | 3, Father | 4, Child | 99, Other {other_relation_initial_adult}",,,,,,,,,,,,
other_relation_initial_adult,initial_survey_for_adult_patients,,text,Please specify:,,,,,,,[relation_pt_initial_adult] = 99,,,,,,
age_initial_adult,initial_survey_for_adult_patients,Questions About You or the patient.,radio,How old are you or the patient? (Check one of the age groups or 'prefer not to say'),"1, 18-24 years | 2, 25-40 years | 3, 41-55 years | 4, 56-65 years | 5, 66-75 years | 6, >75 years | 7, Prefer not to say",,,,,,,,,,,,
birthdate_initial_adult,initial_survey_for_adult_patients,,descriptive,"What is your or the patient's birthdate?
Month{month_born_adult_initial} Year{year_born_initial_adult}",,,,,,,,,,,,,
month_born_adult_initial,initial_survey_for_adult_patients,,dropdown,Month,"1, January | 2, February | 3, March | 4, April | 5, May | 6, June | 7, July | 8, August | 9, September | 10, October | 11, November | 12, December",,,,,,,,,,,,
year_born_initial_adult,initial_survey_for_adult_patients,,text,Year,,,integer,1900,2030,,,,,,,,
employment_initial_adult,initial_survey_for_adult_patients,,radio,Are you: (Check one that applies best to you or the patient),"1, Working full time | 2, Working part time | 3, Going to school full time | 4, Going to school part time | 5, Retired | 6, Unable to work due to your immune defect | 7, Prefer not to say | 99, Other - Please specify: {other_edu_work_initial_adult}",,,,,,,,,,,,
other_edu_work_initial_adult,initial_survey_for_adult_patients,,text,Other type of work,,,,,,,[employment_initial_adult]=99,,,,,,
sex_birth_initial_adult,initial_survey_for_adult_patients,,radio,What was your  or patient's sex at birth?,"1, Male | 2, Female | 3, Prefer not to say | 99, Other {other_sex_birth_init_adult}",,,,,,,,,,,,
other_sex_birth_init_adult,initial_survey_for_adult_patients,,text,Other sex at birth,,,,,,,[sex_birth_initial_adult]=99,,,,,,
gender_initial_adult,initial_survey_for_adult_patients,,radio,Your  or patient's gender is:,"1, Female/Woman | 2, Male/Man | 99, Other - Please tell us (for example transgender or two-spirit): {other_gender_initial_adult} | 4, Prefer not to say",,,,,,,,,,,,
other_gender_initial_adult,initial_survey_for_adult_patients,,text,Other - Please tell us (for example transgender or two-spirit):,,,,,,,[gender_initial_adult]=99,,,,,,
pt_ethnicity_initial_adult,initial_survey_for_adult_patients,,checkbox,What is your or patient's  ethnicity? (You may select more than one answer):,"1, Caucasian/White | 2, Chinese | 3, Asian other than Chinese - Please specify: {other_asian_initial_adult} | 4, African descent | 5, Filipino | 6, Arab | 7, Latin American | 8, First Nations - Please specify the Band/Tribes with which you identify: {band_tribes_initial_adult} | 9, Métis - Please indicate the organization or Settlement with which you identify: {settlement_initial_adult} | 10, Inuk (Inuit) - Please indicate the specific agreement with which you identify: {specify_agreement_initial_adult} | 11, Unknown | 99, Other - Please specify the ethnicity with which you identify: {other_ethnicity_specify_initial_adult} | 13, Prefer not to answer",,,,,,,,,,,," @NONEOFTHEABOVE=11,13"
band_tribes_initial_adult,initial_survey_for_adult_patients,,text,specify band/tribes,,,,,,,[pt_ethnicity_initial_adult(8)] = '1',,,,,,
settlement_initial_adult,initial_survey_for_adult_patients,,radio,specify organization settlement,"1, Métis Nation of Ontario | 2, Manitoba Métis Federation | 3, Métis Nation - Saskatchewan | 4, Métis Nation of Alberta | 5, Métis Nation British Columbia | 99, Other - Please specify: {other_settlement_initial_adult}",,,,,,[pt_ethnicity_initial_adult(9)] = '1',,,,,,
other_settlement_initial_adult,initial_survey_for_adult_patients,,text,other_settlement,,,,,,,[settlement_initial_adult] = 99,,,,,,
specify_agreement_initial_adult,initial_survey_for_adult_patients,,radio,specify agreement,"1, Inuvialuit Final Agreement | 2, Nunavut Agreement (Nunavut Land Claims Agreement) | 3, James Bay and Northern Quebec Agreement (Nunavik) | 4, Labrador Inuit Land Claims Agreement (Nunatsiavut) | 99, Other - Please specify: {other_agreement_initial_adult}",,,,,,[pt_ethnicity_initial_adult(10)] = '1',,,,,,
other_agreement_initial_adult,initial_survey_for_adult_patients,,text,other agreement,,,,,,,[specify_agreement_initial_adult] = 99,,,,,,
other_ethnicity_specify_initial_adult,initial_survey_for_adult_patients,,text,other ethnicity specify,,,,,,,[pt_ethnicity_initial_adult(99)]=1,,,,,,
other_asian_initial_adult,initial_survey_for_adult_patients,,checkbox,specify other Asian,"1, Southeast Asian (e.g., Vietnamese, Cambodian, Laotian, Thai, etc) | 2, West Asian (e.g., Iranian, Afghan, etc) | 3, South Asian (e.g., East India, Pakistani, Sri Lankan, etc) | 4, Korean | 5, Japanese | 99, Other - Please specify: {other_other_asian_initial_adult}",,,,,,[pt_ethnicity_initial_adult(3)] = '1',,,,,,
other_other_asian_initial_adult,initial_survey_for_adult_patients,,text,other other asian,,,,,,,[other_asian_initial_adult(99)] = '1',,,,,,
drug_allergies_initial_adult,initial_survey_for_adult_patients,,yesno,Do you  or the patient have any drug allergies?,,,,,,,,,,,,,
enviro_allergy_initial_adult,initial_survey_for_adult_patients,,yesno,"Do you or the patient have any environmental allergies? (Cat, dog, dust mites, tree pollen, weeds pollen, grass pollen, mold, etc.)",,,,,,,,,,,,,
food_allergy_initial_adult,initial_survey_for_adult_patients,,yesno,"Do you or the patient have any food allergies? (Egg whites, egg yolk, wheat, milk, tree nuts, peanuts, etc.)",,,,,,,,,,,,,
other_allergy_initial_adult,initial_survey_for_adult_patients,,yesno,"Are you or the patient allergic to anything other than drugs, environmental allergens, or food?",,,,,,,,,,,,,
other_specify_allergic_initial_adult,initial_survey_for_adult_patients,,text,Please specify other types of allergies:,BIOPORTAL:HP,,,,,,[other_allergy_initial_adult] = '1',,,,,,
infections_initial_adult,initial_survey_for_adult_patients,,checkbox,"<div class=""rich-text-field-label""><p>In the last year have you or the patient had any infections? CHOOSE <span style=""text-decoration: underline;"">all that apply.</span></p></div>","1, Abscess (e.g.: Open sore, a painful pocket of pus; may be below the skin or in body organs) | 2, Chronic diarrhea (e.g.: very loose, watery stool or bowel movements or more times in 24 hours and lasting longer than 4 weeks) | 12, Diarrhea (e.g.: very loose, watery stool or bowel movements) | 3, Ear (e.g.: pain, pressure, and/or drainage of pus from inside the ear) | 4, Eye (e.g.: pain, redness, and/or drainage of pus from eye) | 5, Pneumonia or other lung infection (e.g.: severe infection of one or both lungs) | 6, Sinus (e.g.: pain, pressure, and/or drainage of pus in the nasal cavities or nose) | 7, Skin (e.g.: pain, redness, swelling, and/or drainage of pus on or under skin) | 8, Urinary Tract Infection (e.g: a bacterial infection of the urinary tract; burning urination/strong urge to urinate) | 9, Yeast infection (e.g.: an infection caused by fungus; may be painful, red, itchy, or include white patches; found on skin, in mouth, in vagina, etc.) | 0, Sepsis (eg.: an infection of blood, or blood 'poisoning') | 99, Other | 11, None",,,,,,,,,,,,@NONEOFTHEABOVE='11'
sepsis_times_initial_adult,initial_survey_for_adult_patients,,text,How many times did you or the patient have sepsis in the past year?,,,number,0,100,,[infections_initial_adult(0)]=1,,,,,,
diarrhea_times_initial_adult,initial_survey_for_adult_patients,,text,"How many times did you or the patient have diarrhea (e.g.: very loose, watery stool or bowel movements) in the past year?",,,number,0,100,,[infections_initial_adult(12)]=1,,,,,,
pneumonia_times_initial_adult,initial_survey_for_adult_patients,,text,How many times did you or the patient have pneumonia or other lung infections in the past year?,,,integer,0,100,,[infections_initial_adult(5)] = '1',,,,,,
otitis_times_initial_adult,initial_survey_for_adult_patients,,text,How many times did you or the patient have an ear infection in the past year?,,,integer,0,100,,[infections_initial_adult(3)] = '1',,,,,,
eye_times_initial_adult,initial_survey_for_adult_patients,,text,How many times did you or the patient have an eye infection in the past year?,,,integer,0,100,,[infections_initial_adult(4)] = '1',,,,,,
sinus_times_initial_adult,initial_survey_for_adult_patients,,text,How many times did you or the patient have a sinus infection in the past year?,,,integer,0,100,,[infections_initial_adult(6)] = '1',,,,,,
yeast_times_initial_adult,initial_survey_for_adult_patients,,text,How many times did you or the patient have a yeast infection in the past year?,,,integer,0,100,,[infections_initial_adult(9)] = '1',,,,,,
abscess_times_initial_adult,initial_survey_for_adult_patients,,text,How many times did you or the patient have an abscess in the past year?,,,integer,0,100,,[infections_initial_adult(1)] = '1',,,,,,
chronic_diarrhea_times_initial_adult,initial_survey_for_adult_patients,,text,"How many episodes of chronic diarrhea (eg.: very loose, watery stool or bowel movements three or more times in 24 hours and lasting longer than four weeks) did you or the patient have in the past year?",,,integer,0,100,,[infections_initial_adult(2)] = '1',,,,,,
skin_times_initial_adult,initial_survey_for_adult_patients,,text,How many times did you or the patient have a skin infection in the past year?,,,integer,0,100,,[infections_initial_adult(7)] = '1',,,,,,
uti_times_initial_adult,initial_survey_for_adult_patients,,text,How many times did you or the patient have a urinary tract infection in the past year?,,,integer,0,100,,[infections_initial_adult(8)] = '1',,,,,,
yeast_location_initial_adult,initial_survey_for_adult_patients,,text,"Where did you or the patient have a yeast infection (ex: skin, mouth, vagina, etc)?",,,,,,,[infections_initial_adult(9)] = '1',,,,,,
other_infection_specify,initial_survey_for_adult_patients,,text,Please specify the other type of infection:,BIOPORTAL:HP,,,,,,[infections_initial_adult(99)] = '1',,,,,,
otherinf_times_initial_adult,initial_survey_for_adult_patients,,text,How many times did you or the patient have another infection in the past year?,,,integer,0,100,,[infections_initial_adult(99)] = '1',,,,,,
hosp_admiss_initial_adult,initial_survey_for_adult_patients,,yesno,Have you or the patient had to be hospitalized for any of the above infections?,,,,,,,[infections_initial_adult(1)]=1 or [infections_initial_adult(2)]=1 or [infections_initial_adult(3)]=1 or [infections_initial_adult(4)]=1 or [infections_initial_adult(5)]=1 or [infections_initial_adult(6)]=1 or [infections_initial_adult(7)]=1 or [infections_initial_adult(8)]=1 or [infections_initial_adult(9)]=1 or [infections_initial_adult(99)]=1 or [infections_initial_adult(0)]=1 or [infections_initial_adult(12)]=1,,,,,,
admiss_times_initial_adult,initial_survey_for_adult_patients,,text,How many times?,,,integer,0,100,,[hosp_admiss_initial_adult] = '1',,,,,,
antibiotics_initial_adult,initial_survey_for_adult_patients,,yesno,Have you  or the patient been prescribed antibiotics in the past year?,,,,,,,,,,,,,
antibiotic_2wk_initial_adult,initial_survey_for_adult_patients,,radio,Were you or the patient on antibiotics for longer than 2 weeks?,"1, Yes | 0, No",,,,,,[antibiotics_initial_adult] = '1',,,,,,
fam_history_initial_adult,initial_survey_for_adult_patients,,checkbox,Is there a family history of:,"1, Primary Immunodeficiency | 2, Autoimmune/Inflammatory Diseases (Lupus, Rheumatoid Arthritis, Vasculitis, Inflammatory Bowel Disease, etc) | 3, Malignancies (Tumor, Cancer, Lymphoma, Leukemia, etc) | 4, Allergic Disease (Atopic Dermatitis, Allergic Rhinitis, Allergic Conjunctivitis, Angioedema, Asthma, Urticaria, etc) | 5, Unknown | 6, No",,,,,,,,,,,," @NONEOFTHEABOVE=5,6"
pid_table_adult,initial_survey_for_adult_patients,,descriptive,"<div class=""rich-text-field-label""><table style=""border-collapse: collapse; width: 100%; height: 211px;"" border=""1""> <tbody> <tr style=""height: 61px;""> <td style=""width: 25.0708%; height: 61px;"">How are you biologically related to your relative who has a primary immunodeficiency?</td> <td style=""width: 25.0708%; height: 61px;"">Please, type their diagnosis</td> <td style=""width: 25.0708%; height: 61px;"">At what age was the disease diagnosed in the relative?</td> <td style=""width: 25.0708%; height: 61px;"">Is the relative already listed in the registry?</td> </tr> <tr style=""height: 25px;""> <td style=""width: 25.0708%; height: 25px;"">{relation_adult_pid_1}</td> <td style=""width: 25.0708%; height: 25px;"">{adult_pid_dx_1}</td> <td style=""width: 25.0708%; height: 25px;"">{adult_pid_age_1}</td> <td style=""width: 25.0708%; height: 25px;"">{adult_pid_registry_1}</td> </tr> <tr style=""height: 25px;""> <td style=""width: 25.0708%; height: 25px;"">{relation_adult_pid_2}</td> <td style=""width: 25.0708%; height: 25px;"">{adult_pid_dx_2}</td> <td style=""width: 25.0708%; height: 25px;"">{adult_pid_age_2}</td> <td style=""width: 25.0708%; height: 25px;"">{adult_pid_registry_2}</td> </tr> <tr style=""height: 25px;""> <td style=""width: 25.0708%; height: 25px;"">{relation_adult_pid_3}</td> <td style=""width: 25.0708%; height: 25px;"">{adult_pid_dx_3}</td> <td style=""width: 25.0708%; height: 25px;"">{adult_pid_age_3}</td> <td style=""width: 25.0708%; height: 25px;"">{adult_pid_registry_3}</td> </tr> <tr style=""height: 25px;""> <td style=""width: 25.0708%; height: 25px;"">{relation_adult_pid_4}</td> <td style=""width: 25.0708%; height: 25px;"">{adult_pid_dx_4}</td> <td style=""width: 25.0708%; height: 25px;"">{adult_pid_age_4}</td> <td style=""width: 25.0708%; height: 25px;"">{adult_pid_registry_4}</td> </tr> <tr style=""height: 25px;""> <td style=""width: 25.0708%; height: 25px;"">{relation_adult_pid_5}</td> <td style=""width: 25.0708%; height: 25px;"">{adult_pid_dx_5}</td> <td style=""width: 25.0708%; height: 25px;"">{adult_pid_age_5}</td> <td style=""width: 25.0708%; height: 25px;"">{adult_pid_registry_5}</td> </tr> <tr style=""height: 25px;""> <td style=""width: 25.0708%; height: 25px;"">{relation_adult_pid_6}</td> <td style=""width: 25.0708%; height: 25px;"">{adult_pid_dx_6}</td> <td style=""width: 25.0708%; height: 25px;"">{adult_pid_age_6}</td> <td style=""width: 25.0708%; height: 25px;"">{adult_pid_registry_6}</td> </tr> <tr> <td style=""width: 25.0708%;"">{relation_adult_pid_7}</td> <td style=""width: 25.0708%;"">{adult_pid_dx_7}</td> <td style=""width: 25.0708%;"">{adult_pid_age_7}</td> <td style=""width: 25.0708%;"">{adult_pid_registry_7}</td> </tr> <tr> <td style=""width: 25.0708%;"">{relation_adult_pid_8}</td> <td style=""width: 25.0708%;"">{adult_pid_dx_8}</td> <td style=""width: 25.0708%;"">{adult_pid_age_8}</td> <td style=""width: 25.0708%;"">{adult_pid_registry_8}</td> </tr> </tbody> </table></div>",,,,,,,[fam_history_initial_adult(1)] = '1',,,,,,
relation_adult_pid_1,initial_survey_for_adult_patients,,dropdown,relation_adult_pid_1,"1, Sibling | 2, Mother | 3, Father | 4, Half-sibling | 5, Aunt | 6, Uncle | 7, Grand-parent | 8, Niece or nephew | 9, First cousin | 10, Other",,,,,,,,,,,,
relation_adult_pid_2,initial_survey_for_adult_patients,,dropdown,relation_adult_pid_2,"1, Sibling | 2, Mother | 3, Father | 4, Half-sibling | 5, Aunt | 6, Uncle | 7, Grand-parent | 8, Niece or nephew | 9, First cousin | 10, Other",,,,,,,,,,,,
relation_adult_pid_3,initial_survey_for_adult_patients,,dropdown,relation_adult_pid_3,"1, Sibling | 2, Mother | 3, Father | 4, Half-sibling | 5, Aunt | 6, Uncle | 7, Grand-parent | 8, Niece or nephew | 9, First cousin | 10, Other",,,,,,,,,,,,
relation_adult_pid_4,initial_survey_for_adult_patients,,dropdown,relation_adult_pid_4,"1, Sibling | 2, Mother | 3, Father | 4, Half-sibling | 5, Aunt | 6, Uncle | 7, Grand-parent | 8, Niece or nephew | 9, First cousin | 10, Other",,,,,,,,,,,,
relation_adult_pid_5,initial_survey_for_adult_patients,,dropdown,relation_adult_pid_5,"1, Sibling | 2, Mother | 3, Father | 4, Half-sibling | 5, Aunt | 6, Uncle | 7, Grand-parent | 8, Niece or nephew | 9, First cousin | 10, Other",,,,,,,,,,,,
relation_adult_pid_6,initial_survey_for_adult_patients,,dropdown,relation_adult_pid_6,"1, Sibling | 2, Mother | 3, Father | 4, Half-sibling | 5, Aunt | 6, Uncle | 7, Grand-parent | 8, Niece or nephew | 9, First cousin | 10, Other",,,,,,,,,,,,
relation_adult_pid_7,initial_survey_for_adult_patients,,dropdown,relation_adult_pid_7,"1, Sibling | 2, Mother | 3, Father | 4, Half-sibling | 5, Aunt | 6, Uncle | 7, Grand-parent | 8, Niece or nephew | 9, First cousin | 10, Other",,,,,,,,,,,,
relation_adult_pid_8,initial_survey_for_adult_patients,,dropdown,relation_adult_pid_8,"1, Sibling | 2, Mother | 3, Father | 4, Half-sibling | 5, Aunt | 6, Uncle | 7, Grand-parent | 8, Niece or nephew | 9, First cousin | 10, Other",,,,,,,,,,,,
adult_pid_dx_1,initial_survey_for_adult_patients,,text,adult_pid_dx_1,BIOPORTAL:HP,,,,,,,,,,,,
adult_pid_dx_2,initial_survey_for_adult_patients,,text,adult_pid_dx_2,BIOPORTAL:HP,,,,,,,,,,,,
adult_pid_dx_3,initial_survey_for_adult_patients,,text,adult_pid_dx_3,BIOPORTAL:HP,,,,,,,,,,,,
adult_pid_dx_4,initial_survey_for_adult_patients,,text,adult_pid_dx_4,BIOPORTAL:HP,,,,,,,,,,,,
adult_pid_dx_5,initial_survey_for_adult_patients,,text,adult_pid_dx_5,BIOPORTAL:HP,,,,,,,,,,,,
adult_pid_dx_6,initial_survey_for_adult_patients,,text,adult_pid_dx_6,BIOPORTAL:HP,,,,,,,,,,,,
adult_pid_dx_7,initial_survey_for_adult_patients,,text,adult_pid_dx_7,BIOPORTAL:HP,,,,,,,,,,,,
adult_pid_dx_8,initial_survey_for_adult_patients,,text,adult_pid_dx_8,BIOPORTAL:HP,,,,,,,,,,,,
adult_pid_age_1,initial_survey_for_adult_patients,,text,adult_pid_age_1,,,number,,,,,,,,,,
adult_pid_age_2,initial_survey_for_adult_patients,,text,adult_pid_age_2,,,number,,,,,,,,,,
adult_pid_age_3,initial_survey_for_adult_patients,,text,adult_pid_age_3,,,number,,,,,,,,,,
adult_pid_age_4,initial_survey_for_adult_patients,,text,adult_pid_age_4,,,number,,,,,,,,,,
adult_pid_age_5,initial_survey_for_adult_patients,,text,adult_pid_age_5,,,number,,,,,,,,,,
adult_pid_age_6,initial_survey_for_adult_patients,,text,adult_pid_age_6,,,number,,,,,,,,,,
adult_pid_age_7,initial_survey_for_adult_patients,,text,adult_pid_age_7,,,number,,,,,,,,,,
adult_pid_age_8,initial_survey_for_adult_patients,,text,adult_pid_age_8,,,number,,,,,,,,,,
adult_pid_registry_1,initial_survey_for_adult_patients,,yesno,adult_pid_registry_1,,,,,,,,,,,,,
adult_pid_registry_2,initial_survey_for_adult_patients,,yesno,adult_pid_registry_2,,,,,,,,,,,,,
adult_pid_registry_3,initial_survey_for_adult_patients,,yesno,adult_pid_registry_3,,,,,,,,,,,,,
adult_pid_registry_4,initial_survey_for_adult_patients,,yesno,adult_pid_registry_4,,,,,,,,,,,,,
adult_pid_registry_5,initial_survey_for_adult_patients,,yesno,adult_pid_registry_5,,,,,,,,,,,,,
adult_pid_registry_6,initial_survey_for_adult_patients,,yesno,adult_pid_registry_6,,,,,,,,,,,,,
adult_pid_registry_7,initial_survey_for_adult_patients,,yesno,adult_pid_registry_7,,,,,,,,,,,,,
adult_pid_registry_8,initial_survey_for_adult_patients,,yesno,adult_pid_registry_8,,,,,,,,,,,,,
pos_fam_his_pid,initial_survey_for_adult_patients,,radio,Did a positive family history of immune deficiency disorders prompt you to get tested?,"1, Yes | 0, No | 2, Unknown",,,,,,[fam_history_initial_adult(1)] = '1',,,,,,
ai_table_adult,initial_survey_for_adult_patients,,descriptive,"<div class=""rich-text-field-label""><table style=""border-collapse: collapse; width: 100%; height: 247px;"" border=""1""> <tbody> <tr style=""height: 97px;""> <td style=""width: 25.0708%; height: 97px;"">How are you biologically related to your relative who has an autoimmune/inflammatory disease?</td> <td style=""width: 25.0708%; height: 97px;"">Please, type their diagnosis</td> <td style=""width: 25.0708%; height: 97px;"">At what age was the disease diagnosed in the relative?</td> <td style=""width: 25.0708%; height: 97px;"">Is the relative already listed in the registry?</td> </tr> <tr style=""height: 25px;""> <td style=""width: 25.0708%; height: 25px;"">{relation_adult_ai_1}</td> <td style=""width: 25.0708%; height: 25px;"">{adult_ai_dx_1}</td> <td style=""width: 25.0708%; height: 25px;"">{adult_ai_age_1}</td> <td style=""width: 25.0708%; height: 25px;"">{adult_ai_registry_1}</td> </tr> <tr style=""height: 25px;""> <td style=""width: 25.0708%; height: 25px;"">{relation_adult_ai_2}</td> <td style=""width: 25.0708%; height: 25px;"">{adult_ai_dx_2}</td> <td style=""width: 25.0708%; height: 25px;"">{adult_ai_age_2}</td> <td style=""width: 25.0708%; height: 25px;"">{adult_ai_registry_2}</td> </tr> <tr style=""height: 25px;""> <td style=""width: 25.0708%; height: 25px;"">{relation_adult_ai_3}</td> <td style=""width: 25.0708%; height: 25px;"">{adult_ai_dx_3}</td> <td style=""width: 25.0708%; height: 25px;"">{adult_ai_age_3}</td> <td style=""width: 25.0708%; height: 25px;"">{adult_ai_registry_3}</td> </tr> <tr style=""height: 25px;""> <td style=""width: 25.0708%; height: 25px;"">{relation_adult_ai_4}</td> <td style=""width: 25.0708%; height: 25px;"">{adult_ai_dx_4}</td> <td style=""width: 25.0708%; height: 25px;"">{adult_ai_age_4}</td> <td style=""width: 25.0708%; height: 25px;"">{adult_ai_registry_4}</td> </tr> <tr style=""height: 25px;""> <td style=""width: 25.0708%; height: 25px;"">{relation_adult_ai_5}</td> <td style=""width: 25.0708%; height: 25px;"">{adult_ai_dx_5}</td> <td style=""width: 25.0708%; height: 25px;"">{adult_ai_age_5}</td> <td style=""width: 25.0708%; height: 25px;"">{adult_ai_registry_5}</td> </tr> <tr style=""height: 25px;""> <td style=""width: 25.0708%; height: 25px;"">{relation_adult_ai_6}</td> <td style=""width: 25.0708%; height: 25px;"">{adult_ai_dx_6}</td> <td style=""width: 25.0708%; height: 25px;"">{adult_ai_age_6}</td> <td style=""width: 25.0708%; height: 25px;"">{adult_ai_registry_6}</td> </tr> <tr> <td style=""width: 25.0708%;"">{relation_adult_ai_7}</td> <td style=""width: 25.0708%;"">{adult_ai_dx_7}</td> <td style=""width: 25.0708%;"">{adult_ai_age_7}</td> <td style=""width: 25.0708%;"">{adult_ai_registry_7}</td> </tr> <tr> <td style=""width: 25.0708%;"">{relation_adult_ai_8}</td> <td style=""width: 25.0708%;"">{adult_ai_dx_8}</td> <td style=""width: 25.0708%;"">{adult_ai_age_8}</td> <td style=""width: 25.0708%;"">{adult_ai_registry_8}</td> </tr> </tbody> </table></div>",,,,,,,[fam_history_initial_adult(2)] = '1',,,,,,
relation_adult_ai_1,initial_survey_for_adult_patients,,dropdown,relation_adult_ai_1,"1, Sibling | 2, Mother | 3, Father | 4, Half-sibling | 5, Aunt | 6, Uncle | 7, Grand-parent | 8, Niece or nephew | 9, First cousin | 10, Other",,,,,,,,,,,,
relation_adult_ai_2,initial_survey_for_adult_patients,,dropdown,relation_adult_ai_2,"1, Sibling | 2, Mother | 3, Father | 4, Half-sibling | 5, Aunt | 6, Uncle | 7, Grand-parent | 8, Niece or nephew | 9, First cousin | 10, Other",,,,,,,,,,,,
relation_adult_ai_3,initial_survey_for_adult_patients,,dropdown,relation_adult_ai_3,"1, Sibling | 2, Mother | 3, Father | 4, Half-sibling | 5, Aunt | 6, Uncle | 7, Grand-parent | 8, Niece or nephew | 9, First cousin | 10, Other",,,,,,,,,,,,
relation_adult_ai_4,initial_survey_for_adult_patients,,dropdown,relation_adult_ai_4,"1, Sibling | 2, Mother | 3, Father | 4, Half-sibling | 5, Aunt | 6, Uncle | 7, Grand-parent | 8, Niece or nephew | 9, First cousin | 10, Other",,,,,,,,,,,,
relation_adult_ai_5,initial_survey_for_adult_patients,,dropdown,relation_adulit_ai_5,"1, Sibling | 2, Mother | 3, Father | 4, Half-sibling | 5, Aunt | 6, Uncle | 7, Grand-parent | 8, Niece or nephew | 9, First cousin | 10, Other",,,,,,,,,,,,
relation_adult_ai_6,initial_survey_for_adult_patients,,dropdown,relation_adult_ai_6,"1, Sibling | 2, Mother | 3, Father | 4, Half-sibling | 5, Aunt | 6, Uncle | 7, Grand-parent | 8, Niece or nephew | 9, First cousin | 10, Other",,,,,,,,,,,,
relation_adult_ai_7,initial_survey_for_adult_patients,,dropdown,relation_adult_ai_7,"1, Sibling | 2, Mother | 3, Father | 4, Half-sibling | 5, Aunt | 6, Uncle | 7, Grand-parent | 8, Niece or nephew | 9, First cousin | 10, Other",,,,,,,,,,,,
relation_adult_ai_8,initial_survey_for_adult_patients,,dropdown,relation_adult_ai_8,"1, Sibling | 2, Mother | 3, Father | 4, Half-sibling | 5, Aunt | 6, Uncle | 7, Grand-parent | 8, Niece or nephew | 9, First cousin | 10, Other",,,,,,,,,,,,
adult_ai_dx_1,initial_survey_for_adult_patients,,text,adult_ai_dx_1,BIOPORTAL:HP,,,,,,,,,,,,
adult_ai_dx_2,initial_survey_for_adult_patients,,text,adult_ai_dx_2,BIOPORTAL:HP,,,,,,,,,,,,
adult_ai_dx_3,initial_survey_for_adult_patients,,text,adult_ai_dx_3,BIOPORTAL:HP,,,,,,,,,,,,
adult_ai_dx_4,initial_survey_for_adult_patients,,text,adult_ai_dx_4,BIOPORTAL:HP,,,,,,,,,,,,
adult_ai_dx_5,initial_survey_for_adult_patients,,text,adult_ai_dx_5,BIOPORTAL:HP,,,,,,,,,,,,
adult_ai_dx_6,initial_survey_for_adult_patients,,text,adult_ai_dx_6,BIOPORTAL:HP,,,,,,,,,,,,
adult_ai_dx_7,initial_survey_for_adult_patients,,text,adult_ai_dx_7,BIOPORTAL:HP,,,,,,,,,,,,
adult_ai_dx_8,initial_survey_for_adult_patients,,text,adult_ai_dx_8,BIOPORTAL:HP,,,,,,,,,,,,
adult_ai_age_1,initial_survey_for_adult_patients,,text,adult_ai_age_1,,,number,,,,,,,,,,
adult_ai_age_2,initial_survey_for_adult_patients,,text,adult_ai_age_2,,,number,,,,,,,,,,
adult_ai_age_3,initial_survey_for_adult_patients,,text,adult_ai_age_3,,,number,,,,,,,,,,
adult_ai_age_4,initial_survey_for_adult_patients,,text,adult_ai_age_4,,,number,,,,,,,,,,
adult_ai_age_5,initial_survey_for_adult_patients,,text,adult_ai_age_5,,,number,,,,,,,,,,
adult_ai_age_6,initial_survey_for_adult_patients,,text,adult_ai_age_6,,,number,,,,,,,,,,
adult_ai_age_7,initial_survey_for_adult_patients,,text,adult_ai_age_7,,,number,,,,,,,,,,
adult_ai_age_8,initial_survey_for_adult_patients,,text,adult_ai_age_8,,,number,,,,,,,,,,
adult_ai_registry_1,initial_survey_for_adult_patients,,yesno,adult_ai_registry_1,,,,,,,,,,,,,
adult_ai_registry_2,initial_survey_for_adult_patients,,yesno,adult_ai_registry_2,,,,,,,,,,,,,
adult_ai_registry_3,initial_survey_for_adult_patients,,yesno,adult_ai_registry_3,,,,,,,,,,,,,
adult_ai_registry_4,initial_survey_for_adult_patients,,yesno,adult_ai_registry_4,,,,,,,,,,,,,
adult_ai_registry_5,initial_survey_for_adult_patients,,yesno,adult_ai_registry_5,,,,,,,,,,,,,
adult_ai_registry_6,initial_survey_for_adult_patients,,yesno,adult_ai_registry_6,,,,,,,,,,,,,
adult_ai_registry_7,initial_survey_for_adult_patients,,yesno,adult_ai_registry_7,,,,,,,,,,,,,
adult_ai_registry_8,initial_survey_for_adult_patients,,yesno,adult_ai_registry_8,,,,,,,,,,,,,
mal_table_adult,initial_survey_for_adult_patients,,descriptive,"<div class=""rich-text-field-label""><table style=""border-collapse: collapse; width: 100%; height: 261px;"" border=""1""> <tbody> <tr style=""height: 61px;""> <td style=""width: 25.0708%; height: 61px;"">How are you biologically related to your relative who has a malignancy?</td> <td style=""width: 25.0708%; height: 61px;"">Please, type their diagnosis</td> <td style=""width: 25.0708%; height: 61px;"">At what age was the disease diagnosed in the relative?</td> <td style=""width: 25.0708%; height: 61px;"">Is the relative already listed in the registry?</td> </tr> <tr style=""height: 25px;""> <td style=""width: 25.0708%; height: 25px;"">{relation_adult_mal_1}</td> <td style=""width: 25.0708%; height: 25px;"">{adult_mal_dx_1}</td> <td style=""width: 25.0708%; height: 25px;"">{adult_mal_age_1}</td> <td style=""width: 25.0708%; height: 25px;"">{adult_mal_registry_1}</td> </tr> <tr style=""height: 25px;""> <td style=""width: 25.0708%; height: 25px;"">{relation_adult_mal_2}</td> <td style=""width: 25.0708%; height: 25px;"">{adult_mal_dx_2}</td> <td style=""width: 25.0708%; height: 25px;"">{adult_mal_age_2}</td> <td style=""width: 25.0708%; height: 25px;"">{adult_mal_registry_2}</td> </tr> <tr style=""height: 25px;""> <td style=""width: 25.0708%; height: 25px;"">{relation_adult_mal_3}</td> <td style=""width: 25.0708%; height: 25px;"">{adult_mal_dx_3}</td> <td style=""width: 25.0708%; height: 25px;"">{adult_mal_age_3}</td> <td style=""width: 25.0708%; height: 25px;"">{adult_mal_registry_3}</td> </tr> <tr style=""height: 25px;""> <td style=""width: 25.0708%; height: 25px;"">{relation_adult_mal_4}</td> <td style=""width: 25.0708%; height: 25px;"">{adult_mal_dx_4}</td> <td style=""width: 25.0708%; height: 25px;"">{adult_mal_age_4}</td> <td style=""width: 25.0708%; height: 25px;"">{adult_mal_registry_4}</td> </tr> <tr style=""height: 25px;""> <td style=""width: 25.0708%; height: 25px;"">{relation_adult_mal_5}</td> <td style=""width: 25.0708%; height: 25px;"">{adult_mal_dx_5}</td> <td style=""width: 25.0708%; height: 25px;"">{adult_mal_age_5}</td> <td style=""width: 25.0708%; height: 25px;"">{adult_mal_registry_5}</td> </tr> <tr style=""height: 25px;""> <td style=""width: 25.0708%; height: 25px;"">{relation_adult_mal_6}</td> <td style=""width: 25.0708%; height: 25px;"">{adult_mal_dx_6}</td> <td style=""width: 25.0708%; height: 25px;"">{adult_mal_age_6}</td> <td style=""width: 25.0708%; height: 25px;"">{adult_mal_registry_6}</td> </tr> <tr style=""height: 25px;""> <td style=""width: 25.0708%; height: 25px;"">{relation_adult_mal_7}</td> <td style=""width: 25.0708%; height: 25px;"">{adult_mal_dx_7}</td> <td style=""width: 25.0708%; height: 25px;"">{adult_mal_age_7}</td> <td style=""width: 25.0708%; height: 25px;"">{adult_mal_registry_7}</td> </tr> <tr style=""height: 25px;""> <td style=""width: 25.0708%; height: 25px;"">{relation_adult_mal_8}</td> <td style=""width: 25.0708%; height: 25px;"">{adult_mal_dx_8}</td> <td style=""width: 25.0708%; height: 25px;"">{adult_mal_age_8}</td> <td style=""width: 25.0708%; height: 25px;"">{adult_mal_registry_8}</td> </tr> </tbody> </table></div>",,,,,,,[fam_history_initial_adult(3)] = '1',,,,,,
relation_adult_mal_1,initial_survey_for_adult_patients,,dropdown,relation_adult_mal_1,"1, Sibling | 2, Mother | 3, Father | 4, Half-sibling | 5, Aunt | 6, Uncle | 7, Grand-parent | 8, Niece or nephew | 9, First cousin | 10, Other",,,,,,,,,,,,
relation_adult_mal_2,initial_survey_for_adult_patients,,dropdown,relation_adult_mal_2,"1, Sibling | 2, Mother | 3, Father | 4, Half-sibling | 5, Aunt | 6, Uncle | 7, Grand-parent | 8, Niece or nephew | 9, First cousin | 10, Other",,,,,,,,,,,,
relation_adult_mal_3,initial_survey_for_adult_patients,,dropdown,relation_adult_mal_3,"1, Sibling | 2, Mother | 3, Father | 4, Half-sibling | 5, Aunt | 6, Uncle | 7, Grand-parent | 8, Niece or nephew | 9, First cousin | 10, Other",,,,,,,,,,,,
relation_adult_mal_4,initial_survey_for_adult_patients,,dropdown,relation_adult_mal_4,"1, Sibling | 2, Mother | 3, Father | 4, Half-sibling | 5, Aunt | 6, Uncle | 7, Grand-parent | 8, Niece or nephew | 9, First cousin | 10, Other",,,,,,,,,,,,
relation_adult_mal_5,initial_survey_for_adult_patients,,dropdown,relation_adult_mal_5,"1, Sibling | 2, Mother | 3, Father | 4, Half-sibling | 5, Aunt | 6, Uncle | 7, Grand-parent | 8, Niece or nephew | 9, First cousin | 10, Other",,,,,,,,,,,,
relation_adult_mal_6,initial_survey_for_adult_patients,,dropdown,relation_adult_mal_6,"1, Sibling | 2, Mother | 3, Father | 4, Half-sibling | 5, Aunt | 6, Uncle | 7, Grand-parent | 8, Niece or nephew | 9, First cousin | 10, Other",,,,,,,,,,,,
relation_adult_mal_7,initial_survey_for_adult_patients,,dropdown,relation_adult_mal_7,"1, Sibling | 2, Mother | 3, Father | 4, Half-sibling | 5, Aunt | 6, Uncle | 7, Grand-parent | 8, Niece or nephew | 9, First cousin | 10, Other",,,,,,,,,,,,
relation_adult_mal_8,initial_survey_for_adult_patients,,dropdown,relation_adult_mal_8,"1, Sibling | 2, Mother | 3, Father | 4, Half-sibling | 5, Aunt | 6, Uncle | 7, Grand-parent | 8, Niece or nephew | 9, First cousin | 10, Other",,,,,,,,,,,,
adult_mal_dx_1,initial_survey_for_adult_patients,,text,adult_mal_dx_1,BIOPORTAL:HP,,,,,,,,,,,,
adult_mal_dx_2,initial_survey_for_adult_patients,,text,adult_mal_dx_2,BIOPORTAL:HP,,,,,,,,,,,,
adult_mal_dx_3,initial_survey_for_adult_patients,,text,adult_mal_dx_3,BIOPORTAL:HP,,,,,,,,,,,,
adult_mal_dx_4,initial_survey_for_adult_patients,,text,adult_mal_dx_4,BIOPORTAL:HP,,,,,,,,,,,,
adult_mal_dx_5,initial_survey_for_adult_patients,,text,adult_mal_dx_5,BIOPORTAL:HP,,,,,,,,,,,,
adult_mal_dx_6,initial_survey_for_adult_patients,,text,adult_mal_dx_6,BIOPORTAL:HP,,,,,,,,,,,,
adult_mal_dx_7,initial_survey_for_adult_patients,,text,adult_mal_dx_7,BIOPORTAL:HP,,,,,,,,,,,,
adult_mal_dx_8,initial_survey_for_adult_patients,,text,adult_mal_dx_8,BIOPORTAL:HP,,,,,,,,,,,,
adult_mal_age_1,initial_survey_for_adult_patients,,text,adult_mal_age_1,,,number,,,,,,,,,,
adult_mal_age_2,initial_survey_for_adult_patients,,text,adult_mal_age_2,,,number,,,,,,,,,,
adult_mal_age_3,initial_survey_for_adult_patients,,text,adult_mal_age_3,,,number,,,,,,,,,,
adult_mal_age_4,initial_survey_for_adult_patients,,text,adult_mal_age_4,,,number,,,,,,,,,,
adult_mal_age_5,initial_survey_for_adult_patients,,text,adult_mal_age_5,,,number,,,,,,,,,,
adult_mal_age_6,initial_survey_for_adult_patients,,text,adult_mal_age_6,,,number,,,,,,,,,,
adult_mal_age_7,initial_survey_for_adult_patients,,text,adult_mal_age_7,,,number,,,,,,,,,,
adult_mal_age_8,initial_survey_for_adult_patients,,text,adult_mal_age_8,,,number,,,,,,,,,,
adult_mal_registry_1,initial_survey_for_adult_patients,,yesno,adult_mal_registry_1,,,,,,,,,,,,,
adult_mal_registry_2,initial_survey_for_adult_patients,,yesno,adult_mal_registry_2,,,,,,,,,,,,,
adult_mal_registry_3,initial_survey_for_adult_patients,,yesno,adult_mal_registry_3,,,,,,,,,,,,,
adult_mal_registry_4,initial_survey_for_adult_patients,,yesno,adult_mal_registry_4,,,,,,,,,,,,,
adult_mal_registry_5,initial_survey_for_adult_patients,,yesno,adult_mal_registry_5,,,,,,,,,,,,,
adult_mal_registry_6,initial_survey_for_adult_patients,,yesno,adult_mal_registry_6,,,,,,,,,,,,,
adult_mal_registry_7,initial_survey_for_adult_patients,,yesno,adult_mal_registry_7,,,,,,,,,,,,,
adult_mal_registry_8,initial_survey_for_adult_patients,,yesno,adult_mal_registry_8,,,,,,,,,,,,,
allerg_table_adult,initial_survey_for_adult_patients,,descriptive,"<div class=""rich-text-field-label""><table style=""border-collapse: collapse; width: 100%; height: 211px;"" border=""1""> <tbody> <tr style=""height: 61px;""> <td style=""width: 25.0708%; height: 61px;"">How are you biologically related to your relative who has an allergy?</td> <td style=""width: 25.0708%; height: 61px;"">Please, type their diagnosis</td> <td style=""width: 25.0708%; height: 61px;"">At what age was the disease diagnosed in the relative?</td> <td style=""width: 25.0708%; height: 61px;"">Is the relative already listed in the registry?</td> </tr> <tr style=""height: 25px;""> <td style=""width: 25.0708%; height: 25px;"">{relation_adult_allerg_1}</td> <td style=""width: 25.0708%; height: 25px;"">{adult_allerg_dx_1}</td> <td style=""width: 25.0708%; height: 25px;"">{adult_allerg_age_1}</td> <td style=""width: 25.0708%; height: 25px;"">{adult_allerg_registry_1}</td> </tr> <tr style=""height: 25px;""> <td style=""width: 25.0708%; height: 25px;"">{relation_adult_allerg_2}</td> <td style=""width: 25.0708%; height: 25px;"">{adult_allerg_dx_2}</td> <td style=""width: 25.0708%; height: 25px;"">{adult_allerg_age_2}</td> <td style=""width: 25.0708%; height: 25px;"">{adult_allerg_registry_2}</td> </tr> <tr style=""height: 25px;""> <td style=""width: 25.0708%; height: 25px;"">{relation_adult_allerg_3}</td> <td style=""width: 25.0708%; height: 25px;"">{adult_allerg_dx_3}</td> <td style=""width: 25.0708%; height: 25px;"">{adult_allerg_age_3}</td> <td style=""width: 25.0708%; height: 25px;"">{adult_allerg_registry_3}</td> </tr> <tr style=""height: 25px;""> <td style=""width: 25.0708%; height: 25px;"">{relation_adult_allerg_4}</td> <td style=""width: 25.0708%; height: 25px;"">{adult_allerg_dx_4}</td> <td style=""width: 25.0708%; height: 25px;"">{adult_allerg_age_4}</td> <td style=""width: 25.0708%; height: 25px;"">{adult_allerg_registry_4}</td> </tr> <tr style=""height: 25px;""> <td style=""width: 25.0708%; height: 25px;"">{relation_adult_allerg_5}</td> <td style=""width: 25.0708%; height: 25px;"">{adult_allerg_dx_5}</td> <td style=""width: 25.0708%; height: 25px;"">{adult_allerg_age_5}</td> <td style=""width: 25.0708%; height: 25px;"">{adult_allerg_registry_5}</td> </tr> <tr style=""height: 25px;""> <td style=""width: 25.0708%; height: 25px;"">{relation_adult_allerg_6}</td> <td style=""width: 25.0708%; height: 25px;"">{adult_allerg_dx_6}</td> <td style=""width: 25.0708%; height: 25px;"">{adult_allerg_age_6}</td> <td style=""width: 25.0708%; height: 25px;"">{adult_allerg_registry_6}</td> </tr> <tr> <td style=""width: 25.0708%;"">{relation_adult_allerg_7}</td> <td style=""width: 25.0708%;"">{adult_allerg_dx_7}</td> <td style=""width: 25.0708%;"">{adult_allerg_age_7}</td> <td style=""width: 25.0708%;"">{adult_allerg_registry_7}</td> </tr> <tr> <td style=""width: 25.0708%;"">{relation_adult_allerg_8}</td> <td style=""width: 25.0708%;"">{adult_allerg_dx_8}</td> <td style=""width: 25.0708%;"">{adult_allerg_age_8}</td> <td style=""width: 25.0708%;"">{adult_allerg_registry_8}</td> </tr> </tbody> </table></div>",,,,,,,[fam_history_initial_adult(4)] = '1',,,,,,
relation_adult_allerg_1,initial_survey_for_adult_patients,,dropdown,relation_adult_allerg_1,"1, Sibling | 2, Mother | 3, Father | 4, Half-sibling | 5, Aunt | 6, Uncle | 7, Grand-parent | 8, Niece or nephew | 9, First cousin | 10, Other",,,,,,,,,,,,
relation_adult_allerg_2,initial_survey_for_adult_patients,,dropdown,relation_adult_allerg_2,"1, Sibling | 2, Mother | 3, Father | 4, Half-sibling | 5, Aunt | 6, Uncle | 7, Grand-parent | 8, Niece or nephew | 9, First cousin | 10, Other",,,,,,,,,,,,
relation_adult_allerg_3,initial_survey_for_adult_patients,,dropdown,relation_adult_allerg_3,"1, Sibling | 2, Mother | 3, Father | 4, Half-sibling | 5, Aunt | 6, Uncle | 7, Grand-parent | 8, Niece or nephew | 9, First cousin | 10, Other",,,,,,,,,,,,
relation_adult_allerg_4,initial_survey_for_adult_patients,,dropdown,relation_adult_allerg_4,"1, Sibling | 2, Mother | 3, Father | 4, Half-sibling | 5, Aunt | 6, Uncle | 7, Grand-parent | 8, Niece or nephew | 9, First cousin | 10, Other",,,,,,,,,,,,
relation_adult_allerg_5,initial_survey_for_adult_patients,,dropdown,relation_adult_allerg_5,"1, Sibling | 2, Mother | 3, Father | 4, Half-sibling | 5, Aunt | 6, Uncle | 7, Grand-parent | 8, Niece or nephew | 9, First cousin | 10, Other",,,,,,,,,,,,
relation_adult_allerg_6,initial_survey_for_adult_patients,,dropdown,relation_adult_allerg_6,"1, Sibling | 2, Mother | 3, Father | 4, Half-sibling | 5, Aunt | 6, Uncle | 7, Grand-parent | 8, Niece or nephew | 9, First cousin | 10, Other",,,,,,,,,,,,
relation_adult_allerg_7,initial_survey_for_adult_patients,,dropdown,relation_adult_allerg_7,"1, Sibling | 2, Mother | 3, Father | 4, Half-sibling | 5, Aunt | 6, Uncle | 7, Grand-parent | 8, Niece or nephew | 9, First cousin | 10, Other",,,,,,,,,,,,
relation_adult_allerg_8,initial_survey_for_adult_patients,,dropdown,relation_adult_allerg_8,"1, Sibling | 2, Mother | 3, Father | 4, Half-sibling | 5, Aunt | 6, Uncle | 7, Grand-parent | 8, Niece or nephew | 9, First cousin | 10, Other",,,,,,,,,,,,
adult_allerg_dx_1,initial_survey_for_adult_patients,,text,adult_allerg_dx_1,BIOPORTAL:HP,,,,,,,,,,,,
adult_allerg_dx_2,initial_survey_for_adult_patients,,text,adult_allerg_dx_2,BIOPORTAL:HP,,,,,,,,,,,,
adult_allerg_dx_3,initial_survey_for_adult_patients,,text,adult_allerg_dx_3,BIOPORTAL:HP,,,,,,,,,,,,
adult_allerg_dx_4,initial_survey_for_adult_patients,,text,adult_allerg_dx_4,BIOPORTAL:HP,,,,,,,,,,,,
adult_allerg_dx_5,initial_survey_for_adult_patients,,text,adult_allerg_dx_5,BIOPORTAL:HP,,,,,,,,,,,,
adult_allerg_dx_6,initial_survey_for_adult_patients,,text,adult_allerg_dx_6,BIOPORTAL:HP,,,,,,,,,,,,
adult_allerg_dx_7,initial_survey_for_adult_patients,,text,adult_allerg_dx_7,BIOPORTAL:HP,,,,,,,,,,,,
adult_allerg_dx_8,initial_survey_for_adult_patients,,text,adult_allerg_dx_8,BIOPORTAL:HP,,,,,,,,,,,,
adult_allerg_age_1,initial_survey_for_adult_patients,,text,adult_allerg_age_1,,,number,,,,,,,,,,
adult_allerg_age_2,initial_survey_for_adult_patients,,text,adult_allerg_age_2,,,number,,,,,,,,,,
adult_allerg_age_3,initial_survey_for_adult_patients,,text,adult_allerg_age_3,,,number,,,,,,,,,,
adult_allerg_age_4,initial_survey_for_adult_patients,,text,adult_allerg_age_4,,,number,,,,,,,,,,
adult_allerg_age_5,initial_survey_for_adult_patients,,text,adult_allerg_age_5,,,number,,,,,,,,,,
adult_allerg_age_6,initial_survey_for_adult_patients,,text,adult_allerg_age_6,,,number,,,,,,,,,,
adult_allerg_age_7,initial_survey_for_adult_patients,,text,adult_allerg_age_7,,,number,,,,,,,,,,
adult_allerg_age_8,initial_survey_for_adult_patients,,text,adult_allerg_age_8,,,number,,,,,,,,,,
adult_allerg_registry_1,initial_survey_for_adult_patients,,yesno,adult_allerg_registry_1,,,,,,,,,,,,,
adult_allerg_registry_2,initial_survey_for_adult_patients,,yesno,adult_allerg_registry_2,,,,,,,,,,,,,
adult_allerg_registry_3,initial_survey_for_adult_patients,,yesno,adult_allerg_registry_3,,,,,,,,,,,,,
adult_allerg_registry_4,initial_survey_for_adult_patients,,yesno,adult_allerg_registry_4,,,,,,,,,,,,,
adult_allerg_registry_5,initial_survey_for_adult_patients,,yesno,adult_allerg_registry_5,,,,,,,,,,,,,
adult_allerg_registry_6,initial_survey_for_adult_patients,,yesno,adult_allerg_registry_6,,,,,,,,,,,,,
adult_allerg_registry_7,initial_survey_for_adult_patients,,yesno,adult_allerg_registry_7,,,,,,,,,,,,,
adult_allerg_registry_8,initial_survey_for_adult_patients,,yesno,adult_allerg_registry_8,,,,,,,,,,,,,
general_health_initial_adult,initial_survey_for_adult_patients,About You or the Patient's Experiences and Quality of Life,radio,"In general, would you say your health is:","1, Excellent | 2, Very Good | 3, Good | 4, Fair | 5, Poor",,,,,,,,,,qol_initial_adult,,
qol_initial_adult,initial_survey_for_adult_patients,,radio,"In general, would you say your quality of life is:","1, Excellent | 2, Very Good | 3, Good | 4, Fair | 5, Poor",,,,,,,,,,qol_initial_adult,,
physical_health_initial_adult,initial_survey_for_adult_patients,,radio,"In general, how would you rate your physical health?","1, Excellent | 2, Very Good | 3, Good | 4, Fair | 5, Poor",,,,,,,,,,qol_initial_adult,,
mental_health_initial_adult,initial_survey_for_adult_patients,,radio,"In general, how would you rate your mental health, including mood and the ability to think?","1, Excellent | 2, Very Good | 3, Good | 4, Fair | 5, Poor",,,,,,,,,,qol_initial_adult,,
satisfaction_initial_adult,initial_survey_for_adult_patients,,radio,"In general, how would you rate your satisfaction with your social activities and relationships?","1, Excellent | 2, Very Good | 3, Good | 4, Fair | 5, Poor",,,,,,,,,,qol_initial_adult,,
social_activities_initial_adult,initial_survey_for_adult_patients,,radio,"In general, please rate how well you carry out your usual social activities and roles (This includes activities at home, at work, and in the community, and responsibilities as a parent, child, spouse, employee, friend, etc):","1, Excellent | 2, Very Good | 3, Good | 4, Fair | 5, Poor",,,,,,,,,,qol_initial_adult,,
physical_activity_initial_adult,initial_survey_for_adult_patients,,radio,"To what extent are you able to carry out your everyday physical activities such as walking, climbing stairs, carrying groceries, or moving a chair?","1, Always | 2, Often | 3, Sometimes | 4, Rarely | 5, Never",,,,,,,,,,qol_2_initial_adult,,
emotional_issue_initial_adult,initial_survey_for_adult_patients,,radio,"In the PAST WEEK, how often have you been bothered by emotional problems such as feeling anxious, depressed or irritable?","1, Never | 2, Rarely | 3, Sometimes | 4, Often | 5, Always",,,,,,,,,,qol_3_initial_adult,,
fatigue_initial_adult,initial_survey_for_adult_patients,,radio,"In the PAST WEEK, how would you rate your fatigue on average?","1, Never | 2, Mild | 3, Moderate | 4, Severe | 5, Not Severe",,,,,,,,,,qol_4_initial_adult,,
pain_scale_initial_adult,initial_survey_for_adult_patients,,radio,"In the PAST WEEK, how would you rate your pain on average?","1, 0 - No pain | 2, 1 | 3, 2 | 4, 3 | 5, 4 | 6, 5 | 7, 6 | 8, 7 | 9, 8 | 10, 9 | 11, 10 - Worst pain imaginable",,,,,,,,,,qol_pain_initial_adult,,
pain_initial_adult,initial_survey_for_adult_patients,,radio,"Over the PAST 4 WEEKS, how much did pain affect how you were able to do your normal work, school, or other activities (including both inside and outside the home)?","1, Not at all | 2, A little bit or somewhat | 3, Quite a lot",,,,,,,,,,qol_5_initial_adult,,
emotion_affect_initial_adult,initial_survey_for_adult_patients,,radio,"Over the PAST WEEK, how much did emotional issues (such as feeling depressed or anxious) affect your work, school, or other activities?","1, No problems | 2, I was not able to achieve as much as I would like. | 3, I was not able to focus on doing my work or other activities as well as I could. | 4, I stopped going to work and/or doing my regular activities.",,,,,,,,,,qol_6_initial_adult,,
social_initial_adult,initial_survey_for_adult_patients,,radio,"Over the PAST WEEK, how often did your immune and/or emotional issues affect your social activities (like visiting with friends, relatives, etc.)?","1, None of the time | 2, Some of the time | 3, Most of the time | 4, All of the time",,,,,,,,,,qol_7_initial_adult,,
cut_down_initial_adult,initial_survey_for_adult_patients,"Over the PAST 4 WEEKS, did your or the patient's immune issue cause any of the following with work, school, or other regular daily activities? Check the one best answer for each statement.",radio,I cut down the amount of time I spent on work or other activities.,"1, Yes | 2, No",,,,,,,,,,qol_8_initial_adult,,
less_initial_adult,initial_survey_for_adult_patients,,radio,I was not able to achieve as much work/activities as I wanted to.,"1, Yes | 2, No",,,,,,,,,,qol_8_initial_adult,,
limited_initial_adult,initial_survey_for_adult_patients,,radio,I was limited in the work or other activities I could do.,"1, Yes | 2, No",,,,,,,,,,qol_8_initial_adult,,
trouble_initial_adult,initial_survey_for_adult_patients,,radio,"I had trouble doing work or other activities (for example, it took extra effort).","1, Yes | 2, No",,,,,,,,,,qol_8_initial_adult,,
normal_life_impact_initial_adult,initial_survey_for_adult_patients,,radio,"Over the last 6-12 months, how much did your specific immune defect limit  how you were able to work, go to school, play or do sports, or do other normal activities?","1, Did not limit me at all | 2, Limited me a little or somewhat | 3, Limited me a lot",,,,,,,,,,qol_9_initial_adult,,
qol_mobility,initial_survey_for_adult_patients,,radio,"How much of a problem is it for you to get around by yourself outside your home (for example to go shopping, visiting, or to work/school)?","1, Not at all a problem | 2, A little bit of a problem | 3, Somewhat of a problem | 4, Quite a big problem | 5, I cannot get around unless someone is there to help me",,,,,,,,,,qol_10_initial_adult,,
lasting_damage_initial_adult,initial_survey_for_adult_patients,,checkbox,"<div class=""rich-text-field-label""><p>Currently, do you suffer any long-lasting problem or loss related to...? CHOOSE <span style=""text-decoration: underline;"">all that apply</span></p></div>","1, Digestive function | 2, Hearing | 3, Kidney function | 4, Liver function | 5, Lung function | 6, Mobility | 7, Neurological function | 8, Vision | 99, Other - Please tell us : {other_loss_initial_adult} | 10, No long-lasting loss",,,,,,,,,,,,@NONEOFTHEABOVE=10
other_loss_initial_adult,initial_survey_for_adult_patients,,text,other_loss,,,,,,,[lasting_damage_initial_adult(99)]=1,,,,,,
disability_initial_adult,initial_survey_for_adult_patients,,radio,Do you have any significant disability(ies)?,"1, Yes | 0, No | 2, Unknown",,,,,,,,,,,,
disability_start_initial_adult,initial_survey_for_adult_patients,,descriptive,"When did the disability(ies) begin?
Month{disabilitybeginmonth} Year{disabilitybeginyear}",,,,,,,,,,,,,
disabilitybeginmonth,initial_survey_for_adult_patients,,dropdown,month,"01, January | 02, February | 03, March | 04, April | 05, May | 06, June | 07, July | 08, August | 09, September | 10, October | 11, November | 12, December",,,,,,,,,,,,
disabilitybeginyear,initial_survey_for_adult_patients,,text,year,,,integer,1900,2030,,,,,,,,
spec_disability_initial_adult,initial_survey_for_adult_patients,,notes,Please specify your disability(ies),,,,,,,[disability_initial_adult] = '1',,,,,,
qol_manage_initial_adult,initial_survey_for_adult_patients,,notes,"What, if any, things do you feel you need to help you manage or improve your quality of life? (For example, supports and resources for pain management, mental health, movements, etc.)?",,,,,,,,,,,,,
pid_management_initial_adult,initial_survey_for_adult_patients,,checkbox,Have you received any of the following treatments to manage your primary immunodeficiency in the past year? (Select all that apply):,"1, Chiropractic treatment | 2, Massage | 3, Acupuncture | 4, Herbal remedies | 5, Homeopathic remedies | 99, Other - Please specify: {other_management_initial_adult} | 0, None",,,,,,,,,,,,@NONEOFTHEABOVE=0
other_management_initial_adult,initial_survey_for_adult_patients,,text,other management,,,,,,,[pid_management_initial_adult(99)]=1,,,,,,
supplements_initial_adult,initial_survey_for_adult_patients,,notes,"Please enter all current probiotics, supplements and over the counter medications that you are taking:",,,,,,,,,,,,,
thera_edu_initial_adult,initial_survey_for_adult_patients,,checkbox,What type of therapy/educational support have you received in the last year?,"1, Individualized educational plan | 2, Mental health services | 3, Occupational therapy | 4, Physical therapy | 5, Speech therapy | 99, Other - Please specify: {support_other_initial_adult} | 0, None",,,,,,,,,,,,@NONEOFTHEABOVE=0
mental_support_initial_adult,initial_survey_for_adult_patients,,checkbox,Please clarify the type of mental health support:,"1, Counselling services via medical clinic | 2, Counselling services via family physician | 3, Counselling services via pediatrician | 4, Private type of counselling service | 5, Group therapy services | 6, Virtual counselling service | 99, Other - Please specify: {other_mental_initial_adult}",,,,,,[thera_edu_initial_adult(2)] = '1',,,,,,
support_other_initial_adult,initial_survey_for_adult_patients,,text,support other,,,,,,,[thera_edu_initial_adult(99)]=1,,,,,,
other_mental_initial_adult,initial_survey_for_adult_patients,,text,other mental health supports,,,,,,,[mental_support_initial_adult(99)]=1,,,,,,
current_treatment_initial_adult,initial_survey_for_adult_patients,About Your or the Patient's Treatment,radio,"At this time, what are you currently being treated with?","1, Subcutaneous Immunoglobulin (SCIG) | 2, Intravenous Immunoglobulin (IVIG) | 3, Neither SCIG or IVIG",,,,,,,,,,,,
dose_scig_initial_adult,initial_survey_for_adult_patients,,text,What is your dose of Subcutaneous Immunoglobulin (SCIG) in g/kg?,,,number,,,,[current_treatment_initial_adult] = '1',,,,,,
scig_times_initial_adult,initial_survey_for_adult_patients,,text,How many times per month do you receive SCIG?,,,integer,0,50,,[current_treatment_initial_adult] = '1',,,,,,
switch_ivig_scig_initial_adult,initial_survey_for_adult_patients,,yesno,Did you switch from Intravenous Immunoglobulin (IVIG) to  Subcutaneous Immunoglobulin (SCIG)?,,,,,,,[current_treatment_initial_adult] = '1',,,,,,
reason_switch_initial_adult,initial_survey_for_adult_patients,,checkbox,Why did you switch from IVIG to SCIG?,"1, Caused me to take too much time off work/school | 2, Trouble accessing veins | 3, IVIG decreased my independence | 4, Side-effects of IVIG | 5, Took too long to travel to appointments | 6, Inability to travel for long periods of time | 99, Other - Please specify: {other_reason_initial_adult}",,,,,,[switch_ivig_scig_initial_adult] = '1',,,,,,
other_reason_initial_adult,initial_survey_for_adult_patients,,text,other reason,,,,,,,[reason_switch_initial_adult(99)]=1,,,,,,
adverse_rxn_scig_initial_adult,initial_survey_for_adult_patients,,checkbox,"During the PAST 6 TO 12 MONTHS, did you experience any of the following reactions during or after SCIG therapy? Please, choose all that apply:","1, Abdominal pain | 2, Anxiety | 3, Chills | 4, Diarrhea | 5, Dizziness | 6, Fatigue | 7, Fever | 8, Headache | 9, Hepatitis | 10, Hives | 11, Increased blood pressure | 12, Drop in blood pressure | 13, Muscle spasms or aches | 14, Nausea | 15, Kidney problems | 16, Vomiting | 17, Weakness | 18, Wheezing | 99, Other {scig_eff_initial_adult} | 0, None",,,,,,[current_treatment_initial_adult] = '1',,,,,,@NONEOFTHEABOVE=0
scig_eff_initial_adult,initial_survey_for_adult_patients,,text,Other symptoms after SCIG,,,,,,,[adverse_rxn_scig_initial_adult(99)]=1,,,,,,
prior_to_scig_initial_adult,initial_survey_for_adult_patients,,checkbox,"Which of the following,medications did you take before SCIG therapy?","1, Antihistamine (for example Benadryl or Reactine) - every infusion | 2, Antihistamine - sometimes | 3, Steroid (for example Dexamethasone or Hydrocortisone) - every infusion | 4, Steroid - sometimes | 99, Other - Please specify: {other_easy_scig_initial_adult} | 0, None",,,,,,[current_treatment_initial_adult] = '1',,,,,,@NONEOFTHEABOVE=0
other_easy_scig_initial_adult,initial_survey_for_adult_patients,,text,other easy scig,,,,,,,[prior_to_scig_initial_adult(99)]=1,,,,,,
scig_length_initial_adult,initial_survey_for_adult_patients,,radio,About how long does it take you to set up and finish your SCIG infusion?,"1, 30 minutes or less | 2, 45 minutes | 3, 1 hour | 4, 1.5 hours | 5, More than 1.5 hours",,,,,,[current_treatment_initial_adult] = '1',,,,,,
scig_qol_initial_adult,initial_survey_for_adult_patients,,checkbox,"In what ways has being on SCIG home infusion program improved your quality of life? Please, check all that apply:","1, Control of my own schedule | 2, Flexible infusion times | 3, Fewer medical appointments | 4, Able to work | 5, Able to travel | 6, Able to attend education/study | 7, Feeling of wellness | 8, Less symptoms and side effects post infusion | 99, Other - Please specify: {other_scig_qol_initial_adult}",,,,,,[current_treatment_initial_adult] = '1',,,,,,
other_scig_qol_initial_adult,initial_survey_for_adult_patients,,text,other scig qol,,,,,,,[scig_qol_initial_adult(99)]=1,,,,,,
health_scig_initial_adult,initial_survey_for_adult_patients,,radio,How would you rate your overall health/well-being while taking subcutaneous immunoglobulin (SCIG)?,"1, Excellent | 2, Very Good | 3, Average | 4, Poor | 5, Very Poor",,,,,,[current_treatment_initial_adult] = '1',,,,,,
scig_help_initial_adult,initial_survey_for_adult_patients,,radio,Is there anything with your Subcutaneous Immunoglobulin (SCIG) treatment that you need help with?,"1, Yes - Please specify: {scig_help_specify_initial_adult} | 0, No",,,,,,[current_treatment_initial_adult] = '1',,,,,,
scig_help_specify_initial_adult,initial_survey_for_adult_patients,,text,scig help specify,,,,,,,,,,,,,
dose_ivig_initial_adult,initial_survey_for_adult_patients,,text,What is your dose of Intravenous Immunoglobulin (IVIG) in g/kg?,,,number,,,,[current_treatment_initial_adult] = '2',,,,,,
ivig_times_initial_adult,initial_survey_for_adult_patients,,text,How many times per month do you receive IVIG?,,,integer,0,50,,[current_treatment_initial_adult] = '2',,,,,,
time_off_ivig_initial_adult,initial_survey_for_adult_patients,,yesno,Did you or your support person need to take time off from school or work for you to get your immunoglobulin therapy?,,,,,,,[current_treatment_initial_adult] = '2',,,,,,
react_ivig_initial_adult,initial_survey_for_adult_patients,,yesno,Have you or your support person missed school or work because of how you react to IVIG therapy?,,,,,,,[current_treatment_initial_adult] = '2',,,,,,
adverse_rxn_ivig_initial_adult,initial_survey_for_adult_patients,,checkbox,"During the past 6 to 12 months, did you experience any of the following reactions during or after IVIG therapy? Please, choose all that apply:","1, Abdominal pain | 2, Anxiety | 3, Chills | 4, Diarrhea | 5, Dizziness | 6, Fatigue | 7, Fever | 8, Headache | 9, Hepatitis | 10, Hives | 11, Increased blood pressure | 12, Drop in blood pressure | 13, Muscle spasms or aches | 14, Nausea | 15, Kidney problems | 16, Vomiting | 17, Weakness | 18, Wheezing | 99, Other {other_sx_ivig_adult_init} | 0, None",,,,,,[current_treatment_initial_adult] = '2',,,,,,@NONEOFTHEABOVE=0
other_sx_ivig_adult_init,initial_survey_for_adult_patients,,text,Other symptoms after IVIG,,,,,,,[adverse_rxn_ivig_initial_adult(99)]=1,,,,,,
health_ivig_initial_adult,initial_survey_for_adult_patients,,radio,How would you rate your overall health/well-being while taking IVIG?,"1, Excellent | 2, Very Good | 3, Average | 4, Poor | 5, Very Poor",,,,,,[current_treatment_initial_adult] = '2',,,,,,
prophylactic_ivig_initial_adult,initial_survey_for_adult_patients,,checkbox,Which of the following medications did you take before IVIG therapy?,"1, Antihistamine (for example Benadryl or Reactine) - every infusion | 2, Antihistamine - sometimes | 3, Steroid (for example Dexamethasone or Hydrocortisone) - every infusion | 4, Steroid - sometimes | 99, Other - Please specify: {prophylatic_ivig_initial_adult} | 0, None",,,,,,[current_treatment_initial_adult] = '2',,,,,,@NONEOFTHEABOVE=0
prophylatic_ivig_initial_adult,initial_survey_for_adult_patients,,text,other_prophylatic_ivig,,,,,,,[prophylactic_ivig_initial_adult(99)]=1,,,,,,
ivig_help_initial_adult,initial_survey_for_adult_patients,,radio,Is there anything with your IVIG treatment that you need help with?,"1, Yes - Please specify: {help_ivig_spec_initial_adult} | 0, No",,,,,,[current_treatment_initial_adult] = '2',,,,,,
help_ivig_spec_initial_adult,initial_survey_for_adult_patients,,text,help ivig,,,,,,,,,,,,,
record_id_annual_adult,annual_survey_for_adult_patients,,text,Study ID:,,,,,,,,,,,,,
date_adult_annual,annual_survey_for_adult_patients,,text,Date of completing form.,,,date_dmy,,,,,,,,,,
province_annual_adult,annual_survey_for_adult_patients,,dropdown,"Please, indicate your province","1, Alberta | 2, British Columbia | 3, Manitoba | 4, New Brunswick | 5, Newfoundland and Labrador | 6, Northwest Territories | 7, Nova Scotia | 8, Nunavut | 9, Ontario | 10, Prince Edward Island | 11, Quebec | 12, Saskatchewan | 13, Yukon",,,,,,,,,,,,
time_program_ann_adult,annual_survey_for_adult_patients,Questions About You or the Patient you are answering on behalf of.,radio,How long have you or the patient been in the Immunology Program?,"1, Up to 3 months | 2, Between 3 to 6 months | 3, Between 3 to 12 months | 4, Between 12 to 24 months (about 2 years) | 5, More than 24 months (about 2 years)",,,,,,,,,,,,
location_alberta_ann_adult,annual_survey_for_adult_patients,,radio,Are you or the patient being seen in (for Alberta patients only):,"1, Collaborative Immunohematology Clinic at the UCMC | 2, Subcutaneous Immunoglobulin (SCIg) Home Infusion Program | 3, Both | 0, None",,,,,,[province_annual_adult]=1,,,,,,
age_annual_adult,annual_survey_for_adult_patients,,radio,How old are you or the patient ?,"1, 18-24 years | 2, 25-40 years | 3, 41-55 years | 4, 56-65 years | 5, 66-75 years | 6, >75 years | 7, Prefer not to say",,,,,,,,,,,,
birthdate_ann_adult,annual_survey_for_adult_patients,,descriptive,"What is your birthdate?
Month{month_born_adult_annual} Year{year_born_adult_annual}",,,,,,,,,,,,,
month_born_adult_annual,annual_survey_for_adult_patients,,dropdown,Month,"1, January | 2, February | 3, March | 4, April | 5, May | 6, June | 7, July | 8, August | 9, September | 10, October | 11, November | 12, December",,,,,,,,,,,,
year_born_adult_annual,annual_survey_for_adult_patients,,text,Year,,,integer,1900,2030,,,,,,,,
employment_annual_adult,annual_survey_for_adult_patients,,radio,Are you or the patient :,"1, Working full time | 2, Working part time | 3, Going to school full time | 4, Going to school part time | 5, Retired | 6, Unable to work due to your immune defect | 7, Prefer not to say | 99, Other - Please specify: {other_edu_work_ann_adult}",,,,,,,,,,,,
other_edu_work_ann_adult,annual_survey_for_adult_patients,,text,other_edu_work,,,,,,,[employment_annual_adult]=99,,,,,,
gender_annual_adult,annual_survey_for_adult_patients,,radio,What is your gender?,"1, Female/Woman | 2, Male/Man | 99, Other - Please tell us (for example transgender or two-spirit): {other_gender_annual_adult} | 4, Prefer not to say",,,,,,,,,,,,
other_gender_annual_adult,annual_survey_for_adult_patients,,text,other gender annual,,,,,,,[gender_annual_adult]=99,,,,,,
drug_allergy_annual_adult,annual_survey_for_adult_patients,,yesno,Do you have any new drug allergies?,,,,,,,,,,,,,
environment_allergy_ann_adult,annual_survey_for_adult_patients,,yesno,"Do you have any new environmental allergies? (Cat, dog, dust mites, tree pollen, weeds pollen, grass pollen, mold, etc.)",,,,,,,,,,,,,
food_allergy_ann_adult,annual_survey_for_adult_patients,,yesno,"Do you have any new food allergies? (Egg whites, egg yolk, wheat, milk, tree nuts, peanuts, etc.)",,,,,,,,,,,,,
other_allergy_ann_adult,annual_survey_for_adult_patients,,yesno,"Do you have any new allergies to anything other than drugs, environmental allergens, or food?",,,,,,,,,,,,,
other_allergy_spec_ann_adult,annual_survey_for_adult_patients,,text,Please specify other types of allergies:,,,,,,,[other_allergy_ann_adult] = '1',,,,,,
infections_annual_adult,annual_survey_for_adult_patients,,checkbox,"<div class=""rich-text-field-label""><p>In the last year have you or the patient had any infections? CHOOSE <span style=""text-decoration: underline;"">all that apply.</span></p></div>","1, Abscess (e.g.: open sore, a painful pocket of pus; may be below the skin or in body organs) | 2, Chronic diarrhea (e.g.: very loose, watery stool or bowel movements three or more times in 24 hours and lasting longer than four weeks) | 12, Diarrhea (e.g.: very loose, watery stool or bowel movements) | 3, Ear (e.g.: pain, pressure, and/or drainage of pus from inside the ear) | 4, Eye (e.g.: pain, redness, and/or drainage of pus from eye) | 5, Pneumonia or other lung infection (e.g.: severe infection of one or both lungs) | 11, Sepsis (e.g.: an infection of the blood or blood 'poisoning') | 6, Sinus (e.g.: pain, pressure, and/or drainage of pus in the nasal cavities or nose) | 7, Skin (e.g.: pain, redness, swelling, and/or drainage of pus on or under skin) | 8, Urinary Tract Infection (e.g: a bacterial infection of the urinary tract; burning urination/strong urge to urinate) | 9, Yeast infection (e.g.: an infection caused by fungus; may be painful, red, itchy, or include white patches; found on skin, in mouth, in vagina, etc.) | 99, Other | 0, None",,,,,,,,,,,,@NONEOFTHEABOVE=0
sepsis_times_annual_adult,annual_survey_for_adult_patients,,text,How many times did you or the patient have sepsis in the past year?,,,number,0,100,,[infections_annual_adult(11)]=1,,,,,,
pneumonia_annual_adult,annual_survey_for_adult_patients,,text,How many times did you or the patient have pneumonia or other lung infections in the past year?,,,integer,0,100,,[infections_annual_adult(5)] = '1',,,,,,
ear_annual_adult,annual_survey_for_adult_patients,,text,How many times did you or the patient have an ear infection in the past year?,,,integer,0,100,,[infections_annual_adult(3)] = '1',,,,,,
eye_annual_adult,annual_survey_for_adult_patients,,text,How many times did you or the patient have an eye infection in the past year?,,,integer,0,100,,[infections_annual_adult(4)] = '1',,,,,,
sinus_annual_adult,annual_survey_for_adult_patients,,text,How many times did you or the patient have a sinus infection in the past year?,,,integer,0,100,,[infections_annual_adult(6)] = '1',,,,,,
skin_annual_adult,annual_survey_for_adult_patients,,text,How many times did you or the patient have a skin infection in the past year?,,,integer,0,100,,[infections_annual_adult(7)] = '1',,,,,,
uti_annual_adult,annual_survey_for_adult_patients,,text,How many times did you or the patient have a urinary tract infection in the past year?,,,integer,0,100,,[infections_annual_adult(8)] = '1',,,,,,
fungal_annual_adult,annual_survey_for_adult_patients,,text,How many times did you or the patient have a yeast infection in the past year?,,,integer,0,100,,[infections_annual_adult(9)] = '1',,,,,,
abscess_annual_adult,annual_survey_for_adult_patients,,text,How many times did you or the patient have an abscess in the past year?,,,integer,0,100,,[infections_annual_adult(1)] = '1',,,,,,
chronic_diarrhea_annual_adult,annual_survey_for_adult_patients,,text,"How many times did you or the patient have chronic diarrhea (eg.: very loose, watery stool or bowel movements three or more times in 24 hours and lasting longer than four weeks) in the past year?",,,integer,0,100,,[infections_annual_adult(2)] = '1',,,,,,
diarrhea_ann_adult,annual_survey_for_adult_patients,,text,"How many times did you or the patient have diarrhea (e.g.: very loose, watery stool or bowel movements) in the past year?",,,number,0,100,,[infections_annual_adult(12)]=1,,,,,,
location_yeast_ann_adult,annual_survey_for_adult_patients,,text,"Where did you or the patient have a yeast infection (ex: skin, mouth, vagina, etc)?",,,,,,,[infections_annual_adult(9)] = '1',,,,,,
other_infection_ann_adult,annual_survey_for_adult_patients,,text,"Please, specify the other infection: ",BIOPORTAL:HP,,,,,,[infections_annual_adult(99)]=1,,,,,,
spec_other_infect_ann_adult,annual_survey_for_adult_patients,,text,How many times did you or the patient have another infection in the past year?,,,integer,0,100,,[infections_annual_adult(99)] = '1',,,,,,
admissions_ann_adult,annual_survey_for_adult_patients,,yesno,Have you or the patient been hospitalized for any of the above infections in the past year?,,,,,,,[infections_annual_adult(1)]=1 or [infections_annual_adult(2)]=1 or [infections_annual_adult(3)]=1 or [infections_annual_adult(4)]=1 or [infections_annual_adult(5)]=1 or [infections_annual_adult(6)]=1 or [infections_annual_adult(7)]=1 or [infections_annual_adult(8)]=1 or [infections_annual_adult(9)]=1 or [infections_annual_adult(99)]=1 or [infections_annual_adult(11)]=1 or [infections_annual_adult(12)]=1,,,,,,
admission_times_ann_adult,annual_survey_for_adult_patients,,text,How many times?,,,integer,0,100,,[admissions_ann_adult] = '1',,,,,,
antibiotics_annual_adult,annual_survey_for_adult_patients,,yesno,Have you or the patient been prescribed antibiotics in the past year?,,,,,,,,,,,,,
antibiotic_length_ann_adult,annual_survey_for_adult_patients,,radio,Were you or the patient on antibiotics for longer than 2 weeks?,"1, Yes | 2, No",,,,,,[antibiotics_annual_adult] = '1',,,,,,
gen_health_ann_adult,annual_survey_for_adult_patients,About Your or the Patient's Experiences and Quality of Life,radio,"In general, how would you say your health is?","1, Excellent | 2, Very Good | 3, Good | 4, Fair | 5, Poor",,,,,,,,,,qol_1_annual_adult,,
gen_qol_ann_adult,annual_survey_for_adult_patients,,radio,"In general, how would you say your quality of life is?","1, Excellent | 2, Very Good | 3, Good | 4, Fair | 5, Poor",,,,,,,,,,qol_1_annual_adult,,
gen_physical_ann_adult,annual_survey_for_adult_patients,,radio,"In general, how would you rate your physical health?","1, Excellent | 2, Very Good | 3, Good | 4, Fair | 5, Poor",,,,,,,,,,qol_1_annual_adult,,
gen_mental_ann_adult,annual_survey_for_adult_patients,,radio,"In general, how would you rate your mental health, including mood and ability to think?","1, Excellent | 2, Very Good | 3, Good | 4, Fair | 5, Poor",,,,,,,,,,qol_1_annual_adult,,
gen_satisfaction_ann_adult,annual_survey_for_adult_patients,,radio,"In general, how would you rate your satisfaction with your social activities and relationships?","1, Excellent | 2, Very Good | 3, Good | 4, Fair | 5, Poor",,,,,,,,,,qol_1_annual_adult,,
social_activity_ann_adult,annual_survey_for_adult_patients,,radio,"In general, please rate how well you carry out your usual social activities and roles (this includes activities at home, at work, and in the community, and responsibilities as a parent, child, spouse, employee, friend, etc.).","1, Completely | 2, Mostly | 3, Moderately | 4, A little | 5, Not at all",,,,,,,,,,qol_2_annual_adult,,
daily_life_ann_adult,annual_survey_for_adult_patients,,radio,"To what extent are you able to carry out your everyday physical activities such as walking, climbing stairs, carrying groceries, or moving a chair?","1, Completely | 2, Mostly | 3, Moderately | 4, A little | 5, Not at all",,,,,,,,,,qol_3_annual_adult,,
emotional_ann_adult,annual_survey_for_adult_patients,,radio,"In the PAST WEEK, how often have you been bothered by emotional problems such as feeling anxious depressed or irritable?","1, Never | 2, Rarely | 3, Sometimes | 4, Often | 5, Always",,,,,,,,,,qol_4_annual_adult,,
fatigue_ann_adult,annual_survey_for_adult_patients,,radio,"In the PAST WEEK, how would you rate your fatigue on average?","1, None | 2, Mild | 3, Moderate | 4, Severe | 5, Very severe",,,,,,,,,,qol_5_annual_adult,,
pain_ann_adult,annual_survey_for_adult_patients,,radio,"In the PAST WEEK, how would you rate your pain on average?","1, 0 - No pain | 2, 1 | 3, 2 | 4, 3 | 5, 4 | 6, 5 | 7, 6 | 8, 7 | 9, 8 | 10, 9 | 11, 10 - Worst pain imaginable",,,,,,,,,,qol_6_annual_adult,,
emotion_impact_ann_adult,annual_survey_for_adult_patients,,radio,"Over the PAST WEEK, how much did emotional issues (such as feeling depressed or anxious) affect your work, school, or other activities?","1, No problems. | 2, I was not able to achieve as much as I would like. | 3, I was not able to focus on doing my work or other activities as well as I could. | 4, I stopped going to work and/or doing my regular activities.",,,,,,,,,,qol_7_annual_adult,,
activity_impact_ann_adult,annual_survey_for_adult_patients,,radio,"Over the ?PAST WEEK, how often did your immune and/or emotional issues affect your social activities (like visiting with friends, relatives, etc.)?","1, None of the time | 2, Some of the time | 3, Most of the time | 4, All of the time",,,,,,,,,,qol_8_annual_adult,,
cut_work_ann_adult,annual_survey_for_adult_patients,"Over the PAST 4 WEEKS, did your or the patient's immune issue cause any of the following with work, school, or other regular daily activities? Check the one the best answer for each statement.",radio,I cut down the amount of time I spent on work or other activities.,"1, Yes | 2, No",,,,,,,,,,qol_9_annual_adult,,
less_work_ann_adult,annual_survey_for_adult_patients,,radio,I was not able to achieve as much work/activities as I wanted to.,"1, Yes | 2, No",,,,,,,,,,qol_9_annual_adult,,
limited_work_ann_adult,annual_survey_for_adult_patients,,radio,I was limited in the work or other activities I could do.,"1, Yes | 2, No",,,,,,,,,,qol_9_annual_adult,,
trouble_working_ann_adult,annual_survey_for_adult_patients,,radio,"I had trouble doing work or other activities (for example, it took extra effort).","1, Yes | 2, No",,,,,,,,,,qol_9_annual_adult,,
pain_impact_ann_adult,annual_survey_for_adult_patients,,radio,"During the PAST 4 WEEKS, how much did pain affect your ability to do your normal work, school, or other activities (including both inside and outside the home)?","1, A little bit | 2, Moderately | 3, Quite a bit | 4, Extremely",,,,,,,,,,qol_10_annual_adult,,
mobility_annual_adult,annual_survey_for_adult_patients,,radio,"How much of a problem is it for you to get around by yourself outside your home (for example to go shopping, visiting, or to work/school)?","1, Not at all a problem | 2, A little bit of a problem | 3, Somewhat of a problem | 4, Quite a big problem | 5, I cannot get around unless someone is there to help me",,,,,,,,,,qol_12_annual_adult,,
daily_life_impact_ann_adult,annual_survey_for_adult_patients,,radio,"Over the last 6 to 12 months, how much did your specific immune defect limit how you were able to work, go to school, play or do sports, or do other normal activities?","1, Did not limit me at all | 2, Limited me a little or somewhat | 3, Limited me a lot",,,,,,,,,,qol_11_annual_adult,,
lasting_damage_ann_adult,annual_survey_for_adult_patients,,checkbox,"<div class=""rich-text-field-label""><p>At this time, do you suffer any long-lasting problem or loss related to...? CHOOSE <span style=""text-decoration: underline;"">all that apply. </span></p></div>","1, Digestive Function | 2, Hearing | 3, Kidney Function | 4, Liver Function | 5, Lung Function | 6, Mobility | 7, Neurological Function | 8, Vision | 99, Other - Please specify: {other_damage_ann_adult} | 0, No long-lasting loss",,,,,,,,,,,,@NONEOFTHEABOVE=0
other_damage_ann_adult,annual_survey_for_adult_patients,,text,other lasting damage,,,,,,,[lasting_damage_ann_adult(99)]=1,,,,,,
sig_disability_ann_adult,annual_survey_for_adult_patients,,radio,Do you have any significant disability(ies)?,"1, Yes | 0, No | 2, Unknown",,,,,,,,,,,,
disability_start_ann_adult,annual_survey_for_adult_patients,,descriptive,"When did the disability(ies) begin?
Month{monthdisabilitybegin} Year{yeardisabilitybegin}",,,,,,,,,,,,,
monthdisabilitybegin,annual_survey_for_adult_patients,,dropdown,month,"01, January | 02, February | 03, March | 04, April | 05, May | 06, June | 07, July | 08, August | 09, September | 10, October | 11, November | 12, December",,,,,,,,,,,,
yeardisabilitybegin,annual_survey_for_adult_patients,,text,year,,,integer,1900,2030,,,,,,,,
spec_disability_ann_adult,annual_survey_for_adult_patients,,notes,Please specify your disability(ies),,,,,,,[sig_disability_ann_adult] = '1',,,,,,
management_ann_adult,annual_survey_for_adult_patients,,notes,"What, if any, supports or resources do you feel you need to help you manage or improve your quality of life (for example pain management, mental health, movement, etc.)? ",,,,,,,,,,,,,
current_treatment_ann_adult,annual_survey_for_adult_patients,About Your or the Patient's Treatment,radio,At this time are you being treated with?,"1, Subcutaneous Immunoglobulin (SCIG) | 2, Intravenous Immunoglobulin (IVIG) | 3, Neither SCIG or IVIG",,,,,,,,,,,,
scig_dose_ann_adult,annual_survey_for_adult_patients,,text,What is your dose of Subcutaneous Immunoglobulin (SCIG) in millilitres (mls)?,,,number,,,,[current_treatment_ann_adult] = '1',,,,,,
scig_times_annual_adult,annual_survey_for_adult_patients,,text,How many times per month do you receive SCIG?,,,integer,0,50,,[current_treatment_ann_adult] = '1',,,,,,
switch_scig_ivig_ann_adult,annual_survey_for_adult_patients,,yesno,Did you switch from Intravenous Immunoglobulin (IVIG) to Subcutaneous Immunoglobulin (SCIG)?,,,,,,,[current_treatment_ann_adult] = '1',,,,,,
reason_switch_ann_adult,annual_survey_for_adult_patients,,checkbox,Why did you switch from IVIG to SCIG?,"1, Caused me to take too much time off work/school | 2, Trouble accessing veins | 3, IVIG decreased my independence | 4, Side-effects of IVIG | 5, Took too long to travel to appointments | 6, Inability to travel for long periods of time | 99, Other  - Please specify: {other_switch_ann_adult}",,,,,,[switch_scig_ivig_ann_adult] = '1',,,,,,
adverse_scig_ann_adult,annual_survey_for_adult_patients,,checkbox,"<div class=""rich-text-field-label""><p>Over the PAST 6 to 12 MONTHS, did you experience any of the following reactions while taking or after SCIG therapy? <span style=""text-decoration: underline;"">CHOOSE all that apply.</span></p></div>","1, Abdominal pain | 2, Anxiety | 3, Chills | 4, Diarrhea | 5, Dizziness | 6, Fatigue | 7, Fever | 8, Headache | 9, Hepatitis | 10, Hives | 11, Increased blood pressure | 12, Drop in blood pressure | 13, Muscle spasms or aches | 14, Nausea | 15, Kidney problems | 16, Vomiting | 17, Weakness | 18, Wheezing | 99, Other {sx_scig_ann_adult} | 0, None",,,,,,[current_treatment_ann_adult] = '1',,,,,,@NONEOFTHEABOVE=0
sx_scig_ann_adult,annual_survey_for_adult_patients,,text,Othe Sx after SCIg,,,,,,,[adverse_scig_ann_adult(99)]=1,,,,,,
scig_prophylaxis_ann_adult,annual_survey_for_adult_patients,,checkbox,Which of the following medications did you take before SCIG therapy?,"1, Antihistamine (for example Benadryl or Reactine) - every infusion | 2, Antihistamine - sometimes | 3, Steroid (for example Dexamethasone or Hydrocortisone) - every infusion | 4, Steroid - sometimes | 99, Other - Please specify: {other_prophylactic_ann_adult} | 0, None",,,,,,[current_treatment_ann_adult] = '1',,,,,,@NONEOFTHEABOVE=0
other_prophylactic_ann_adult,annual_survey_for_adult_patients,,text,other prophylaxis annual,,,,,,,[scig_prophylaxis_ann_adult(99)]=1,,,,,,
other_switch_ann_adult,annual_survey_for_adult_patients,,text,other switch,,,,,,,[reason_switch_ann_adult(99)]=1,,,,,,
time_scig_ann_adult,annual_survey_for_adult_patients,,radio,"About, how long does it take you to prepare and complete your SCIG infusion?","1, 30 minutes or less | 2, 45 minutes | 3, 1 hour | 4, 1.5 hours | 5, More than 1.5 hours",,,,,,[current_treatment_ann_adult] = '1',,,,,,
scig_qol_ann_adult,annual_survey_for_adult_patients,,checkbox,In what ways has being on the Subcutaneous Immunoglobulin (SCIG) Home Infusion program improved your quality of life? Please check all that apply:,"1, Control of my own schedule | 2, Flexible infusion times | 3, Fewer medical appointments | 4, Able to work | 5, Able to travel | 6, Able to attend education/study | 7, Feeling of wellness | 8, Less symptoms and side effects post infusion | 99, Other - Please specify: {other_qol_scig_ann_adult}",,,,,,[current_treatment_ann_adult] = '1',,,,,,
other_qol_scig_ann_adult,annual_survey_for_adult_patients,,text,other qol scig,,,,,,,[scig_qol_ann_adult(99)]=1,,,,,,
health_scig_ann_adult,annual_survey_for_adult_patients,,radio,How would you rate your overall health/well-being while taking subcutaneous immunoglobulin (SCIG)?,"1, Excellent | 2, Very Good | 3, Average | 4, Poor | 5, Very Poor",,,,,,[current_treatment_ann_adult] = '1',,,,,,
help_scig_ann_adult,annual_survey_for_adult_patients,,radio,Is there anything with your Subcutaneous Immunoglobulin (SCIG) treatment that you need help with?,"0, No | 1, Yes - Please specify: {help_scig_spec_ann_adult}",,,,,,[current_treatment_ann_adult] = '1',,,,,,
ivig_dose_ann_adult,annual_survey_for_adult_patients,,text,What is your dose of Intravenous Immunoglobulin (IVIG) in grams (g)?,,,number,,,,[current_treatment_ann_adult] = '2',,,,,,
times_ivig_ann_adult,annual_survey_for_adult_patients,,text,How many times per month do you receive IVIG?,,,integer,0,50,,[current_treatment_ann_adult] = '2',,,,,,
time_off_ivig_ann_adult,annual_survey_for_adult_patients,,yesno,Did you or your support person need to take time off from school or work for you to get your immunoglobulin therapy?,,,,,,,[current_treatment_ann_adult] = '2',,,,,,
react_time_off_ivig_ann_adult,annual_survey_for_adult_patients,,yesno,Have you or your support person missed school or work because of how you react to IVIG therapy?,,,,,,,[current_treatment_ann_adult] = '2',,,,,,
adverse_ivig_ann_adult,annual_survey_for_adult_patients,,checkbox,"<div class=""rich-text-field-label""><p>Over the past 6 to 12 months, did you experience any of the following reactions during or after IVIG therapy? <span style=""text-decoration: underline;""><span style=""color: #000000; text-decoration: underline;"">CHOOSE all that apply.</span></span></p></div>","1, Abdominal pain | 2, Anxiety | 3, Chills | 4, Diarrhea | 5, Dizziness | 6, Fatigue | 7, Fever | 8, Headache | 9, Hepatitis | 10, Hives | 11, Increased blood pressure | 12, Drop in blood pressure | 13, Muscle spasms or aches | 14, Nausea | 15, Kidney problems | 16, Vomiting | 17, Weakness | 18, Wheezing | 99, Other {sx_ivig_ann_adult} | 0, None",,,,,,[current_treatment_ann_adult] = '2',,,,,,@NONEOFTHEABOVE=0
sx_ivig_ann_adult,annual_survey_for_adult_patients,,text,Other Sx after IVIG,,,,,,,[adverse_ivig_ann_adult(99)]=1,,,,,,
overall_health_ivig_ann_adult,annual_survey_for_adult_patients,,radio,How would you rate your overall health/well-being while taking IVIG?,"1, Excellent | 2, Very Good | 3, Average | 4, Poor | 5, Very Poor",,,,,,[current_treatment_ann_adult] = '2',,,,,,
ivig_prophylaxis_ann_adult,annual_survey_for_adult_patients,,checkbox,Which of the following medications did you take before IVIG therapy?,"1, Antihistamine (for example Benadryl or Reactine) - every infusion | 2, Antihistamine - sometimes | 3, Steroid (for example Dexamethasone or Hydrocortisone) - every infusion | 4, Steroid - sometimes | 99, Other - Please specify: {ivig_prophylactic_ann_adult} | 0, None",,,,,,[current_treatment_ann_adult] = '2',,,,,,@NONEOFTHEABOVE=0
ivig_prophylactic_ann_adult,annual_survey_for_adult_patients,,text,ivig prophylactic annual,,,,,,,[ivig_prophylaxis_ann_adult(99)]=1,,,,,,
help_ivig_ann_adult,annual_survey_for_adult_patients,,radio,Is there anything with your IVIG treatment that you need help with?,"0, No | 1, Yes - Please specify: {help_ivig_spec_ann_adult}",,,,,,[current_treatment_ann_adult]=2,,,,,,
help_ivig_spec_ann_adult,annual_survey_for_adult_patients,,text,help_ivig_specify_v2,,,,,,,,,,,,,
help_scig_spec_ann_adult,annual_survey_for_adult_patients,,text,help scig specify,,,,,,,,,,,,,
other_treatment_ann_adult,annual_survey_for_adult_patients,,checkbox,Have you received any of the following additional treatments to manage primary immunodeficiency in the past year? (Select all that apply):,"1, Chiropractic treatment | 2, Massage | 3, Acupuncture | 4, Herbal remedies | 5, Homeopathic remedies | 99, Other - {treatment_other_ann_adult} | 0, None",,,,,,,,,,,,@NONEOFTHEABOVE=0
treatment_other_ann_adult,annual_survey_for_adult_patients,,text,specify other treatment,,,,,,,[other_treatment_ann_adult(99)]=1,,,,,,
medications_ann_adult,annual_survey_for_adult_patients,,notes,"Please enter all current probiotics, supplements and over the counter medications that you are taking:",,,,,,,,,,,,,
edu_support_ann_adult,annual_survey_for_adult_patients,,checkbox,What type of therapy/educational support have you received in the last year?,"1, Individualized Educational Plan | 2, Mental health services | 3, Occupational therapy | 4, Physical therapy | 5, Speech therapy | 99, Other - Please specify: {pt_add_support_ann_adult} | 0, None",,,,,,,,,,,,@NONEOFTHEABOVE=0
pt_add_support_ann_adult,annual_survey_for_adult_patients,,text,What other therapy/support have you received?,,,,,,,[edu_support_ann_adult(99)]=1,,,,,,
type_mental_support_ann_adult,annual_survey_for_adult_patients,,checkbox,"Please, clarify the type of mental health support","1, Counselling services via Medical Clinic | 2, Counselling services via Family Physician | 3, Counselling service via Pediatrician | 4, Private type of counselling service | 5, Group therapy services | 6, Virtual counselling service | 99, Other - Please specify: {other_mental_ann_adult} | 0, None",,,,,,[edu_support_ann_adult(2)] = '1',,,,,,@NONEOFTHEABOVE=0
other_mental_ann_adult,annual_survey_for_adult_patients,,text,Other mental health support,,,,,,,[type_mental_support_ann_adult(99)]=1,,,,,,
assigned_centerid,patient_demographics_initial_form,,text,Enter the assigned Number of your Center in the Canadian National IEI Registry,,,number,0,10000,,,,,,,,
visit_date_demographics,patient_demographics_initial_form,,text,Enter the date for this visit,,,date_dmy,,,,,y,,,,,
type_participant,patient_demographics_initial_form,,dropdown,Indicate the type of participant,"P, Patient with immunodeficiency (P) | C, Carrier, genetic carrier for such a defect (C) | Inf, Lymphopenia, Infant identified as having low lymphocytes as a result of newborn screening (Inf)",,,,,,,,,,,,
record_id_no_dag,patient_demographics_initial_form,,text,"[Hidden] Removes DAG component of record ID, if needed",,,,,,,,,,,,," @HIDDEN
@CALCTEXT(
if(find('-', [record_id])!=0, right([record_id], length([record_id])-find('-', [record_id])), [record_id])
)"
record_id_leading_zeroes,patient_demographics_initial_form,,text,"[Hidden] Add leading zeroes to record ID number, if needed",,,,,,,,,,,,," @HIDDEN
@CALCTEXT(
if(length([record_id_no_dag])>=4, [record_id_no_dag],
if(length([record_id_no_dag]) =1, concat('000',[record_id_no_dag]),
if(length([record_id_no_dag]) =2, concat('00',[record_id_no_dag]),
if(length([record_id_no_dag]) =3, concat('0',[record_id_no_dag]),
'')))))"
national_iei_registry_id,patient_demographics_initial_form,,text,National IEI Registry ID,,,,,,,[event-name] = 'initialbaseline_arm_1',,,,,," @CALCTEXT(concat([assigned_centerid], '-', [record_id_leading_zeroes], [type_participant]))"
province_demographics,patient_demographics_initial_form,,dropdown,Please indicate your province or territory:,"1, Alberta, AB | 2, British Columbia, BC | 3, Manitoba, MB | 4, New Brunswick, NB | 5, Newfoundland and Labrador, NL | 6, Northwest Territories, NT | 7, Nova Scotia, NS | 8, Nunavut, NU | 9, Ontario, ON | 10, Prince Edward Island, PE | 11, Quebec, QC | 12, Saskatchewan, SK | 13, Yukon, YT",,,,,,,,,,,,
basic_birthdate,patient_demographics_initial_form,,descriptive,"What is the individual's birthdate?
Month {birth_month} Year{birth_year}",,,,,,,,,,,,,
birth_month,patient_demographics_initial_form,,dropdown,Month,"01, January | 02, February | 03, March | 04, April | 05, May | 06, June | 07, July | 08, August | 09, September | 10, October | 11, November | 12, December | 13, Unknown",,,,,,,,,,,,
birth_year,patient_demographics_initial_form,,text,Year,,,,,,,,,,,,,
usidnet_id,patient_demographics_initial_form,"Please enter the patient study ID(s) for any other relevant studies. If you do not have this information, contact the research team to obtain the appropriate number(s).",text,USIDNET ID#,,,,,,,,,,,,,
esid_id,patient_demographics_initial_form,,text,ESID ID#,,,number,,,,,,,,,,
pidtc_id,patient_demographics_initial_form,,text,PIDTC ID#,,,number,,,,,,,,,,
cibmtr,patient_demographics_initial_form,,text,CIBMTR ID#,,,,,,,,,,,,,
other_study_id,patient_demographics_initial_form,,text,Other Study ID#,,,number,,,,,,,,,,
enrolling_phys_demo,patient_demographics_initial_form,,text,Name of Physician/NP/Provider Enrolling this Patient,,,,,,,,,,,,,
form_completion_demo,patient_demographics_initial_form,,text,Name and role of person completing this data entry form:,,,,,,,,,,,,,
genetic_diagnosis,patient_demographics_initial_form,,dropdown,Is a diagnosis available?,"1, Yes | 2, No",,,,,,,,,,,,
iei_2024_class,patient_demographics_initial_form,,descriptive,"For detailed information, please visit ___ the 2024 IEI Classification from the IUIS",,,,,,,[genetic_diagnosis] = '1',,,,,,
iei_deficiency_basic,patient_demographics_initial_form,,dropdown,"Please search for the IEI diagnosis: 
To locate a diagnosis in the list, search by the first letter of the associated gene.","mondo_0014690, ACD - DKCA6 (AD / AR) | mondo_0009470, ACTB - b actin deficiency | mondo_0007064, ADA - Adenosine deaminase (ADA) deficiency | mondo_0013693, ADAM17 - ADAM17 deficiency | mondo_0014007, ADAR1 - ADAR1 deficiency (AGS6) | mondo_0014306, ADA2 - ADA2 deficiency | mondo_0015977, Agammaglobulinemia | mondo_0011528, AICDA - AID deficiency | mondo_0009411, AIRE - APECED (APS-1), autoimmune polyendocrinopathy with candidiasis and ectodermal dystrophy | mondo_0009973, AK2 - Reticular dysgenesis | mondo_0035370, ALPI - ALPI deficiency | mondo_0013999, ALPK1 - Retinal dystrophy, optic nerve oedema, splenomegaly, anhidrosis, and headache (ROSAH) | mondo_0012931, APOL1 - Trypanosomiasis susceptibility | mondo_0014494, AP1S3 - AP1S3 deficiency | mondo_0011997, AP3B1 - Hermansky-Pudlak syndrome, type 2 | mondo_0014885, AP3D1 - Hermansky-Pudlak syndrome, type 10 | mondo_0032763, ARHGEF1 - ARHGEF1 deficiency | mondo_0957920, ARPC5 - ARPC5 deficiency | mondo_0060583, ARPC1B - ARPC1B deficiency | hp_000176, Asplenia | mondo_0014958, ATAD3A - ATAD3A deficiency (AD) | mondo_0032931, ATAD3A - ATAD3A deficiency (AR) | atg4a_deficiency, ATG4A - ATG4A | mondo_0008840, ATM - Ataxia-telangiectasia | mondo_0010504, ATP6AP1 - ATP6AP1 deficiency | mondo_0015974, (atypical) severe combined immunodeficiency | mondo_0032723, BACH2 - BACH2 deficiency | mondo_0014981, BCL11B - BCL11B deficiency | mondo_0014491, BCL10 - BCL10 deficiency | mondo_0009434, B2M - MHC class I deficiency | mondo_0013289, BLNK - BLNK deficiency | mondo_0008876, BLM - Bloom Syndrome | mondo_0054748, BRCA1 - Fanconi Anemia Type S | mondo_0011584, BRCA2 - Fanconi Anemia Type D1 | mondo_0012187, BRIP1 - Fanconi Anemia Type J | mondo_0010421, BTK - BTK deficiency, X-linked agammaglobulinemia (XLA) | mondo_0014561, CLPB - 3-Methylglutaconic aciduria (AR) | mondo_0859237, CLPB - 3-Methylglutaconic aciduria (AD) | mondo_0011383, CASP10 - ALPS-Caspase10 | mondo_0011804, CASP8 - ALPS-Caspase 8 | mondo_0009308, CYBA - Autosomal recessive CGD p22phox | mondo_0030066, CYBC1 - Autosomal recessive CGD EROS | mondo_0014645, CARD11 - CARD11 GOF | mondo_0030378, C2orf69 - C2orf69 deficiency | mondo_0958182, C1QA - C1q deficiency due to defects in C1QA | mondo_0958187, C1QB - C1q deficiency due to defects in C1QB | mondo_0958188, C1QC - C1q deficiency due to defects in C1QC | mondo_0009005, C1R - C1r deficiency | mondo_0020684, C1R - C1r Periodontal Ehlers Danlos | mondo_0013419, C1S - C1s deficiency | mondo_0014954, C1S - C1s Periodontal Ehlers Danlos | mondo_0009006, C2 - C2 deficiency | mondo_0013417, C3 - C3 deficiency (LOF) | mondo_0013043, C3 - C3 GOF | mondo_0012295, C5 - C5 deficiency | mondo_0012908, C6 - C6 deficiency | mondo_0012412, C7 - C7 deficiency | mondo_0013422, C8A - C8a deficiency | mondo_0013421, C8B - C8b deficiency | c8g_deficiency, C8G - C8g deficiency | mondo_0013445, C9 - C9 deficiency | mondo_0011269, CARD14 - CAMPS (CARD14 mediated psoriasis) | mondo_0008905, CARD9 - CARD9 deficiency | mondo_0054697, CARD11 - CARD11 DN LOF | mondo_0014081, CARD11 - CARD11 deficiency (LOF) | cd28_deficiency, CD28 - CD28 deficiency | mondo_0014054, CD27 - CD27 deficiency | mondo_0014313, FCGR3A - CD16 deficiency | mondo_0013283, CD19 - CD19 deficiency | mondo_0013285, CD20 - CD20 deficiency | mondo_0013862, CD21 - CD21 deficiency | mondo_0013286, CD81 - CD81 deficiency | mondo_0034054, CD70 - CD70 deficiency | mondo_0012161, CD8A - CD8 deficiency | mondo_0009174, CD55 - CD55 deficiency (CHAPEL disease) | mondo_0957388, CBLB - CBLB deficiency | mondo_0009060, CCR2 - CCR2 deficiency | mondo_0014757, CDC42 - CDC42 defects | mondo_0014276, CD3G - CD3g deficiency | mondo_0014280, CD3D - CD3d deficiency | mondo_0014278, CD3E - CD3e deficiency | mondo_0012426, CD247 - CD3z deficiency | mondo_0044207, CEBPE - CEBPE defects | mondo_0008965, CHD7 - CHARGE syndrome due to CHD7 deficiency | mondo_0032644, CIB1 - CIB1 deficiency | mondo_0012676, CLCN7 - CLCN7 deficiency associated osteopetrosis (AR) | mondo_0008156, CLCN7 - CLCN7 deficiency associated osteopetrosis (AD) | mondo_0024564, CTC1 - Coats plus syndrome due to CTC1 deficiency | mondo_0014168, CORO1A - Coronin-1A deficiency | complete_c4_deficiency, C4A & C4B - Complete C4 deficiency | mondo_0800136, COPG1 - COPG1 deficiency | mondo_0014629, COPA - COPA defect | mondo_0010424, CSF2RA - Congenital pulmonary alveolar proteinosis due to CSF2RA mutations | mondo_0013712, CSF2RB - Congenital pulmonary alveolar proteinosis due to CSF2RB mutations | mondo_0030798, CTNNBL1 - CTNNBL1 deficiency | mondo_0014391, CTPS1 - CTPS1 deficiency | mondo_0014493, CTLA4 - CTLA4 deficiency (ALPSV) | mondo_0030374, CXCR2 - CXCR2 deficiency | mondo_0009061, CFTR - Cystic fibrosis | mondo_0800134, CRACR2A - CRACR2A deficiency | mondo_0012350, CFH - Factor H deficiency (AR / AD) | factor_h_related_prot_def, CFHR1 - Factor H -related protein deficiencies | mondo_0012594, CFI - Factor I deficiency (AR) | mondo_0013041, CFI - Factor I deficiency (AD) | mondo_0013042, CFB - Factor B GOF (AD) | mondo_0014255, CFB - Factor B LOF (AR) | mondo_0013487, CFD - Factor D deficiency | mondo_0014865, CSF3R - G-CSF receptor deficiency | mondo_0009337, CCBE1 - Hennekam-lymphangiectasia-lymphedema syndrome due to CCBE1 deficiency | mondo_0014828, CDCA7 - Immunodeficiency with centromeric instability and facial anomalies (ICF3) | mondo_0013288, CD79A - Iga deficiency | mondo_0012987, CD79B - Igb deficiency | mondo_0010389, CYBB - gp91 phox deficiency Macrophage /  X-linked chronic granulomatous disease (CGD), gp91phox | mondo_0013040, CD46 - Membrane Cofactor Protein (CD46) deficiency (AD / AR) | mondo_0012858, CD59 - Membrane Attack Complex Inhibitor (CD59) deficiency | mondo_0971005, CIITA - MHC class II deficiency group A | pd_l1_deficiency, CD274 - PD-L1 deficiency | mondo_0009490, CTSC - Papillon-Lefèvre Syndrome | mondo_0010713, CFP - Properdin deficiency | mondo_0029134, CARMIL2 - RLTPR (CARMIL2) deficiency | mondo_0009842, CEBPE - Specific granule deficiency | mondo_8000006, CXCR4 - WHIM (Warts, Hypogammaglobulinemia, infections, Myelokathexis) syndrome | mondo_0015131, combined immunodeficiency | mondo_0001222, congenital T-cell immunodeficiency / non-SCID | mondo_0021094, combined immunodeficiency | mondo_0011055, Del10p13-p14 - Chromosome 10p13-p14 deletion Syndrome (10p13-p14DS) | dbf4_deficiency, DBF4 - DBF4 deficiency | mondo_0030334, DBR1 - DBR1 deficiency | mondo_0011225, DCLRE1C - DCLRE1C (Artemis) deficiency | mondo_0030457, DEF6 - DEF6 deficiency | mondo_0010584, DKC1 - DKCX1 | mondo_0859319, DCLRE1B - DKC DCLRE1B | mondo_0014714, DIAPH1 - DIAPH1 deficiency | mondo_0957494, DOCK11 - DOCK11 deficiency | mondo_0014637, DOCK2 - DOCK2 deficiency | mondo_0009478, DOCK8 - DOCK8 deficiency | mondo_0957229, DPP9 - DPP9 deficiency | mondo_0013743, DNASE1L3 - DNASE1L3 deficiency | mondo_0800132, DNASE2 - DNASE2 deficiency | mondo_0700311, DNAJC21 - Schwachman Diamond syndrome due to DNAJC21 deficiency | mondo_0009454, DNMT3B - Immunodeficiency with centromeric instability and facial anomalies (ICF1) | mondo_0042490, ELANE - Elastase deficiency (SCN1) | mondo_0014108, ERCC4 - Fanconi Anemia Type Q | mondo_0024770, ELF4 - ELF deficiency | mondo_0044205, EFL1 - Schwachman Diamond syndrome due to EFL1 deficiency | mondo_0958120, ERBIN - ERBIN deficiency | mondo_0044312, EXTL3 - Immunoskeletal dysplasia with neurodevelopmental abnormalities (EXTL3 Deficiency) | ire1a_deficiency, ERN1 - IRE1a deficiency | mondo_0014317, ERCC6L2 - BMFS2 (Hebo deficiency) | mondo_0009452, EPG5 - Vici syndrome due to EPG5 deficiency | early_onset_ibd, Early-onset inflammatory bowel disease | early_onset_mad, Early-onset multi-organ autoimmune disease | mondo_0013408, FADD - FADD deficiency | faap24_deficiency, FAAP24 - FAAP24 deficiency | mondo_0009215, FANCA - Fanconi Anemia Type A | mondo_0010351, FANCB - Fanconi Anemia Type B | mondo_0009213, FANCC - Fanconi Anemia Type C | mondo_0009214, FANCD2 - Fanconi Anemia Type D2 | mondo_0010953, FANCE - Fanconi Anemia Type E | mondo_0011325, FANCF - Fanconi Anemia Type F | mondo_0012186, FANCI - Fanconi Anemia Type I | mondo_0013566, FANCL - Fanconi Anemia Type L | mondo_0054862, FANCM - Fanconi Anemia Type M | mondo_0030898, FCHO1 - FCHO1 deficiency | mondo_0008260, FERMT1 - FERMT1 deficiency (Kindler syndrome) | mondo_0013467, FCN3 - Ficolin 3 deficiency | flt3l_deficiency, FLT3LG - FLT3L deficiency | mondo_0958194, FOXI3 - FOXI3 Haploinsufficiency | 1, FOXP3 - IPEX, XL | mondo_0011132, FOXN1 - Winged helix FOXN1 deficiency (Nude SCID) | mondo_0032928, FOXN1 - FOXN1 Haplosufficiency | mondo_0030528, FNIP1 - FNIP1 deficiency | mondo_0014454, FAT4 - Hennekam-lymphangiectasia-lymphedema syndrome due to FAT4 deficiency | mondo_0013016, FERMT3 - Leukocyte adhesion deficiency type 3 (LAD3) | mondo_0018643, FPR1 - Localized juvenile periodontitis | mondo_0010480, G6PD - G6PD deficiency Class I | mondo_0012930, G6PC3 - G6PC3 deficiency (SCN4) | mondo_0013607, GATA2 - GATA2 deficiency (MonoMac syndrome) | mondo_0013139, GFI1 - GFI1 deficiency (SCN2) | mondo_0011922, GFI1 - GFI1 deficiency (SCN2) | mondo_0030397, GIMAP5 - GIMAP5 deficiency | gimap6_deficiency, GIMAP6 - GIMAP6 deficiency | gins4_deficiency, GINS4 - GINS4 deficiency | mondo_0009288, G6PT1 - Glycogen storage disease type 1b | gtf3a_deficiency, GTF3A - GTF3A deficiency | mondo_0012548, HAX1 - HAX1 deficiency (Kostmann Disease) (SCN3) | mondo_0009305, HYOU1 - HYOU1 deficiency | mondo_0013536, HMOX1 - Isolated congenital asplenia (ICA) due to HMOX deficiency | mondo_0014829, HELLS - Immunodeficiency with centromeric instability and facial anomalies (ICF4) | mondo_0011664, IL2RA - CD25 deficiency | mondo_0032782, IL2RB - CD122 deficiency | mondo_0013021, IL1RN - DIRA (Deficiency of the Interleukin 1 Receptor Antagonist) | mondo_0013626, IL36RN - DITRA (Deficiency of IL-36 receptor antagonist) | mondo_0958177, IL1R1 - CRMO3 IL1R1 disorder | mondo_0800140, ITPKB - ITPKB deficiency | mondo_0011864, ICOS - ICOS deficiency | mondo_0970993, ICOSLG - ICOLG deficiency | mondo_0033541, IFNG - IFNG deficiency | mondo_0030970, IFNAR1 - IFNAR1 deficiency | mondo_0014727, IFNAR2 - IFNAR2 deficiency | mondo_0014810, IKZF1 - IKAROS haplosufficiency / GOF / deficiency | mondo_1010177, IKZF2 - IKZF2 DN | mondo_0800139, IKZF2 - IKZF2 deficiency (AD / AR) | mondo_0030333, IKZF3 - AIOLOS deficiency | mondo_0014267, IKBKB - IKBKB deficiency (AR) | ikbke_deficiency, IKBKE - IKBKE deficiency | mondo_0012163, IL7R - IL7Ra deficiency | mondo_0014082, IL21R - IL-21R deficiency | mondo_0014338, IL21 - IL-21 deficiency | mondo_0013153, IL10RA - IL-10Ra deficiency | mondo_0012941, IL10RB - IL-10Rb deficiency | mondo_0016542, IL10 - IL-10 deficiency | mondo_0013503, IL17F - IL-17F deficiency | mondo_0013500, IL17RA - IL-17RA deficiency | mondo_0014642, IL17RC - IL-17RC deficiency | mondo_0032809, IL18BP - IL-18BP deficiency | mondo_0030069, IL6R - IL6 receptor deficiency | mondo_0800131, IL6ST - IL6 signal transducer (IL6ST) deficiency (AR) | mondo_0032796, IL6ST - IL6 signal transducer (IL6ST) deficiency (AD) | mondo_0032782, IL12RB2 - IL-12Rb2 deficiency | mondo_0013954, IL12B - IL-12p40 (IL-12 and IL-23) deficiency | mondo_0013955, IL12RB1 - IL-12 and IL-23 receptor b1 chain deficiency | il_23r_deficiency, IL23R - IL-23R deficiency | il_27ra_deficiency, IL27RA - IL-27RA deficiency | mondo_0013576, IGKC - Kappa chain deficiency / IgG subclass deficiency with IgA deficiency | mondo_0014680, IRF3 - IRF3 deficiency | mondo_0958011, IRF1 - IRF1 deficiency | mondo_0054691, IRF2BP2 - IRF2BP2 deficiency | mondo_0700327, IRF4 - IRF4 haplosufficiency | irf4_multimorphic_r95t, IRF4 - IRF4 multimorphic R95T | mondo_0013957, IRF8 - IRF8 deficiency (AD) | mondo_0009194, IRF8 - IRF8 deficiency (AR) | mondo_0014597, IRF7 - IRF7 deficiency | mondo_0032848, IRF9 - IRF9 deficiency | irak1_deficiency, IRAK1 - IRAK1 deficiency | mondo_0011888, IRAK4 - IRAK4 deficiency | irak4_disorder, IRAK4 - IRAK4 disorder | mondo_0014502, ISG15 - ISG15 deficiency | mondo_0013081, ITK - ITK deficiency | mondo_0859311, ITPR3 - ITPR3 | mondo_0013245, ITCH - ITCH deficiency | mondo_0007293, ITGB2 - Leukocyte adhesion deficiency type 1 (LAD1) | ipex_like_disease, IPEX-like disease | mondo_0013287, IGLL1 - l5 deficiency | mondo_0020729, IGHM - m heavy chain deficiency | mondo_0014367, IFIH1 - Aicardi-Goutieres syndrome 7 (AGS7) | mondo_0020740, IKBKG - EDA-ID due to NEMO/IKBKG deficiency (ectodermal dysplasia, immune deficiency) | mondo_0032599, IKBKB - EDA-ID due to IKBKB GOF mutation | mondo_0010315, IL2RG - gc deficiency (common gamma chain SCID, CD132 deficiency) | mondo_0014226, idiopathic CD4 lymphocytopenia | mondo_0033558, JAK1 - JAK1 GOF / LOF | mondo_0010938, JAK3 - JAK3 deficiency | mondo_0014456, JAGN1 - JAGN1 deficiency | mondo_0010465, KDM6A - Kabuki Syndrome 2 due to KDM6A deficiency | mondo_0007843, KMT2D - Kabuki Syndrome 1 due to KMT2D deficiency (MLL2) | mondo_0030893, KARS1 - KARS1 deficiency | mondo_0011518, KMT2A - Widemann-Steiner syndrome | mondo_0044721, LAT - LAT deficiency | mondo_0030693, LIG1 - Ligase I deficiency | mondo_0013863, LRBA - LRBA deficiency | mondo_0011686, LIG4 - DNA ligase IV deficiency | mondo_0008963, LYST - Chediak-Higashi syndrome | mondo_0957271, LYN - LYN GOF disease | md2_deficiency, LY96 - MD2 deficiency | mondo_0012316, LPIN2 - Majeed syndrome | mondo_0012559, LAMTOR2 - P14/LAMTOR2 deficiency | mondo_0030302, LCP2 - SLP76 deficiency | mondo_0014758, MECOM - EVI1, MECOM deficiency | mondo_0007601, MEFV - Familial Mediterranean fever (AD) | mondo_0009572, MEFV - Familial Mediterranean fever (AR) | mondo_0014985, MAD2L2 - Fanconi Anemia Type V | mondo_0013423, MASP2 - MASP2 deficiency | mondo_0014197, MALT1 - MALT1 deficiency | mondo_0800141, MAN2B2 - MAN2B2 deficiency | mondo_0011629, MOGS (GCS1) - Mannosyl-oligosaccharide glucosidase deficiency (MOGS) | map1lc3b2_deficiency, MAP1LC3B2 - MAP1LC3B2 | mondo_0800142, MAPK8 - MAPK8 deficiency | mondo_0030266, MCM10 - MCM10 deficiency | mondo_0012383, MCM4 - MCM4 deficiency | mondo_0958030, MCTS1 - MCTS1 deficiency | mondo_0060611, MTHFD1 - Methylene-tetrahydrofolate dehydrogenase 1 (MTHFD1) deficiency | mondo_0009849, MVK - Mevalonate kinase deficiency (Hyper IgD syndrome) | mondo_0010514, MSN - Moesin deficiency | mondo_0030841, MSH6 - MSH6 | mondo_0012839, MYD88 - MyD88 deficiency | mondo_0020856, MYSM1 - MYSM1 deficiency | mondo_0030013, MRTFA - Neutropenia with combined immune deficiency due to MKL1 deficiency | mondo_0957535, MAP3K14 - NIK deficiency | mondo_0013714, mannose-binding lectin deficiency | mondo_0014659, NBAS - Acute liver failure due to NBAS deficiency | mondo_0008523, NOD2 - Blau syndrome | mondo_0009310, NCF2 - Autosomal recessive CGD p67phox | mondo_0013507, NCF4 - Autosomal recessive CGD p40phox | mondo_0009309, NCF1 - Autosomal recessive CGD p47phox | mondo_0012650, NHEJ1 - Cernunnos/XLF deficiency | mondo_0032806, NFKBIA - EDA-ID due to IKBA GOF | mondo_0009136, NOLA3 - DKCB1 | mondo_0013519, NOLA2 - DKCB2 | mondo_0007349, NLRP3 - Familial cold autoinflammatory syndrome 1 | mondo_0012724, NLRP12 - Familial cold autoinflammatory syndrome 2 | mondo_0033551, NCKAP1L - HEM1 (NCKAP1L) deficiency | mondo_0008633, NLRP3 - Muckle-Wells syndrome | mondo_0007728, NCSTN - NCSTN deficiency hidradenitis suppurativa | mondo_0007686, NBEAL2 - NBEAL2 deficiency | nfat5_haploinsufficiency, NFAT5 - NFAT5 haploinsufficiency | mondo_0859369, NFATC2 - NFAT1 deficiency | mondo_1010174, NFATC1 - NFATC1 deficiency | mondo_0014697, NFKB1 - NFKB1 deficiency | mondo_0014260, NFKB2 - NFKB2 deficiency | mondo_0060591, NFE2L2 - NFE2L2 GOF | mondo_0060457, NLRP1 - NLRP1 deficiency (AR) | mondo_0014089, NLRP1 - NLRP1 GOF (AD) | mondo_0011776, NLRP3 - Neonatal onset multisystem inflammatory disease (NOMID) or chronic infantile neurologic cutaneous and articular syndrome (CINCA) | nos2_deficiency, NOS2 - NOS2 deficiency | mondo_0014984, NSMCE3 - NSMCE3 deficiency | mondo_0009623, NBN - Nijmegen breakage syndrome | nudcd3_deficiency, NUDCD3 - NUDCD3 deficiency | mondo_0020840, OAS1 - OAS1 deficiency / GOF | oas2_deficiency, OAS2 - OAS2 deficiency | mondo_0009817, OSTM1 - OSTM1 deficiency associated osteopetrosis | mondo_0031030, OTULIN - Otulin deficiency | otulin_haplosufficiency, OTULIN - Otulin haplosufficiency | mondo_0014912, OTULIN - Otulipenia/ORAS | mondo_0014383, ORAI1 - ORAI-1 deficiency | mondo_0011338, Omenn syndrome | mondo_0800104, PTPRC - CD45 deficiency | mondo_0054698, PSMB8 - CANDLE (chronic atypical neutrophilic dermatitis with lipodystrophy) (AD / AR) | mondo_0030931, PSMG2 - CANDLE (chronic atypical neutrophilic dermatitis with lipodystrophy) | mondo_0014600, PARN - DKCB6 | mondo_0014423, PRKDC - DNA PKcs deficiency | mondo_0013766, PLCG2 - familial cold autoinflammatory syndrome 3 | mondo_0012565, PALB2 - Fanconi Anemia Type N | mondo_0010455, PAX1 - PAX1 deficiency | mondo_0100299, PAX5 - PAX5 deficiency | mondo_0011462, PSTPIP1 - Pyogenic sterile arthritis, pyoderma gangrenosum, acne (PAPA) syndrome, hyperzincemia and hypercalprotectinemia | mondo_0021571, PDCD1 - PD1 deficiency | mondo_0011337, PRF1 - Perforin deficiency (FHL2) | mondo_0014353, PGM3 - PGM3 deficiency | mondo_0023655, PIK3CD - PIK3CD deficiency (AR) | mondo_0014222, PIK3CD GOF - PIK3CD mutation (GOF) APDS1 (AD) | mondo_0030717, PIK3CG - PIK3CG deficiency | mondo_0014083, PIK3R1 - PIK3R1 deficiency (AR) | mondo_0014453, PIK3R1 - PIK3R1 deficiency (LOF) APDS2 | mondo_0012679, PLEKHM1 - PLEKHM1 deficiency associated osteopetrosis | mondo_0957790, PLCG1 - PLCG1 GOF disease | mondo_0013944, PLCG2 - PLAID (PLCg2 associated antibody deficiency and immune dysregulation) or APLAID (c2120A>C) | mondo_0030843, PMS2 - PMS2 Deficiency | mondo_0970994, POLD1 - Polymerase d 1 deficiency | mondo_1010175, POLD2 - Polymerase d 2 deficiency | mondo_1010176, POLD3 - Polymerase d 3 deficiency | mondo_0014058, POLE1 - POLE1 (Polymerase ? subunit 1) deficiency (FILS syndrome) | mondo_0010523, POLA1 - X-linked reticulate pigmentary disorder-POLA1 | mondo_0800128, POLE2 - POLE2 (Polymerase ? subunit 2) deficiency | mondo_0009910, POLR3A - RNA polymerase III deficiency due to POLR3A defects | polr3c_deficiency, POLR3C - RNA polymerase III deficiency due to POLR3C defects | mondo_0030813, POLR3F - RNA polymerase III deficiency due to POLR3F defects | mondo_0800146, POU2AF1 - POU2AF1 deficiency | mondo_0054700, POMP - PRAID | mondo_0030924, PSMB10 - PRAAS- CANDLE (PSMB10) | mondo_0054699, PSMB4 - PRAAS- CANDLE (PSMB4) | mondo_0968983, PSMB9 - PRAAS- like condition (AD, AR, and various) | mondo_0971001, PSMB10 - PSMB10 associated Omenn Syndrome | mondo_0054591, PSMD12 - PSMD12 disorder | mondo_0024516, PSEN - PSEN deficiency hidradenitis suppurativa | mondo_0013397, PSENEN - PSENEN deficiency hidradenitis suppurativa | pten_deficiency, PTEN - PTEN Deficiency (LOF) | ptcra_deficiency, PTCRA - PTCRA deficiency | mondo_0008221, PEPD - Prolidase deficiency | mondo_0013171, PNP - Purine nucleoside phosphorylase (PNP) deficiency | mondo_0008290, PMVK - PVMK deficiency | mondo_0033554, RAC2 - Activated RAC2 defect | mondo_0011953, RANBP2 - Acute necrotizing encephalopathy | mondo_0009039, RECQL4 - Baller-Gerold Syndrome | mondo_0009595, RMRP - Cartilage hair hypoplasia (CHH) | mondo_0014076, RTEL1 - DKCA4 | mondo_0013248, RAD51C - Fanconi Anemia Type O | mondo_0014986, RAD51 - Fanconi Anemia Type R | mondo_0044325, RFWD3 - Fanconia Anemia Type W | mondo_0011872, RAB27A - Griscelli syndrome, type 2 | mondo_0971013, RFXANK - MHC class II deficiency group B | mondo_0971014, RFX5 - MHC class II deficiency group C | mondo_0971015, RFXAP - MHC class II deficiency group D | mondo_0008871, RNU4ATAC - MOPD1 deficiency (Roifman syndrome) | mondo_0014389, RBCK1 - HOIL1 deficiency | mondo_0957981, RNF31 - HOIP deficiency | mondo_0000572, RAG1 - RAG1 deficiency | mondo_0000573, RAG2 - RAG2 deficiency | mondo_0033555, RAC2 - RAC2 deficiency (AR) | mondo_0011988, RAC2 - Rac 2 deficiency (LOF) | mondo_0013118, RAD50 - RAD50 deficiency | mondo_0032803, RASGRP1 - RASGRP1 deficiency | mondo_0030498, REL - c-Rel deficiency | mondo_0032659, RELA - RelA haplosufficiency | mondo_0054696, RELB - RelB deficiency | rela_interferonopathy, RELA - RELA interferonopathy | mondo_0800147, RHOG - RHOG deficiency | mondo_0017925, RHOH - Rhoh Deficiency | mondo_0020849, RIPK1 - RIPK1 deficiency (AR) | mondo_0030018, RIPK1 - RIPK1 deficiency (AD) | ripk3_deficiency, RIPK3 - RIPK3 deficiency | mondo_0014710, RORC - RORgt deficiency | mondo_0011098, RNASEL - RNASEL deficiency | mondo_0012472, RNASEH2A - RNASEH2A deficiency, AGS4 | mondo_0012429, RNASEH2B - RNASEH2B deficiency, AGS2 | mondo_0012471, RNASEH2C - RNASEH2C deficiency, AGS3 | mondo_0012764, RNF168 - RNF168 deficiency (RIDDLE Syndrome) | mondo_0030362, RNU7-1 - RNU7-1 deficiency | mondo_0016369, RECQL4 - Rothmund-Thomson syndrome type 2 | mondo_0009955, RECQL4 - Rapadilino Syndrome | mondo_0010066, RPSA - Isolated congenital asplenia (ICA) due to RPSA deficiency | mondo_0008038, SAMD9L - Ataxia Pancytopenia Syndrome | mondo_0033946, SERPING1 - C1 inhibitor deficiency | charge_syndrome_sema3e, SEMA3E - CHARGE syndrome due to SEMA3E deficiency | mondo_0007315, SH3BP2 - Cherubism | mondo_0015026, STN1 - Coats plus syndrome due to STN1 deficiency | mondo_0013499, SLX4 - Fanconi Anemia Type P | mondo_0957955, SLC19A1 - Folate malabsorption | mondo_0011273, SLC29A3 - Hyperpigmentation hypertrichosis, histiocytosis-lymphadenopathy plus syndrome SLC29A3 mutation | mondo_0009953, SLC35C1 - Leukocyte adhesion deficiency type 2 (LAD2) | mondo_0009109, SLC7A7 - Lysinuric protein intolerance SLC7A7 deficiency | mondo_0013934, STK4 - MST1 deficiency | mondo_0957497, STAT4 - Pansclerotic morphea | mondo_0030529, SPI1 - Pu.1 deficiency | mondo_0024781, SASH3 - SASH3 deficiency | mondo_0014888, SAMD9 - SAMD9 (GOF) | mondo_0013059, SAMHD1 - SAMHD1 deficiency, AGS5 | mondo_0958013, SEC61A1 - SEC61A1 deficiency | mondo_0013851, SRP72 - BMFS1 (SRP72-deficiency) | mondo_0044208, SMARCD2 - SMARCD2 deficiency | mondo_0030313, SNORA31 - SNORA31 deficiency | mondo_0024551, SH2D1A - SH2D1A (SAP) deficiency (XLP1) | mondo_0010296, SH3KBP1 - SH3KBP1 (CIN85) deficiency | mondo_1060195, SH2B3 - SH2B3 deficiency | mondo_0968982, SHARPIN - SHARPIN deficiency | mondo_0009458, SMARCAL1 - Schimke Immuno-osseous Dysplasia | mondo_0044204, SBDS - Shwachman-Diamond Syndrome due to SBDS deficiency | mondo_0009238, SLC46A1 - SLC46A1/PCFT deficiency causing hereditary folate malabsorption | mondo_0030519, SLC39A7 - SLC39A7 (ZIP7) deficiency | mondo_0014040, SNX10 - SNX10 deficiency associated osteopetrosis | mondo_0800130, SOCS1 - SOCS1 deficiency | mondo_0030448, SPPL2A - SPPL2a deficiency | srp19_deficiency, SRP19 - SRP19 deficiency | mondo_0032899, SRP54 - SRP54 deficiency | srpra_deficiency, SRPRA - SRPRA deficiency | mondo_0013008, STIM1 - STIM1 deficiency | mondo_0013599, STAT1 - STAT1 GOF | mondo_0013956, STAT1 - STAT1 deficiency (AD LOF) | mondo_0013427, STAT1 - STAT1 deficiency (AR LOF) | mondo_0014715, STAT2 - STAT2 deficiency | mondo_0030044, STAT2 - STAT2 GOF | mondo_0014414, STAT3 - STAT3 GOF mutation | mondo_0100211, STAT5B - STAT5b deficiency (AR) | mondo_0100219, STAT5B - STAT5b deficiency (AD) | mondo_0957807, STAT6 - STAT6 disorder | mondo_0033203, SGPL1 - SGPL1 deficiency | mondo_0011336, STX11 - Syntaxin 11 deficiency (FHL4) | mondo_0013135, STXBP2 - STXBP2 / Munc18-2 deficiency (FHL5) | mondo_0030308, SYK - SYK disease | mondo_0013818, SKIV2L - Tricho-hepato-enteric syndrome due to SKIV2L mutations | mondo_0009735, SPINK5 - Comel-Netherton syndrome | mondo_0009338, SP110 - Hepatic veno-occlusive disease with immunodeficiency (VODI) | mondo_0007818, STAT3 - AD-HIES Job syndrome | mondo_0800045, TNFAIP3 - A20 deficiency | 4-1_bbl_deficiency, TNFSF9 - 4-1 BBL deficiency | mondo_0014230, TRAF3IP2 - ACT1 deficiency | mondo_0011158, TNFRSF6 - ALPS-FAS (AD / AR) | mondo_0700306, TNFSF6 - ALPS-FASLG | mondo_0013284, TNFRSF13C - BAFF receptor deficiency | mondo_0010543, TAZ - Barth Syndrome (3-Methylglutaconic aciduria type II) | mondo_0700308, TNFRSF9 - CD137 deficiency (41BB) | mondo_0007485, TERC - DKCA1 | mondo_0013521, TERT - DKCA2 | mondo_0013522, TINF2 - DKCA3 | mondo_0027353, TERT - DKCB4 | mondo_0100045, TMC6 - EVER1 deficiency | mondo_0032614, TMC8 - EVER2 deficiency | mondo_0012243, TOP2B - Hoffman syndrome/TOP2B deficiency | mondo_0800030, TTC7A - Immunodeficiency with multiple intestinal atresias | mondo_0009413, TNFRSF13B - TACI deficiency (IL-21 deficiency) | mondo_0014268, TNFRSF4 - OX40 deficiency | mondo_0800149, TNFSF13 - TNFSF13 (APRIL) deficiency | mondo_0054754, TBK1 - TBK1 deficiency (AD) | mondo_0800148, TBK1 - TBK1 deficiency (AR) | mondo_0030483, TBX21 - TBX21 deficiency | mondo_0014160, TRAC - TCR? deficiency | mondo_0030858, TET2 - TET2 deficiency | mondo_0014760, TFRC - TFRC deficiency | mondo_0013723, TIRAP - TIRAP deficiency | mondo_0800187, TLR3 - TLR3 deficiency (AD / AR) | mondo_0859083, TLR7 - TLR7 deficiency (AD) | mondo_0026767, TLR7 - TLR7 deficiency (X-Linked) | mondo_0032573, TP53 - BMFS5 | mondo_0024777, TLR8 - TLR8 disease | tlr4_deficiency, TLR4 - TLR4 deficiency | mondo_0010149, TCN2 - Transcobalamin 2 deficiency | mondo_0013920, TRAF3 - TRAF3 deficiency / haplosufficiency | tweak_deficiency, TNFSF12 - TWEAK deficiency | mondo_0012682, TYK2 - Tyk2 deficiency / P1104A TYK2 homozygosity | mondo_0013921, TICAM1 - TRIF deficiency (AD / AR) | mondo_0035362, TRIM22 - TRIM22 | mondo_0014487, TRNT1 - TRNT1 deficiency | mondo_0018636, TPP2 - Tripeptidyl-Peptidase II Deficiency | mondo_0024541, TTC37 - Tricho-hepato-enteric syndrome due to TTC37 mutations | mondo_0009815, TCIRG1 - TCIRG1 deficiency associated osteopetrosis | mondo_0007727, TNFRSF1A - TNF receptor-associated periodic syndrome (TRAPS) | mondo_0012859, TNFRSF11A - TNFRSF11A deficiency associated osteopetrosis | mondo_0009816, TNFSF11 - TNFSF11 deficiency associated osteopetrosis | mondo_0012212, TGFBR1 - Loeys Dietz syndrome due to TGFBR1 deficiency | mondo_0012427, TGFBR2 - Loeys Dietz syndrome due to TGFBR2 deficiency | mondo_0971006, TAP1 - MHC class I deficiency (TAP1) | mondo_0971011, TAP2 - MHC class I deficiency (TAP2) | mondo_0971012, TAPBP - MHC class I deficiency (TAPBP) | mondo_0011405, USB1 - Clericuzio syndrome (Poikiloderma with neutropenia) | mondo_0019093, Unknown - Specific antibody deficiency with normal Ig levels and normal B cells | mondo_0015517, Unknown - Common variable immune deficiency with no gene defect specified (CVID) | mondo_0014638, UBE2T - Fanconi Anemia Type T | mondo_0001341, Unknown - Selective IgA deficiency | mondo_0001901, Unknown - Isolated IgG subclass deficiency | mondo_0018039, Unknown - Selective IgM deficiency | mondo_0030366, Unknown - LITAF deficiency | mondo_0015698, Unknown - Transient hypogammaglobulinemia of infancy | mondo_0012146, UNC13D - UNC13D / Munc13-4 deficiency (FHL3) | mondo_0011971, UNG - UNG deficiency | mondo_0024563, UNC93B1 - UNC93B1 deficiency | mondo_0018828, USP18 - USP18 deficiency | uncl_abd_def, (Unclassified) antibody deficiency | uncl_phag_dis, (Unclassified) phagocytic disorder | ncit_c176595, (Unclassified) disorders of immune dysregulation | ordo_331193, (Unclassified) defect in innate immunity | ncit_c4691, (Unclassified) complement deficiency | autoinflammatory_diseases, (Unclassified) autoinflammatory disease | syndromic_immunodeficiencies, (Unclassified) syndromic immunodeficiencies | other_t_cell_problem, Unclassified/Other T cell problem | mondo_0008999, VPS13B - Cohen syndrome | mondo_0014118, VPS45 - VPS45 deficiency (SCN5) | mondo_0013520, WRAP53 - DKCB3 | mondo_0007883, WDR1 - WDR1 deficiency (Lazy leukocyte) | mondo_0010518, WAS - Wiskott-Aldrich syndrome (WAS LOF) | mondo_0013779, WIPF1 - WIP deficiency | mondo_0010294, WAS - X-linked neutropenia/myelodysplasia WAS GOF | mondo_0013565, XRCC9 - Fanconi Anemia Type G | mondo_0014987, XRCC2 - Fanconi Anemia Type U | mondo_0010385, XIAP - XIAP deficiency (XLP2) | mondo_0013553, ZBTB24 - Immunodeficiency with centromeric instability and facial anomalies (ICF2) | mondo_0010023, ZAP70 - ZAP-70 deficiency (ZAP70 LOF) | mondo_0014861, ZAP70 - ZAP70 combined hypomorphic GOF | mondo_0032654, ZNF341 - ZNF341 deficiency AR-HIES | mondo_0030491, ZNFX1 - ZNFX1 deficiency | mondo_0007838, 11q23del - Chromosome 11q deletion syndrome (Jacobsen syndrome) | mondo_0008564, 22q11.2del - Chromosome 22q11.2 deletion Syndrome (22q11.2DS) (AKA DiGeorge/velocardiofacial syndrome) | mondo_0019464, 14q32 deletion or mutation - Ig heavy chain mutations and deletions","Tip: use the IUIS 2024 classification above. If not found, please try to search below in MONDO",,,,,[genetic_diagnosis] = '1',,,,,,
other_iei_deficiency,patient_demographics_initial_form,,text,"If not found in the list, please try searching in MONDO for this IEI disease",BIOPORTAL:MONDO,"If not found in MONDO, specify in the text field below",,,,,[genetic_diagnosis] = '1',,,,,,
other_iei_def_text_v2_v2,patient_demographics_initial_form,,text,"... or specify further, if not found",,,,,,,[genetic_diagnosis] = '1',,,,,,
clinician_verification,patient_demographics_initial_form,,yesno,Has the diagnostic information that you entered been verified by the clinician?,,,,,,,,,,,,,
snomedct_432213005,patient_demographics_initial_form,,descriptive,"What is the date of immunodeficiency diagnosis/carrier status, if available? (estimate if not available)
Month{immunomonthstatus} Year{immunoyearstatus}",,! indicate month and year only : 01-M-Y,,,,,[type_participant] = 'P' or [type_participant] = 'C',,,,,,
immunomonthstatus,patient_demographics_initial_form,,dropdown,Month,"01, January | 02, February | 03, March | 04, April | 05, May | 06, June | 07, July | 08, August | 09, September | 10, October | 11, November | 12, December | 13, Unknown",,,,,,,,,,,,
immunoyearstatus,patient_demographics_initial_form,,text,Year,,,integer,1900,2030,,,,,,,,
snomedct_298059007,patient_demographics_initial_form,,descriptive,"For patient with immunodeficiency, what is the estimated month and year of symptom Onset?
Month{immunomonthonset} Year{immunoyearonset}",,! indicate month and year only : 01-M-Y,,,,,[type_participant] = 'P',,,,,,
immunomonthonset,patient_demographics_initial_form,,dropdown,Month,"01, January | 02, February | 03, March | 04, April | 05, May | 06, June | 07, July | 08, August | 09, September | 10, October | 11, November | 12, December | 13, Unknown",,,,,,,,,,,,
immunoyearonset,patient_demographics_initial_form,,text,Year,,,integer,1900,2030,,,,,,,,
genet_basic,patient_demographics_initial_form,,descriptive,If the patient has a known genetic diagnosis or pathogenic variant(s)  please complete the Genetics form,,,,,,,,,,,,,
igrt_basic,patient_demographics_initial_form,,radio,Has the patient ever received Immunoglobulin replacement therapy?,"ncit_c62710, yes | 2, no | 3, don't know",,,,,,,,,,,,
hct_basic_form,patient_demographics_initial_form,,radio,Has the patient received hematopoietic stem cell transplant?,"ncit_c15431, Yes | 2, No | 3, don't know",,,,,,,,,,,,
syst_inf_basic,patient_demographics_initial_form,,radio,"Has the patient experienced recurrent severe, chronic or unusual infection(s) in their life","1, Yes | 2, No | 3, don't know",,,,,,,,,,,,
type_inf,patient_demographics_initial_form,,notes,"If possible, briefly indicate type of infections ",,,,,,,[syst_inf_basic] = '1',,,,,,
conditions_basic,patient_demographics_initial_form,,checkbox,Has the patient experienced any of the following conditions?,"1, Lymphoproliferation (adenopathy, hepatomegaly, splenomegaly) | 2, Autoimmune condition (rheumatoid arthritis, vasculitis, enterocolitis, autoimmune cytopenias) | 3, Hematological malignancy | 4, Solid tumor | 5, None | 6, don't know",,,,,,,,,,,,
important_basic,patient_demographics_initial_form,,notes,Please include additional important information about this patient,,,,,,,,,,,,,
visit_date_demographics_ann2,patient_demographics_annual_form,,text,Enter the date for this visit,,,date_dmy,,,,,,,,,,
current_province,patient_demographics_annual_form,,radio,Has the participant changed the center where they are managed since the last visit?,"1, No | 2, Yes, participant relocated",,,,,,,,,,,,
new_province,patient_demographics_annual_form,,text,Please indicate the current center for this participant,,,,,,,[current_province] = '2',,,,,,
part_ahe_18,patient_demographics_annual_form,,radio,Has the participant turned 18 years old since the last visit?,"1, Yes | 2, No",,,,,,,,,,,,
diagnosis_annual_change,patient_demographics_annual_form,,dropdown,Has the IEI diagnosis changed since the last visit?,"1, Yes | 2, No","If yes, please enter the new diagnosis below",,,,,,,,,,,
newdiag_name,patient_demographics_annual_form,,text,New diagnosis name,,,,,,,,,,,,,
genetic_diagnosis_ann,patient_demographics_annual_form,,dropdown,"Is a genetic IEI diagnosis available?
Only complete if NEW genetic testing has been performed in the past year.","1, Yes | 2, No",,,,,,,,,,,,
iei_2024_class_ann,patient_demographics_annual_form,,descriptive,"For detailed information, please visit ___ the 2024 IEI Classification from the IUIS",,,,,,,[genetic_diagnosis_ann] = '1',,,,,,
iei_deficiency_basic_ann,patient_demographics_annual_form,,dropdown,Please search for the IEI deficiency diagnosis or carrier status for participant (IUIS 2024),"mondo_0014690, ACD - DKCA6 (AD / AR) | mondo_0009470, ACTB - b actin deficiency | mondo_0007064, ADA - Adenosine deaminase (ADA) deficiency | mondo_0013693, ADAM17 - ADAM17 deficiency | mondo_0014007, ADAR1 - ADAR1 deficiency (AGS6) | mondo_0014306, ADA2 - ADA2 deficiency | mondo_0015977, Agammaglobulinemia | mondo_0011528, AICDA - AID deficiency | mondo_0009411, AIRE - APECED (APS-1), autoimmune polyendocrinopathy with candidiasis and ectodermal dystrophy | mondo_0009973, AK2 - Reticular dysgenesis | mondo_0035370, ALPI - ALPI deficiency | mondo_0013999, ALPK1 - Retinal dystrophy, optic nerve oedema, splenomegaly, anhidrosis, and headache (ROSAH) | mondo_0012931, APOL1 - Trypanosomiasis susceptibility | mondo_0014494, AP1S3 - AP1S3 deficiency | mondo_0011997, AP3B1 - Hermansky-Pudlak syndrome, type 2 | mondo_0014885, AP3D1 - Hermansky-Pudlak syndrome, type 10 | mondo_0032763, ARHGEF1 - ARHGEF1 deficiency | mondo_0957920, ARPC5 - ARPC5 deficiency | mondo_0060583, ARPC1B - ARPC1B deficiency | hp_000176, Asplenia | mondo_0014958, ATAD3A - ATAD3A deficiency (AD) | mondo_0032931, ATAD3A - ATAD3A deficiency (AR) | atg4a_deficiency, ATG4A - ATG4A | mondo_0008840, ATM - Ataxia-telangiectasia | mondo_0010504, ATP6AP1 - ATP6AP1 deficiency | mondo_0015974, (atypical) severe combined immunodeficiency | mondo_0032723, BACH2 - BACH2 deficiency | mondo_0014981, BCL11B - BCL11B deficiency | mondo_0014491, BCL10 - BCL10 deficiency | mondo_0009434, B2M - MHC class I deficiency | mondo_0013289, BLNK - BLNK deficiency | mondo_0008876, BLM - Bloom Syndrome | mondo_0054748, BRCA1 - Fanconi Anemia Type S | mondo_0011584, BRCA2 - Fanconi Anemia Type D1 | mondo_0012187, BRIP1 - Fanconi Anemia Type J | mondo_0010421, BTK - BTK deficiency, X-linked agammaglobulinemia (XLA) | mondo_0014561, CLPB - 3-Methylglutaconic aciduria (AR) | mondo_0859237, CLPB - 3-Methylglutaconic aciduria (AD) | mondo_0011383, CASP10 - ALPS-Caspase10 | mondo_0011804, CASP8 - ALPS-Caspase 8 | mondo_0009308, CYBA - Autosomal recessive CGD p22phox | mondo_0030066, CYBC1 - Autosomal recessive CGD EROS | mondo_0014645, CARD11 - CARD11 GOF | mondo_0030378, C2orf69 - C2orf69 deficiency | mondo_0958182, C1QA - C1q deficiency due to defects in C1QA | mondo_0958187, C1QB - C1q deficiency due to defects in C1QB | mondo_0958188, C1QC - C1q deficiency due to defects in C1QC | mondo_0009005, C1R - C1r deficiency | mondo_0020684, C1R - C1r Periodontal Ehlers Danlos | mondo_0013419, C1S - C1s deficiency | mondo_0014954, C1S - C1s Periodontal Ehlers Danlos | mondo_0009006, C2 - C2 deficiency | mondo_0013417, C3 - C3 deficiency (LOF) | mondo_0013043, C3 - C3 GOF | mondo_0012295, C5 - C5 deficiency | mondo_0012908, C6 - C6 deficiency | mondo_0012412, C7 - C7 deficiency | mondo_0013422, C8A - C8a deficiency | mondo_0013421, C8B - C8b deficiency | c8g_deficiency, C8G - C8g deficiency | mondo_0013445, C9 - C9 deficiency | mondo_0011269, CARD14 - CAMPS (CARD14 mediated psoriasis) | mondo_0008905, CARD9 - CARD9 deficiency | mondo_0054697, CARD11 - CARD11 DN LOF | mondo_0014081, CARD11 - CARD11 deficiency (LOF) | cd28_deficiency, CD28 - CD28 deficiency | mondo_0014054, CD27 - CD27 deficiency | mondo_0014313, FCGR3A - CD16 deficiency | mondo_0013283, CD19 - CD19 deficiency | mondo_0013285, CD20 - CD20 deficiency | mondo_0013862, CD21 - CD21 deficiency | mondo_0013286, CD81 - CD81 deficiency | mondo_0034054, CD70 - CD70 deficiency | mondo_0012161, CD8A - CD8 deficiency | mondo_0009174, CD55 - CD55 deficiency (CHAPEL disease) | mondo_0957388, CBLB - CBLB deficiency | mondo_0009060, CCR2 - CCR2 deficiency | mondo_0014757, CDC42 - CDC42 defects | mondo_0014276, CD3G - CD3g deficiency | mondo_0014280, CD3D - CD3d deficiency | mondo_0014278, CD3E - CD3e deficiency | mondo_0012426, CD247 - CD3z deficiency | mondo_0044207, CEBPE - CEBPE defects | mondo_0008965, CHD7 - CHARGE syndrome due to CHD7 deficiency | mondo_0032644, CIB1 - CIB1 deficiency | mondo_0012676, CLCN7 - CLCN7 deficiency associated osteopetrosis (AR) | mondo_0008156, CLCN7 - CLCN7 deficiency associated osteopetrosis (AD) | mondo_0024564, CTC1 - Coats plus syndrome due to CTC1 deficiency | mondo_0014168, CORO1A - Coronin-1A deficiency | complete_c4_deficiency, C4A & C4B - Complete C4 deficiency | mondo_0800136, COPG1 - COPG1 deficiency | mondo_0014629, COPA - COPA defect | mondo_0010424, CSF2RA - Congenital pulmonary alveolar proteinosis due to CSF2RA mutations | mondo_0013712, CSF2RB - Congenital pulmonary alveolar proteinosis due to CSF2RB mutations | mondo_0030798, CTNNBL1 - CTNNBL1 deficiency | mondo_0014391, CTPS1 - CTPS1 deficiency | mondo_0014493, CTLA4 - CTLA4 deficiency (ALPSV) | mondo_0030374, CXCR2 - CXCR2 deficiency | mondo_0009061, CFTR - Cystic fibrosis | mondo_0800134, CRACR2A - CRACR2A deficiency | mondo_0012350, CFH - Factor H deficiency (AR / AD) | factor_h_related_prot_def, CFHR1 - Factor H -related protein deficiencies | mondo_0012594, CFI - Factor I deficiency (AR) | mondo_0013041, CFI - Factor I deficiency (AD) | mondo_0013042, CFB - Factor B GOF (AD) | mondo_0014255, CFB - Factor B LOF (AR) | mondo_0013487, CFD - Factor D deficiency | mondo_0014865, CSF3R - G-CSF receptor deficiency | mondo_0009337, CCBE1 - Hennekam-lymphangiectasia-lymphedema syndrome due to CCBE1 deficiency | mondo_0014828, CDCA7 - Immunodeficiency with centromeric instability and facial anomalies (ICF3) | mondo_0013288, CD79A - Iga deficiency | mondo_0012987, CD79B - Igb deficiency | mondo_0010389, CYBB - gp91 phox deficiency Macrophage /  X-linked chronic granulomatous disease (CGD), gp91phox | mondo_0013040, CD46 - Membrane Cofactor Protein (CD46) deficiency (AD / AR) | mondo_0012858, CD59 - Membrane Attack Complex Inhibitor (CD59) deficiency | mondo_0971005, CIITA - MHC class II deficiency group A | pd_l1_deficiency, CD274 - PD-L1 deficiency | mondo_0009490, CTSC - Papillon-Lefèvre Syndrome | mondo_0010713, CFP - Properdin deficiency | mondo_0029134, CARMIL2 - RLTPR (CARMIL2) deficiency | mondo_0009842, CEBPE - Specific granule deficiency | mondo_8000006, CXCR4 - WHIM (Warts, Hypogammaglobulinemia, infections, Myelokathexis) syndrome | mondo_0015131, combined immunodeficiency | mondo_0001222, congenital T-cell immunodeficiency / non-SCID | mondo_0021094, combined immunodeficiency | mondo_0011055, Del10p13-p14 - Chromosome 10p13-p14 deletion Syndrome (10p13-p14DS) | dbf4_deficiency, DBF4 - DBF4 deficiency | mondo_0030334, DBR1 - DBR1 deficiency | mondo_0011225, DCLRE1C - DCLRE1C (Artemis) deficiency | mondo_0030457, DEF6 - DEF6 deficiency | mondo_0010584, DKC1 - DKCX1 | mondo_0859319, DCLRE1B - DKC DCLRE1B | mondo_0014714, DIAPH1 - DIAPH1 deficiency | mondo_0957494, DOCK11 - DOCK11 deficiency | mondo_0014637, DOCK2 - DOCK2 deficiency | mondo_0009478, DOCK8 - DOCK8 deficiency | mondo_0957229, DPP9 - DPP9 deficiency | mondo_0013743, DNASE1L3 - DNASE1L3 deficiency | mondo_0800132, DNASE2 - DNASE2 deficiency | mondo_0700311, DNAJC21 - Schwachman Diamond syndrome due to DNAJC21 deficiency | mondo_0009454, DNMT3B - Immunodeficiency with centromeric instability and facial anomalies (ICF1) | mondo_0042490, ELANE - Elastase deficiency (SCN1) | mondo_0014108, ERCC4 - Fanconi Anemia Type Q | mondo_0024770, ELF4 - ELF deficiency | mondo_0044205, EFL1 - Schwachman Diamond syndrome due to EFL1 deficiency | mondo_0958120, ERBIN - ERBIN deficiency | mondo_0044312, EXTL3 - Immunoskeletal dysplasia with neurodevelopmental abnormalities (EXTL3 Deficiency) | ire1a_deficiency, ERN1 - IRE1a deficiency | mondo_0014317, ERCC6L2 - BMFS2 (Hebo deficiency) | mondo_0009452, EPG5 - Vici syndrome due to EPG5 deficiency | early_onset_ibd, Early-onset inflammatory bowel disease | early_onset_mad, Early-onset multi-organ autoimmune disease | mondo_0013408, FADD - FADD deficiency | faap24_deficiency, FAAP24 - FAAP24 deficiency | mondo_0009215, FANCA - Fanconi Anemia Type A | mondo_0010351, FANCB - Fanconi Anemia Type B | mondo_0009213, FANCC - Fanconi Anemia Type C | mondo_0009214, FANCD2 - Fanconi Anemia Type D2 | mondo_0010953, FANCE - Fanconi Anemia Type E | mondo_0011325, FANCF - Fanconi Anemia Type F | mondo_0012186, FANCI - Fanconi Anemia Type I | mondo_0013566, FANCL - Fanconi Anemia Type L | mondo_0054862, FANCM - Fanconi Anemia Type M | mondo_0030898, FCHO1 - FCHO1 deficiency | mondo_0008260, FERMT1 - FERMT1 deficiency (Kindler syndrome) | mondo_0013467, FCN3 - Ficolin 3 deficiency | flt3l_deficiency, FLT3LG - FLT3L deficiency | mondo_0958194, FOXI3 - FOXI3 Haploinsufficiency | 1, FOXP3 - IPEX, XL | mondo_0011132, FOXN1 - Winged helix FOXN1 deficiency (Nude SCID) | mondo_0032928, FOXN1 - FOXN1 Haplosufficiency | mondo_0030528, FNIP1 - FNIP1 deficiency | mondo_0014454, FAT4 - Hennekam-lymphangiectasia-lymphedema syndrome due to FAT4 deficiency | mondo_0013016, FERMT3 - Leukocyte adhesion deficiency type 3 (LAD3) | mondo_0018643, FPR1 - Localized juvenile periodontitis | mondo_0010480, G6PD - G6PD deficiency Class I | mondo_0012930, G6PC3 - G6PC3 deficiency (SCN4) | mondo_0013607, GATA2 - GATA2 deficiency (MonoMac syndrome) | mondo_0013139, GFI1 - GFI1 deficiency (SCN2) | mondo_0011922, GFI1 - GFI1 deficiency (SCN2) | mondo_0030397, GIMAP5 - GIMAP5 deficiency | gimap6_deficiency, GIMAP6 - GIMAP6 deficiency | gins4_deficiency, GINS4 - GINS4 deficiency | mondo_0009288, G6PT1 - Glycogen storage disease type 1b | gtf3a_deficiency, GTF3A - GTF3A deficiency | mondo_0012548, HAX1 - HAX1 deficiency (Kostmann Disease) (SCN3) | mondo_0009305, HYOU1 - HYOU1 deficiency | mondo_0013536, HMOX1 - Isolated congenital asplenia (ICA) due to HMOX deficiency | mondo_0014829, HELLS - Immunodeficiency with centromeric instability and facial anomalies (ICF4) | mondo_0011664, IL2RA - CD25 deficiency | mondo_0032782, IL2RB - CD122 deficiency | mondo_0013021, IL1RN - DIRA (Deficiency of the Interleukin 1 Receptor Antagonist) | mondo_0013626, IL36RN - DITRA (Deficiency of IL-36 receptor antagonist) | mondo_0958177, IL1R1 - CRMO3 IL1R1 disorder | mondo_0800140, ITPKB - ITPKB deficiency | mondo_0011864, ICOS - ICOS deficiency | mondo_0970993, ICOSLG - ICOLG deficiency | mondo_0033541, IFNG - IFNG deficiency | mondo_0030970, IFNAR1 - IFNAR1 deficiency | mondo_0014727, IFNAR2 - IFNAR2 deficiency | mondo_0014810, IKZF1 - IKAROS haplosufficiency / GOF / deficiency | mondo_1010177, IKZF2 - IKZF2 DN | mondo_0800139, IKZF2 - IKZF2 deficiency (AD / AR) | mondo_0030333, IKZF3 - AIOLOS deficiency | mondo_0014267, IKBKB - IKBKB deficiency (AR) | ikbke_deficiency, IKBKE - IKBKE deficiency | mondo_0012163, IL7R - IL7Ra deficiency | mondo_0014082, IL21R - IL-21R deficiency | mondo_0014338, IL21 - IL-21 deficiency | mondo_0013153, IL10RA - IL-10Ra deficiency | mondo_0012941, IL10RB - IL-10Rb deficiency | mondo_0016542, IL10 - IL-10 deficiency | mondo_0013503, IL17F - IL-17F deficiency | mondo_0013500, IL17RA - IL-17RA deficiency | mondo_0014642, IL17RC - IL-17RC deficiency | mondo_0032809, IL18BP - IL-18BP deficiency | mondo_0030069, IL6R - IL6 receptor deficiency | mondo_0800131, IL6ST - IL6 signal transducer (IL6ST) deficiency (AR) | mondo_0032796, IL6ST - IL6 signal transducer (IL6ST) deficiency (AD) | mondo_0032782, IL12RB2 - IL-12Rb2 deficiency | mondo_0013954, IL12B - IL-12p40 (IL-12 and IL-23) deficiency | mondo_0013955, IL12RB1 - IL-12 and IL-23 receptor b1 chain deficiency | il_23r_deficiency, IL23R - IL-23R deficiency | il_27ra_deficiency, IL27RA - IL-27RA deficiency | mondo_0013576, IGKC - Kappa chain deficiency / IgG subclass deficiency with IgA deficiency | mondo_0014680, IRF3 - IRF3 deficiency | mondo_0958011, IRF1 - IRF1 deficiency | mondo_0054691, IRF2BP2 - IRF2BP2 deficiency | mondo_0700327, IRF4 - IRF4 haplosufficiency | irf4_multimorphic_r95t, IRF4 - IRF4 multimorphic R95T | mondo_0013957, IRF8 - IRF8 deficiency (AD) | mondo_0009194, IRF8 - IRF8 deficiency (AR) | mondo_0014597, IRF7 - IRF7 deficiency | mondo_0032848, IRF9 - IRF9 deficiency | irak1_deficiency, IRAK1 - IRAK1 deficiency | mondo_0011888, IRAK4 - IRAK4 deficiency | irak4_disorder, IRAK4 - IRAK4 disorder | mondo_0014502, ISG15 - ISG15 deficiency | mondo_0013081, ITK - ITK deficiency | mondo_0859311, ITPR3 - ITPR3 | mondo_0013245, ITCH - ITCH deficiency | mondo_0007293, ITGB2 - Leukocyte adhesion deficiency type 1 (LAD1) | ipex_like_disease, IPEX-like disease | mondo_0013287, IGLL1 - l5 deficiency | mondo_0020729, IGHM - m heavy chain deficiency | mondo_0014367, IFIH1 - Aicardi-Goutieres syndrome 7 (AGS7) | mondo_0020740, IKBKG - EDA-ID due to NEMO/IKBKG deficiency (ectodermal dysplasia, immune deficiency) | mondo_0032599, IKBKB - EDA-ID due to IKBKB GOF mutation | mondo_0010315, IL2RG - gc deficiency (common gamma chain SCID, CD132 deficiency) | mondo_0014226, idiopathic CD4 lymphocytopenia | mondo_0033558, JAK1 - JAK1 GOF / LOF | mondo_0010938, JAK3 - JAK3 deficiency | mondo_0014456, JAGN1 - JAGN1 deficiency | mondo_0010465, KDM6A - Kabuki Syndrome 2 due to KDM6A deficiency | mondo_0007843, KMT2D - Kabuki Syndrome 1 due to KMT2D deficiency (MLL2) | mondo_0030893, KARS1 - KARS1 deficiency | mondo_0011518, KMT2A - Widemann-Steiner syndrome | mondo_0044721, LAT - LAT deficiency | mondo_0030693, LIG1 - Ligase I deficiency | mondo_0013863, LRBA - LRBA deficiency | mondo_0011686, LIG4 - DNA ligase IV deficiency | mondo_0008963, LYST - Chediak-Higashi syndrome | mondo_0957271, LYN - LYN GOF disease | md2_deficiency, LY96 - MD2 deficiency | mondo_0012316, LPIN2 - Majeed syndrome | mondo_0012559, LAMTOR2 - P14/LAMTOR2 deficiency | mondo_0030302, LCP2 - SLP76 deficiency | mondo_0014758, MECOM - EVI1, MECOM deficiency | mondo_0007601, MEFV - Familial Mediterranean fever (AD) | mondo_0009572, MEFV - Familial Mediterranean fever (AR) | mondo_0014985, MAD2L2 - Fanconi Anemia Type V | mondo_0013423, MASP2 - MASP2 deficiency | mondo_0014197, MALT1 - MALT1 deficiency | mondo_0800141, MAN2B2 - MAN2B2 deficiency | mondo_0011629, MOGS (GCS1) - Mannosyl-oligosaccharide glucosidase deficiency (MOGS) | map1lc3b2_deficiency, MAP1LC3B2 - MAP1LC3B2 | mondo_0800142, MAPK8 - MAPK8 deficiency | mondo_0030266, MCM10 - MCM10 deficiency | mondo_0012383, MCM4 - MCM4 deficiency | mondo_0958030, MCTS1 - MCTS1 deficiency | mondo_0060611, MTHFD1 - Methylene-tetrahydrofolate dehydrogenase 1 (MTHFD1) deficiency | mondo_0009849, MVK - Mevalonate kinase deficiency (Hyper IgD syndrome) | mondo_0010514, MSN - Moesin deficiency | mondo_0030841, MSH6 - MSH6 | mondo_0012839, MYD88 - MyD88 deficiency | mondo_0020856, MYSM1 - MYSM1 deficiency | mondo_0030013, MRTFA - Neutropenia with combined immune deficiency due to MKL1 deficiency | mondo_0957535, MAP3K14 - NIK deficiency | mondo_0013714, mannose-binding lectin deficiency | mondo_0014659, NBAS - Acute liver failure due to NBAS deficiency | mondo_0008523, NOD2 - Blau syndrome | mondo_0009310, NCF2 - Autosomal recessive CGD p67phox | mondo_0013507, NCF4 - Autosomal recessive CGD p40phox | mondo_0009309, NCF1 - Autosomal recessive CGD p47phox | mondo_0012650, NHEJ1 - Cernunnos/XLF deficiency | mondo_0032806, NFKBIA - EDA-ID due to IKBA GOF | mondo_0009136, NOLA3 - DKCB1 | mondo_0013519, NOLA2 - DKCB2 | mondo_0007349, NLRP3 - Familial cold autoinflammatory syndrome 1 | mondo_0012724, NLRP12 - Familial cold autoinflammatory syndrome 2 | mondo_0033551, NCKAP1L - HEM1 (NCKAP1L) deficiency | mondo_0008633, NLRP3 - Muckle-Wells syndrome | mondo_0007728, NCSTN - NCSTN deficiency hidradenitis suppurativa | mondo_0007686, NBEAL2 - NBEAL2 deficiency | nfat5_haploinsufficiency, NFAT5 - NFAT5 haploinsufficiency | mondo_0859369, NFATC2 - NFAT1 deficiency | mondo_1010174, NFATC1 - NFATC1 deficiency | mondo_0014697, NFKB1 - NFKB1 deficiency | mondo_0014260, NFKB2 - NFKB2 deficiency | mondo_0060591, NFE2L2 - NFE2L2 GOF | mondo_0060457, NLRP1 - NLRP1 deficiency (AR) | mondo_0014089, NLRP1 - NLRP1 GOF (AD) | mondo_0011776, NLRP3 - Neonatal onset multisystem inflammatory disease (NOMID) or chronic infantile neurologic cutaneous and articular syndrome (CINCA) | nos2_deficiency, NOS2 - NOS2 deficiency | mondo_0014984, NSMCE3 - NSMCE3 deficiency | mondo_0009623, NBN - Nijmegen breakage syndrome | nudcd3_deficiency, NUDCD3 - NUDCD3 deficiency | mondo_0020840, OAS1 - OAS1 deficiency / GOF | oas2_deficiency, OAS2 - OAS2 deficiency | mondo_0009817, OSTM1 - OSTM1 deficiency associated osteopetrosis | mondo_0031030, OTULIN - Otulin deficiency | otulin_haplosufficiency, OTULIN - Otulin haplosufficiency | mondo_0014912, OTULIN - Otulipenia/ORAS | mondo_0014383, ORAI1 - ORAI-1 deficiency | mondo_0011338, Omenn syndrome | mondo_0800104, PTPRC - CD45 deficiency | mondo_0054698, PSMB8 - CANDLE (chronic atypical neutrophilic dermatitis with lipodystrophy) (AD / AR) | mondo_0030931, PSMG2 - CANDLE (chronic atypical neutrophilic dermatitis with lipodystrophy) | mondo_0014600, PARN - DKCB6 | mondo_0014423, PRKDC - DNA PKcs deficiency | mondo_0013766, PLCG2 - familial cold autoinflammatory syndrome 3 | mondo_0012565, PALB2 - Fanconi Anemia Type N | mondo_0010455, PAX1 - PAX1 deficiency | mondo_0100299, PAX5 - PAX5 deficiency | mondo_0011462, PSTPIP1 - Pyogenic sterile arthritis, pyoderma gangrenosum, acne (PAPA) syndrome, hyperzincemia and hypercalprotectinemia | mondo_0021571, PDCD1 - PD1 deficiency | mondo_0011337, PRF1 - Perforin deficiency (FHL2) | mondo_0014353, PGM3 - PGM3 deficiency | mondo_0023655, PIK3CD - PIK3CD deficiency (AR) | mondo_0014222, PIK3CD GOF - PIK3CD mutation (GOF) APDS1 (AD) | mondo_0030717, PIK3CG - PIK3CG deficiency | mondo_0014083, PIK3R1 - PIK3R1 deficiency (AR) | mondo_0014453, PIK3R1 - PIK3R1 deficiency (LOF) APDS2 | mondo_0012679, PLEKHM1 - PLEKHM1 deficiency associated osteopetrosis | mondo_0957790, PLCG1 - PLCG1 GOF disease | mondo_0013944, PLCG2 - PLAID (PLCg2 associated antibody deficiency and immune dysregulation) or APLAID (c2120A>C) | mondo_0030843, PMS2 - PMS2 Deficiency | mondo_0970994, POLD1 - Polymerase d 1 deficiency | mondo_1010175, POLD2 - Polymerase d 2 deficiency | mondo_1010176, POLD3 - Polymerase d 3 deficiency | mondo_0014058, POLE1 - POLE1 (Polymerase ? subunit 1) deficiency (FILS syndrome) | mondo_0010523, POLA1 - X-linked reticulate pigmentary disorder-POLA1 | mondo_0800128, POLE2 - POLE2 (Polymerase ? subunit 2) deficiency | mondo_0009910, POLR3A - RNA polymerase III deficiency due to POLR3A defects | polr3c_deficiency, POLR3C - RNA polymerase III deficiency due to POLR3C defects | mondo_0030813, POLR3F - RNA polymerase III deficiency due to POLR3F defects | mondo_0800146, POU2AF1 - POU2AF1 deficiency | mondo_0054700, POMP - PRAID | mondo_0030924, PSMB10 - PRAAS- CANDLE (PSMB10) | mondo_0054699, PSMB4 - PRAAS- CANDLE (PSMB4) | mondo_0968983, PSMB9 - PRAAS- like condition (AD, AR, and various) | mondo_0971001, PSMB10 - PSMB10 associated Omenn Syndrome | mondo_0054591, PSMD12 - PSMD12 disorder | mondo_0024516, PSEN - PSEN deficiency hidradenitis suppurativa | mondo_0013397, PSENEN - PSENEN deficiency hidradenitis suppurativa | pten_deficiency, PTEN - PTEN Deficiency (LOF) | ptcra_deficiency, PTCRA - PTCRA deficiency | mondo_0008221, PEPD - Prolidase deficiency | mondo_0013171, PNP - Purine nucleoside phosphorylase (PNP) deficiency | mondo_0008290, PMVK - PVMK deficiency | mondo_0033554, RAC2 - Activated RAC2 defect | mondo_0011953, RANBP2 - Acute necrotizing encephalopathy | mondo_0009039, RECQL4 - Baller-Gerold Syndrome | mondo_0009595, RMRP - Cartilage hair hypoplasia (CHH) | mondo_0014076, RTEL1 - DKCA4 | mondo_0013248, RAD51C - Fanconi Anemia Type O | mondo_0014986, RAD51 - Fanconi Anemia Type R | mondo_0044325, RFWD3 - Fanconia Anemia Type W | mondo_0011872, RAB27A - Griscelli syndrome, type 2 | mondo_0971013, RFXANK - MHC class II deficiency group B | mondo_0971014, RFX5 - MHC class II deficiency group C | mondo_0971015, RFXAP - MHC class II deficiency group D | mondo_0008871, RNU4ATAC - MOPD1 deficiency (Roifman syndrome) | mondo_0014389, RBCK1 - HOIL1 deficiency | mondo_0957981, RNF31 - HOIP deficiency | mondo_0000572, RAG1 - RAG1 deficiency | mondo_0000573, RAG2 - RAG2 deficiency | mondo_0033555, RAC2 - RAC2 deficiency (AR) | mondo_0011988, RAC2 - Rac 2 deficiency (LOF) | mondo_0013118, RAD50 - RAD50 deficiency | mondo_0032803, RASGRP1 - RASGRP1 deficiency | mondo_0030498, REL - c-Rel deficiency | mondo_0032659, RELA - RelA haplosufficiency | mondo_0054696, RELB - RelB deficiency | rela_interferonopathy, RELA - RELA interferonopathy | mondo_0800147, RHOG - RHOG deficiency | mondo_0017925, RHOH - Rhoh Deficiency | mondo_0020849, RIPK1 - RIPK1 deficiency (AR) | mondo_0030018, RIPK1 - RIPK1 deficiency (AD) | ripk3_deficiency, RIPK3 - RIPK3 deficiency | mondo_0014710, RORC - RORgt deficiency | mondo_0011098, RNASEL - RNASEL deficiency | mondo_0012472, RNASEH2A - RNASEH2A deficiency, AGS4 | mondo_0012429, RNASEH2B - RNASEH2B deficiency, AGS2 | mondo_0012471, RNASEH2C - RNASEH2C deficiency, AGS3 | mondo_0012764, RNF168 - RNF168 deficiency (RIDDLE Syndrome) | mondo_0030362, RNU7-1 - RNU7-1 deficiency | mondo_0016369, RECQL4 - Rothmund-Thomson syndrome type 2 | mondo_0009955, RECQL4 - Rapadilino Syndrome | mondo_0010066, RPSA - Isolated congenital asplenia (ICA) due to RPSA deficiency | mondo_0008038, SAMD9L - Ataxia Pancytopenia Syndrome | mondo_0033946, SERPING1 - C1 inhibitor deficiency | charge_syndrome_sema3e, SEMA3E - CHARGE syndrome due to SEMA3E deficiency | mondo_0007315, SH3BP2 - Cherubism | mondo_0015026, STN1 - Coats plus syndrome due to STN1 deficiency | mondo_0013499, SLX4 - Fanconi Anemia Type P | mondo_0957955, SLC19A1 - Folate malabsorption | mondo_0011273, SLC29A3 - Hyperpigmentation hypertrichosis, histiocytosis-lymphadenopathy plus syndrome SLC29A3 mutation | mondo_0009953, SLC35C1 - Leukocyte adhesion deficiency type 2 (LAD2) | mondo_0009109, SLC7A7 - Lysinuric protein intolerance SLC7A7 deficiency | mondo_0013934, STK4 - MST1 deficiency | mondo_0957497, STAT4 - Pansclerotic morphea | mondo_0030529, SPI1 - Pu.1 deficiency | mondo_0024781, SASH3 - SASH3 deficiency | mondo_0014888, SAMD9 - SAMD9 (GOF) | mondo_0013059, SAMHD1 - SAMHD1 deficiency, AGS5 | mondo_0958013, SEC61A1 - SEC61A1 deficiency | mondo_0013851, SRP72 - BMFS1 (SRP72-deficiency) | mondo_0044208, SMARCD2 - SMARCD2 deficiency | mondo_0030313, SNORA31 - SNORA31 deficiency | mondo_0024551, SH2D1A - SH2D1A (SAP) deficiency (XLP1) | mondo_0010296, SH3KBP1 - SH3KBP1 (CIN85) deficiency | mondo_1060195, SH2B3 - SH2B3 deficiency | mondo_0968982, SHARPIN - SHARPIN deficiency | mondo_0009458, SMARCAL1 - Schimke Immuno-osseous Dysplasia | mondo_0044204, SBDS - Shwachman-Diamond Syndrome due to SBDS deficiency | mondo_0009238, SLC46A1 - SLC46A1/PCFT deficiency causing hereditary folate malabsorption | mondo_0030519, SLC39A7 - SLC39A7 (ZIP7) deficiency | mondo_0014040, SNX10 - SNX10 deficiency associated osteopetrosis | mondo_0800130, SOCS1 - SOCS1 deficiency | mondo_0030448, SPPL2A - SPPL2a deficiency | srp19_deficiency, SRP19 - SRP19 deficiency | mondo_0032899, SRP54 - SRP54 deficiency | srpra_deficiency, SRPRA - SRPRA deficiency | mondo_0013008, STIM1 - STIM1 deficiency | mondo_0013599, STAT1 - STAT1 GOF | mondo_0013956, STAT1 - STAT1 deficiency (AD LOF) | mondo_0013427, STAT1 - STAT1 deficiency (AR LOF) | mondo_0014715, STAT2 - STAT2 deficiency | mondo_0030044, STAT2 - STAT2 GOF | mondo_0014414, STAT3 - STAT3 GOF mutation | mondo_0100211, STAT5B - STAT5b deficiency (AR) | mondo_0100219, STAT5B - STAT5b deficiency (AD) | mondo_0957807, STAT6 - STAT6 disorder | mondo_0033203, SGPL1 - SGPL1 deficiency | mondo_0011336, STX11 - Syntaxin 11 deficiency (FHL4) | mondo_0013135, STXBP2 - STXBP2 / Munc18-2 deficiency (FHL5) | mondo_0030308, SYK - SYK disease | mondo_0013818, SKIV2L - Tricho-hepato-enteric syndrome due to SKIV2L mutations | mondo_0009735, SPINK5 - Comel-Netherton syndrome | mondo_0009338, SP110 - Hepatic veno-occlusive disease with immunodeficiency (VODI) | mondo_0007818, STAT3 - AD-HIES Job syndrome | mondo_0800045, TNFAIP3 - A20 deficiency | 4-1_bbl_deficiency, TNFSF9 - 4-1 BBL deficiency | mondo_0014230, TRAF3IP2 - ACT1 deficiency | mondo_0011158, TNFRSF6 - ALPS-FAS (AD / AR) | mondo_0700306, TNFSF6 - ALPS-FASLG | mondo_0013284, TNFRSF13C - BAFF receptor deficiency | mondo_0010543, TAZ - Barth Syndrome (3-Methylglutaconic aciduria type II) | mondo_0700308, TNFRSF9 - CD137 deficiency (41BB) | mondo_0007485, TERC - DKCA1 | mondo_0013521, TERT - DKCA2 | mondo_0013522, TINF2 - DKCA3 | mondo_0027353, TERT - DKCB4 | mondo_0100045, TMC6 - EVER1 deficiency | mondo_0032614, TMC8 - EVER2 deficiency | mondo_0012243, TOP2B - Hoffman syndrome/TOP2B deficiency | mondo_0800030, TTC7A - Immunodeficiency with multiple intestinal atresias | mondo_0009413, TNFRSF13B - TACI deficiency (IL-21 deficiency) | mondo_0014268, TNFRSF4 - OX40 deficiency | mondo_0800149, TNFSF13 - TNFSF13 (APRIL) deficiency | mondo_0054754, TBK1 - TBK1 deficiency (AD) | mondo_0800148, TBK1 - TBK1 deficiency (AR) | mondo_0030483, TBX21 - TBX21 deficiency | mondo_0014160, TRAC - TCR? deficiency | mondo_0030858, TET2 - TET2 deficiency | mondo_0014760, TFRC - TFRC deficiency | mondo_0013723, TIRAP - TIRAP deficiency | mondo_0800187, TLR3 - TLR3 deficiency (AD / AR) | mondo_0859083, TLR7 - TLR7 deficiency (AD) | mondo_0026767, TLR7 - TLR7 deficiency (X-Linked) | mondo_0032573, TP53 - BMFS5 | mondo_0024777, TLR8 - TLR8 disease | tlr4_deficiency, TLR4 - TLR4 deficiency | mondo_0010149, TCN2 - Transcobalamin 2 deficiency | mondo_0013920, TRAF3 - TRAF3 deficiency / haplosufficiency | tweak_deficiency, TNFSF12 - TWEAK deficiency | mondo_0012682, TYK2 - Tyk2 deficiency / P1104A TYK2 homozygosity | mondo_0013921, TICAM1 - TRIF deficiency (AD / AR) | mondo_0035362, TRIM22 - TRIM22 | mondo_0014487, TRNT1 - TRNT1 deficiency | mondo_0018636, TPP2 - Tripeptidyl-Peptidase II Deficiency | mondo_0024541, TTC37 - Tricho-hepato-enteric syndrome due to TTC37 mutations | mondo_0009815, TCIRG1 - TCIRG1 deficiency associated osteopetrosis | mondo_0007727, TNFRSF1A - TNF receptor-associated periodic syndrome (TRAPS) | mondo_0012859, TNFRSF11A - TNFRSF11A deficiency associated osteopetrosis | mondo_0009816, TNFSF11 - TNFSF11 deficiency associated osteopetrosis | mondo_0012212, TGFBR1 - Loeys Dietz syndrome due to TGFBR1 deficiency | mondo_0012427, TGFBR2 - Loeys Dietz syndrome due to TGFBR2 deficiency | mondo_0971006, TAP1 - MHC class I deficiency (TAP1) | mondo_0971011, TAP2 - MHC class I deficiency (TAP2) | mondo_0971012, TAPBP - MHC class I deficiency (TAPBP) | mondo_0011405, USB1 - Clericuzio syndrome (Poikiloderma with neutropenia) | mondo_0019093, Unknown - Specific antibody deficiency with normal Ig levels and normal B cells | mondo_0015517, Unknown - Common variable immune deficiency with no gene defect specified (CVID) | mondo_0014638, UBE2T - Fanconi Anemia Type T | mondo_0001341, Unknown - Selective IgA deficiency | mondo_0001901, Unknown - Isolated IgG subclass deficiency | mondo_0018039, Unknown - Selective IgM deficiency | mondo_0030366, Unknown - LITAF deficiency | mondo_0015698, Unknown - Transient hypogammaglobulinemia of infancy | mondo_0012146, UNC13D - UNC13D / Munc13-4 deficiency (FHL3) | mondo_0011971, UNG - UNG deficiency | mondo_0024563, UNC93B1 - UNC93B1 deficiency | mondo_0018828, USP18 - USP18 deficiency | uncl_abd_def, (Unclassified) antibody deficiency | uncl_phag_dis, (Unclassified) phagocytic disorder | ncit_c176595, (Unclassified) disorders of immune dysregulation | ordo_331193, (Unclassified) defect in innate immunity | ncit_c4691, (Unclassified) complement deficiency | autoinflammatory_diseases, (Unclassified) autoinflammatory disease | syndromic_immunodeficiencies, (Unclassified) syndromic immunodeficiencies | other_t_cell_problem, Unclassified/Other T cell problem | mondo_0008999, VPS13B - Cohen syndrome | mondo_0014118, VPS45 - VPS45 deficiency (SCN5) | mondo_0013520, WRAP53 - DKCB3 | mondo_0007883, WDR1 - WDR1 deficiency (Lazy leukocyte) | mondo_0010518, WAS - Wiskott-Aldrich syndrome (WAS LOF) | mondo_0013779, WIPF1 - WIP deficiency | mondo_0010294, WAS - X-linked neutropenia/myelodysplasia WAS GOF | mondo_0013565, XRCC9 - Fanconi Anemia Type G | mondo_0014987, XRCC2 - Fanconi Anemia Type U | mondo_0010385, XIAP - XIAP deficiency (XLP2) | mondo_0013553, ZBTB24 - Immunodeficiency with centromeric instability and facial anomalies (ICF2) | mondo_0010023, ZAP70 - ZAP-70 deficiency (ZAP70 LOF) | mondo_0014861, ZAP70 - ZAP70 combined hypomorphic GOF | mondo_0032654, ZNF341 - ZNF341 deficiency AR-HIES | mondo_0030491, ZNFX1 - ZNFX1 deficiency | mondo_0007838, 11q23del - Chromosome 11q deletion syndrome (Jacobsen syndrome) | mondo_0008564, 22q11.2del - Chromosome 22q11.2 deletion Syndrome (22q11.2DS) (AKA DiGeorge/velocardiofacial syndrome) | mondo_0019464, 14q32 deletion or mutation - Ig heavy chain mutations and deletions","Tip: use the IUIS 2024 classification above. If not found, please try to search below in MONDO",,,,,[genetic_diagnosis_ann] = '1',,,,,,
other_iei_deficiency_ann,patient_demographics_annual_form,"If the patient now has a confirmed genetic diagnosis, please complete the genetics form",text,"If not found in the list, please try searching in MONDO for this IEI disease",BIOPORTAL:MONDO,"If not found in MONDO, specify in the text field below",,,,,[genetic_diagnosis_ann] = '1',,,,,,
other_iei_def_text_ann,patient_demographics_annual_form,,text,"... or specify further, if not found",,,,,,,[genetic_diagnosis_ann] = '1',,,,,,
non_genetic_iei_ann,patient_demographics_annual_form,,dropdown,Please select from the non-genetic IEI,"hp_000176, Asplenia | mondo_0015974, (atypical) severe combined immunodeficiency | mondo_0015131, combined immunodeficiency | early_onset_ibd, Early-onset inflammatory bowel disease | early_onset_mad, Early-onset multi-organ autoimmune disease | ipex_like_disease, IPEX-like disease | mondo_0013714, mannose-binding lectin deficiency | mondo_0011338, Omenn syndrome | mondo_0014226, idiopathic CD4 lymphocytopenia | mondo_0015977, Agammaglobulinemia | uncl_abd_def, (Unclassified) antibody deficiency | uncl_phag_dis, (Unclassified) phagocytic disorder | ncit_c176595, (Unclassified) disorders of immune dysregulation | ordo_331193, (Unclassified) defect in innate immunity | ncit_c4691, (Unclassified) complement deficiency | autoinflammatory_diseases, (Unclassified) autoinflammatory disease | syndromic_immunodeficiencies, (Unclassified) syndromic immunodeficiencies | other_t_cell_problem, Unclassified/Other T cell problem | mondo_0001222, congenital T-cell immunodeficiency / non-SCID | mondo_0021094, combined immunodeficiency","If the non-genetic IEI is not part of this list, please try to search below in MONDO",,,,,[genetic_diagnosis_ann] = '2',,,,,,
non_genetic_iei_mondo_ann,patient_demographics_annual_form,,text,"Please, search in MONDO for this IEI disease",BIOPORTAL:MONDO,"If not found in MONDO, specify in the text field below",,,,,[genetic_diagnosis_ann] = '2',,,,,,
non_genetic_iei_text_ann,patient_demographics_annual_form,,text,"Specify further, if not found",,,,,,,[genetic_diagnosis_ann] = '2',,,,,,
enrolling_phys_demo_v2,patient_demographics_annual_form,,text,Name of Physician Enrolling this Patient,,,,,,,,,,,,,
form_completion_demo_v2,patient_demographics_annual_form,,text,Name and role of person completing this data entry form:,,,,,,,,,,,,,
infections_description,infections_initial_form,,descriptive,"<div class=""rich-text-field-label""><p><strong>Instructions for Documenting Infections:</strong></p> <ul> <li><span style=""font-weight: normal;"">Please record all infections relevant to the patient. You may submit this form </span>multiple times<span style=""font-weight: normal;""> as needed.</span></li> <li><span style=""font-weight: normal;"">If any information is </span>unknown<span style=""font-weight: normal;"">, feel free to leave those fields blank. </span></li> <li><span style=""font-weight: normal;"">You can search for specific infections or provide additional details by selecting ""Other"" where applicable.</span></li> <li><span style=""font-weight: normal;"">Appropriate </span>dropdown menus<span style=""font-weight: normal;""> will appear for further details upon selecting the type of infection. If you change any selections within these dropdowns that affect the displayed fields, please click ""OK"" to reset and update the choice layers.</span></li> <li><span style=""font-weight: normal;""><strong>Tip:</strong> Use </span><span style=""font-weight: normal;"">your keyboard's <em>Tab</em> and <em>Option + Arrow keys</em> for quicker data entry.</span></li> </ul></div>",,,,,,,,,,,,,
date_infection_form,infections_initial_form,,text,Date of completing this form.,,,date_dmy,,,,,,,,,,
type_of_infection,infections_initial_form,,dropdown,Please select the infection type that the participant experienced.,"snomedct_61274003, Opportunistic Infection | snomedct_21483005, CNS Infection | snomedct_81745001, Eye Infection | snomedct_385383008, ENT Infection | snomedct_127856007, Skin and Soft Tissue Infection | snomedct_110522009, Bone and Joint Infection | snomedct_20139000, Respiratory Infection | snomedct_303699009, Gastrointestinal Infection | snomedct_21514008, Genitourinary Infections | snomedct_31099001, Systemic Infection | other, Other | none, None | 1, don't know",,,,,,,,,,,,
none_inf,infections_initial_form,,descriptive,"If participant did not have any infections, do not answer the next questions and mark this form as  'completed"" below.",,Please select the opportunistic infection from the list.,,,,,[type_of_infection] = 'none',,,,,,
snomedct_61274003,infections_initial_form,,dropdown,Opportunistic Infection,"mondo_0002026, Candidiasis | mondo_0005132, CMV (cytomegalovirus) | mondo_0005724, Cryptococcosis | mondo_0015474, Cryptosporidiasis | mondo_0004609, Herpes Simplex | mondo_0005609, Herpes Zoster | mondo_0005866, Mycobacterium Avium Complex | mondo_0018076, Mycobacterium Tuberculosis | mondo_0019121, Pneumocystis Pneumonia | mondo_0005989, Toxoplasmosis | snomedct_61274003_other, Other | 1, don't know",Please select the opportunistic infection from the list.,,,,,[type_of_infection] = 'snomedct_61274003',,,,,,
snomedct_21483005,infections_initial_form,,dropdown,Central Nervous System (CNS) Infection,"hp_0030049, Brain Abscess | hp_0002383, Encephalitis | hp_0001287, Meningitis | snomedct_21483005_other, Other | 1, don't know",Please select the CNS infection from the list.,,,,,[type_of_infection] = 'snomedct_21483005',,,,,,
snomedct_81745001,infections_initial_form,,dropdown,Eye Infection,"hp_0000509, Conjunctivitis | snomedct_81745001_other, Other | 1, don't know",Please select the eye infection from the list.,,,,,[type_of_infection] = 'snomedct_81745001',,,,,,
snomedct_385383008,infections_initial_form,,dropdown,"Ear, Nose and Throat (ENT) Infection","hp_0000265, Mastoiditis | hp_0000388, Otitis Media | hp_0025439, Pharyngitis | hp_0012384, Rhinitis | hp_0000246, Sinusitis | mondo_0005886, Thrush | mondo_0001039, Tonsilitis | snomedct_385383008_other, Other | 1, don't know",Please select the ENT infection from the list.,,,,,[type_of_infection] = 'snomedct_385383008',,,,,,
snomedct_127856007,infections_initial_form,,dropdown,Skin and Soft Tissue Infection,"hp_0100658, Cellulitis | mondo_0015908, Fungal Dermatitis | mondo_0043653, Herpes Labialis (cold sores) | mondo_0004592, Impetigo | hp_0002840, Lymphadenitis | hp_0032435, Omphalitis | hp_0000999, Pyoderma | hp_0031292, Skin Abscess | mondo_0004712, Viral Dermatitis (herpes group) | hp_0200043, Warts | snomedct_127856007_other, Other | 1, don't know",Please select the Skind and Soft Tissue infection from the list.,,,,,[type_of_infection] = 'snomedct_127856007',,,,,,
snomedct_110522009,infections_initial_form,,dropdown,Bone and Joint Infection,"hp_0002754, Osteomyelitis | hp_0003095, Septic Arthritis | snomedct_110522009_other, Other | 1, don't know",Please select the Bone and Joint Infection from the list.,,,,,[type_of_infection] = 'snomedct_110522009',,,,,,
snomedct_20139000,infections_initial_form,,dropdown,Respiratory Infection,"1, Cold infections/upper respiratory tract infections | hp_0012387, Bronchitis, acute | hp_0004469, Bronchitis, chronic | mondo_0005242, Empyema | hp_0025044, Lung Abscess | hp_0002090, Pneumonia | snomedct_20139000_other, Other | 2, don't know",Please select the Respiratory Infection from the list.,,,,,[type_of_infection] = 'snomedct_20139000',,,,,,
snomedct_303699009,infections_initial_form,,dropdown,Gastrointestinal Infection,"mondo_0005790, Hepatitis A | mondo_0005344, Hepatitis B | mondo_0005231, Hepatitis C | hp_0002014, Diarrhea (infectious) | hp_0100523, Liver Abscess | hp_0005224, Peri-rectal Abscess | hp_0002586, Peritonitis | mondo_0005538, Proctitis | hp_0025059, Spleen Abscess | snomedct_303699009_other, Other | 1, don't know",Please select the Gastrointestinal Infection from the list.,,,,,[type_of_infection] = 'snomedct_303699009',,,,,,
snomedct_21514008,infections_initial_form,,dropdown,Genitourinary Infections,"mondo_0021697, Chlamydia | hp_0100577, Cystitis | mondo_0005770, Genital Herpes | mondo_0004277, Gonorrhoea | mondo_0005161, HPV Infection | hp_0000024, Prostatitis | hp_0012330, Pyelonephritis | hp_0032620, Renal Abscess | mondo_0005976, Syphilis | mondo_0002154, Trichomoniasis | hp_0500006, Urethritis | snomedct_21514008_other, Other | 1, don't know",Please select the Gastrourinary Infection from the list.,,,,,[type_of_infection] = 'snomedct_21514008',,,,,,
snomedct_31099001,infections_initial_form,,dropdown,Systemic Infection,"hp_0031864, Bacteremia | mondo_0024619, Central Venous Line Infections | mondo_0005132, CMV | mondo_0045033, Disseminated Fungal Infection | mondo_0005111, EBV | mondo_0005109, HIV | mondo_0004619, Measles | hp_6000900, Mumps | mondo_0004656, Rubella | hp_0100806, Sepsis | hp_0032170, Varicella Zoster (VZV) | hp_0033141, COVID | mondo_0005344, HBV | mondo_0005231, HCV | mondo_0004609, HSV | mondo_0005194, Rotavirus | snomedct_31099001_other, Other | 1, don't know",Please select the Systemic Infection from the list.,,,,,[type_of_infection] = 'snomedct_31099001',,,,,,
other_infection_hpo,infections_initial_form,,text,Other Infection [HPO],BIOPORTAL:HP,"If applicable, search for the other infection in the HPO",,,,,[type_of_infection] = 'other' or [snomedct_61274003] = 'snomedct_61274003_other' or [snomedct_21483005] = 'snomedct_21483005_other' or [snomedct_81745001] = 'snomedct_81745001_other' or  [snomedct_385383008] = 'snomedct_385383008_other' or [snomedct_127856007] = 'snomedct_127856007_other' or  [snomedct_110522009] = 'snomedct_110522009_other' or [snomedct_20139000] = 'snomedct_20139000_other' or  [snomedct_303699009] = 'snomedct_303699009_other' or [snomedct_21514008] = 'snomedct_21514008_other' or  [snomedct_31099001] = 'snomedct_31099001_other',,,,,,
other_infection_mondo,infections_initial_form,,text,"Other Infection, if unable to find in HPO search  [MONDO]",BIOPORTAL:MONDO,"If applicable, search for the other infection in the MONDO",,,,,[type_of_infection] = 'other' or [snomedct_61274003] = 'snomedct_61274003_other' or [snomedct_21483005] = 'snomedct_21483005_other' or [snomedct_81745001] = 'snomedct_81745001_other' or  [snomedct_385383008] = 'snomedct_385383008_other' or [snomedct_127856007] = 'snomedct_127856007_other' or  [snomedct_110522009] = 'snomedct_110522009_other' or [snomedct_20139000] = 'snomedct_20139000_other' or  [snomedct_303699009] = 'snomedct_303699009_other' or [snomedct_21514008] = 'snomedct_21514008_other' or  [snomedct_31099001] = 'snomedct_31099001_other',,,,,,
other_infection,infections_initial_form,,text,"If other infection was not found using [MONDO] or [HPO], please specify.",,,,,,,[type_of_infection] = 'other' or [snomedct_61274003] = 'snomedct_61274003_other' or [snomedct_21483005] = 'snomedct_21483005_other' or [snomedct_81745001] = 'snomedct_81745001_other' or  [snomedct_385383008] = 'snomedct_385383008_other' or [snomedct_127856007] = 'snomedct_127856007_other' or  [snomedct_110522009] = 'snomedct_110522009_other' or [snomedct_20139000] = 'snomedct_20139000_other' or  [snomedct_303699009] = 'snomedct_303699009_other' or [snomedct_21514008] = 'snomedct_21514008_other' or  [snomedct_31099001] = 'snomedct_31099001_other',,,,,,
infection_severity,infections_initial_form,,dropdown,What was the maximum severity of the infection?,"hp_0012825, Mild (localized or oral intervention required) | hp_0012826, Moderate (IV medication required) | hp_0012829, Profound (life-threatening consequences, urgent intervention required) | hp_0012828, Severe (death)",Please choose a severity most applicable for the infection.,,,,,,,,,,,
causing_agent,infections_initial_form,,dropdown,What type of infection was detected in the patient?,"ncbitaxon_10239, Viral | ncbitaxon_2, Bacterial | ncbitaxon_4751, Fungal/Mycotic | other, Other | 1, don't know","Select one, to choose from respective lists or choose other to specify in detail searching the NCBITaxon.",,,,,,,,,,,
causing_agent_viral,infections_initial_form,,dropdown,"If applicable, what was the virus causing the infection?","ncbitaxon_10508, Adenovirus | ncbitaxon_2697049, COVID 19 | ncbitaxon_10358, Cytomegalovirus | ebv_virus, EBV virus | ncbitaxon_12059, Entero/rhinovirus | ncbitaxon_10407, Hepatitis B virus | ncbitaxon_12092, Hepatitis A virus | ncbitaxon_10294, Herpes Simplex virus | ncbitaxon_11320, Influenza A virus | ncbitaxon_11520, Influenza B virus | ncbitaxon_142786, Norovirus | ncbitaxon_12814, Respiratory syncytial virus | ncbitaxon_10912, Rotavirus | ncbitaxon_10335, Varicella Zoster | causing_agent_viral_other, Other | 1, don't know","Select 'other', to search for other causing infectious agents, or to specify it in more detail.",,,,,[causing_agent] = 'ncbitaxon_10239',,,,,,
causing_agent_bacterial,infections_initial_form,,dropdown,"If applicable, what bacteria caused the infection?","ncbitaxon_31979, Clostridium diff | ncbitaxon_91347, Enterobacter | ncbitaxon_81852, Enterococcus (including E. coli) | ncbitaxon_724, Haemophilus | snomedct_75032006, Klebsiella | ncbitaxon_33958, Lactobacillaceae | ncbitaxon_445, Legionella | ncbitaxon_186820, Listeriaceae | ncbitaxon_2093, Mycoplasma | ncbitaxon_482, Neisseria meningitis | ncbitaxon_90964, Staphylococcus | ncbitaxon_1300, Streptococcus | causing_agent_bacterial_other, Other | 1, don't know","Select 'other', to search for other causing infectious agents, or to specify it in more detail.",,,,,[causing_agent] = 'ncbitaxon_2',,,,,,
causing_agent_mycotic,infections_initial_form,,dropdown,"If applicable, what fungal/mycotic infectious agent caused the infection?","ncbitaxon_5052, Aspergillus | ncbitaxon_5475, Candida | ncbitaxon_470132, Catenulostroma chromoblastomycosum | ncbitaxon_3027, Cryptophyceae | ncbitaxon_2231446, Dermatophyllum | ncbitaxon_5036, Histoplasma | ncbitaxon_370836, Pityriasis | ncbitaxon_4753, Pneumocystis | ncbitaxon_184471, Sporotrichum | ncbitaxon_41013, Tinea (including tinea corporis) | causing_agent_mycotic_other, Other | 1, don't know","Select 'other', to search for other causing infectious agents, or to specify it in more detail.",,,,,[causing_agent] = 'ncbitaxon_4751',,,,,,
causing_organism_other,infections_initial_form,,text,What was the organism causing the infection?,BIOPORTAL:NCBITAXON,Please search for the causing agent in the search field in the NCBITAXON ontology.,,,,,"[causing_agent] = 'other' or 
[causing_agent_viral] = 'causing_agent_viral_other' or 
[causing_agent_bacterial] = 'causing_agent_bacterial_other' or 
[causing_agent_mycotic] = 'causing_agent_mycotic_other'",,,,,,
infection_temp_pattern,infections_initial_form,,radio,Was a temporal pattern observed in the infection?,"hp_0011009, Acute (< 2 weeks, rapid progression) | hp_0011011, Subacute (2 weeks to 3 months, slow infection) | hp_0031796, Recurrent (Intermittent, resolves between episodes) | hp_0011010, Chronic (>3 months in duration, continuously infected) | 1, don't know",,,,,,,,,,,,
infection_times_obseverd,infections_initial_form,,dropdown,How many times did the patient have this infection?,"ncit_c64576, 1 | ncit_c65134, 2 | ncit_c156502, 3 | ncit_c200364, 4 | ncit_c66836, 5 | txpo_0000294, 6 or more",,,,,,[type_of_infection] = 'snomedct_61274003' or [type_of_infection] = 'snomedct_21483005' or [type_of_infection] = 'snomedct_81745001' or [type_of_infection] = 'snomedct_385383008' or [type_of_infection] = 'snomedct_127856007' or [type_of_infection] = 'snomedct_110522009' or [type_of_infection] = 'snomedct_20139000' or [type_of_infection] = 'snomedct_303699009' or [type_of_infection] = 'snomedct_21514008' or [type_of_infection] = 'snomedct_31099001' or [type_of_infection] = 'other',,,,,,
infections_time_descr,infections_initial_form,,descriptive,"<div class=""rich-text-field-label""><p>If possible, please provide the time of the infection(s) (Year or Year and Month) (optional).</p></div>",,,,,,,[infection_times_obseverd] = 'ncit_c64576' or [infection_times_obseverd] = 'ncit_c65134' or [infection_times_obseverd] = 'ncit_c156502' or [infection_times_obseverd] = 'ncit_c200364' or [infection_times_obseverd] = 'ncit_c66836' or [infection_times_obseverd] = 'txpo_0000294',,,,,,
infection_date,infections_initial_form,,text,"Year-month of Infection. If the date is unknown, use 01-01-YY",,! indicate month and year only : 01-M-Y,date_dmy,,,,"[infection_times_obseverd] = 'ncit_c64576' or [infection_times_obseverd] = 'ncit_c65134' or [infection_times_obseverd] = 'ncit_c156502'
or [infection_times_obseverd] = 'ncit_c65134' or [infection_times_obseverd] = 'ncit_c200364' 
or [infection_times_obseverd] = 'ncit_c66836' or [infection_times_obseverd] = 'txpo_0000294'",,,,,,
infection_date_2,infections_initial_form,,text,"Year-month of Infection. If the date is unknown, use 01-01-YY",,! indicate month and year only : 01-M-Y,date_dmy,,,,"[infection_times_obseverd] = 'ncit_c65134' or [infection_times_obseverd] = 'ncit_c156502'
or [infection_times_obseverd] = 'ncit_c65134' or [infection_times_obseverd] = 'ncit_c200364' 
or [infection_times_obseverd] = 'ncit_c66836' or [infection_times_obseverd] = 'txpo_0000294'",,,,,,
infection_date_3,infections_initial_form,,text,"Year-month of Infection. If the date is unknown, use 01-01-YY",,! indicate month and year only : 01-M-Y,date_dmy,,,,"[infection_times_obseverd] = 'ncit_c200364' or [infection_times_obseverd] = 'ncit_c156502'
or [infection_times_obseverd] = 'ncit_c66836' or [infection_times_obseverd] = 'txpo_0000294'",,,,,,
infection_date_4,infections_initial_form,,text,"Year-month of Infection. If the date is unknown, use 01-01-YY",,! indicate month and year only : 01-M-Y,date_dmy,,,,"[infection_times_obseverd] = 'ncit_c200364' or [infection_times_obseverd] = 'ncit_c66836' 
or [infection_times_obseverd] = 'txpo_0000294'",,,,,,
infection_date_5,infections_initial_form,,text,"Year-month of Infection. If the date is unknown, use 01-01-YY",,! indicate month and year only : 01-M-Y,date_dmy,,,,[infection_times_obseverd] = 'ncit_c66836' or [infection_times_obseverd] = 'txpo_0000294',,,,,,
infection_date_6,infections_initial_form,,text,"Year-month of Infection. If the date is unknown, use 01-01-YY",,! indicate month and year only : 01-M-Y,date_dmy,,,,[infection_times_obseverd] = 'txpo_0000294',,,,,,
more6inf,infections_initial_form,,notes,"If the participant had infections more than 6 times, please clarify approximate frequency (eg. how many times per month or year) ",,,,,,,[infection_times_obseverd] = 'txpo_0000294',,,,,,
additional_comments,infections_initial_form,,notes,Please provide any additional information or comments here.,,,,,,,,,,,,,
infections_description_v2,infections_annual_form,,descriptive,"<div class=""rich-text-field-label""><p><strong>Instructions for Documenting Infections:</strong></p> <ul> <li><span style=""font-weight: normal;"">Please record all infections relevant to the patient. You may submit this form </span>multiple times<span style=""font-weight: normal;""> as needed.</span></li> <li><span style=""font-weight: normal;"">If any information is </span>unknown<span style=""font-weight: normal;"">, feel free to leave those fields blank. </span></li> <li><span style=""font-weight: normal;"">You can search for specific infections or provide additional details by selecting ""Other"" where applicable.</span></li> <li><span style=""font-weight: normal;"">Appropriate </span>dropdown menus<span style=""font-weight: normal;""> will appear for further details upon selecting the type of infection. If you change any selections within these dropdowns that affect the displayed fields, please click ""OK"" to reset and update the choice layers.</span></li> <li><span style=""font-weight: normal;""><strong>Tip:</strong> Use </span><span style=""font-weight: normal;"">your keyboard's <em>Tab</em> and <em>Option + Arrow keys</em> for quicker data entry.</span></li> </ul></div>",,,,,,,,,,,,,
date_infection_form_v2,infections_annual_form,,text,Date of completing this form.,,,date_dmy,,,,,,,,,,
type_of_infection_v2,infections_annual_form,,dropdown,Please select the types of infection that the participant experienced over the past year,"snomedct_61274003, Opportunistic Infection | snomedct_21483005, CNS Infection | snomedct_81745001, Eye Infection | snomedct_385383008, ENT Infection | snomedct_127856007, Skin and Soft Tissue Infection | snomedct_110522009, Bone and Joint Infection | snomedct_20139000, Respiratory Infection | snomedct_303699009, Gastrointestinal Infection | snomedct_21514008, Genitourinary Infections | snomedct_31099001, Systemic Infection | other, Other | none, None | 1, don't know",,,,,,,,,,,,
none_inf_v2,infections_annual_form,,descriptive,"If participant did not have any infections, do not answer the next questions and make this form as a 'completed"" below.",,Please select the opportunistic infection from the list.,,,,,[type_of_infection_v2] = 'none',,,,,,
snomedct_61274003_v2,infections_annual_form,,dropdown,Opportunistic Infection,"mondo_0002026, Candidiasis | mondo_0005132, CMV (cytomegalovirus) | mondo_0005724, Cryptococcosis | mondo_0015474, Cryptosporidiasis | mondo_0004609, Herpes Simplex | mondo_0005609, Herpes Zoster | mondo_0005866, Mycobacterium Avium Complex | mondo_0018076, Mycobacterium Tuberculosis | mondo_0019121, Pneumocystis Pneumonia | mondo_0005989, Toxoplasmosis | snomedct_61274003_other, Other | 1, don't know",Please select the opportunistic infection from the list.,,,,,[type_of_infection_v2] = 'snomedct_61274003',,,,,,
snomedct_21483005_v2,infections_annual_form,,dropdown,Central Nervous System (CNS) Infection,"hp_0030049, Brain Abscess | hp_0002383, Encephalitis | hp_0001287, Meningitis | snomedct_21483005_other, Other | 1, don't know",Please select the CNS infection from the list.,,,,,[type_of_infection_v2] = 'snomedct_21483005',,,,,,
snomedct_81745001_v2,infections_annual_form,,dropdown,Eye Infection,"hp_0000509, Conjunctivitis | snomedct_81745001_other, Other | 1, don't know",Please select the eye infection from the list.,,,,,[type_of_infection_v2] = 'snomedct_81745001',,,,,,
snomedct_385383008_v2,infections_annual_form,,dropdown,"Ear, Nose and Throat (ENT) Infection","hp_0000265, Mastoiditis | hp_0000388, Otitis Media | hp_0025439, Pharyngitis | hp_0012384, Rhinitis | hp_0000246, Sinusitis | mondo_0005886, Thrush | mondo_0001039, Tonsilitis | snomedct_385383008_other, Other | 1, don't know",Please select the ENT infection from the list.,,,,,[type_of_infection_v2] = 'snomedct_385383008',,,,,,
snomedct_127856007_v2,infections_annual_form,,dropdown,Skin and Soft Tissue Infection,"hp_0100658, Cellulitis | mondo_0015908, Fungal Dermatitis | mondo_0043653, Herpes Labialis (cold sores) | mondo_0004592, Impetigo | hp_0002840, Lymphadenitis | hp_0032435, Omphalitis | hp_0000999, Pyoderma | hp_0031292, Skin Abscess | mondo_0004712, Viral Dermatitis (herpes group) | hp_0200043, Warts | snomedct_127856007_other, Other | 1, don't know",Please select the Skin and Soft Tissue infection from the list.,,,,,[type_of_infection_v2] = 'snomedct_127856007',,,,,,
snomedct_110522009_v2,infections_annual_form,,dropdown,Bone and Joint Infection,"hp_0002754, Osteomyelitis | hp_0003095, Septic Arthritis | snomedct_110522009_other, Other | 1, don't know",Please select the Bone and Joint Infection from the list.,,,,,[type_of_infection_v2] = 'snomedct_110522009',,,,,,
snomedct_20139000_v2,infections_annual_form,,dropdown,Respiratory Infection,"hp_0012387, Bronchitis, acute | hp_0004469, Bronchitis, chronic | mondo_0005242, Empyema | hp_0025044, Lung Abscess | hp_0002090, Pneumonia | snomedct_20139000_other, Other | 1, don't know",Please select the Respiratory Infection from the list.,,,,,[type_of_infection_v2] = 'snomedct_20139000',,,,,,
snomedct_303699009_v2,infections_annual_form,,dropdown,Gastrointestinal Infection,"mondo_0005790, Hepatitis A | mondo_0005344, Hepatitis B | mondo_0005231, Hepatitis C | hp_0002014, Diarrhea (infectious) | hp_0100523, Liver Abscess | hp_0005224, Peri-rectal Abscess | hp_0002586, Peritonitis | mondo_0005538, Proctitis | hp_0025059, Spleen Abscess | snomedct_303699009_other, Other | 1, don't know",Please select the Gastrointestinal Infection from the list.,,,,,[type_of_infection_v2] = 'snomedct_303699009',,,,,,
snomedct_21514008_v2,infections_annual_form,,dropdown,Genitourinary Infections,"mondo_0021697, Chlamydia | hp_0100577, Cystitis | mondo_0005770, Genital Herpes | mondo_0004277, Gonorrhoea | mondo_0005161, HPV Infection | hp_0000024, Prostatitis | hp_0012330, Pyelonephritis | hp_0032620, Renal Abscess | mondo_0005976, Syphilis | mondo_0002154, Trichomoniasis | hp_0500006, Urethritis | snomedct_21514008_other, Other | 1, don't know",Please select the Gastrourinary Infection from the list.,,,,,[type_of_infection_v2] = 'snomedct_21514008',,,,,,
snomedct_31099001_v2,infections_annual_form,,dropdown,Systemic Infection,"hp_0031864, Bacteremia | mondo_0024619, Central Venous Line Infections | mondo_0005132, CMV | mondo_0045033, Disseminated Fungal Infection | mondo_0005111, EBV | mondo_0005109, HIV | mondo_0004619, Measles | hp_6000900, Mumps | mondo_0004656, Rubella | hp_0100806, Sepsis | hp_0032170, Varicella Zoster (VZV) | hp_0033141, COVID | mondo_0005344, HBV | mondo_0005231, HCV | mondo_0004609, HSV | mondo_0005194, Rotavirus | snomedct_31099001_other, Other | 1, don't know",Please select the Systemic Infection from the list.,,,,,[type_of_infection_v2] = 'snomedct_31099001',,,,,,
other_infection_hpo_v2,infections_annual_form,,text,Other Infection [HPO],BIOPORTAL:HP,"If applicable, search for the other infection in the HPO",,,,,[type_of_infection_v2] = 'other' or [snomedct_61274003_v2] = 'snomedct_61274003_other' or [snomedct_21483005_v2] = 'snomedct_21483005_other' or [snomedct_81745001_v2] = 'snomedct_81745001_other' or  [snomedct_385383008_v2] = 'snomedct_385383008_other' or [snomedct_127856007_v2] = 'snomedct_127856007_other' or  [snomedct_110522009_v2] = 'snomedct_110522009_other' or [snomedct_20139000_v2] = 'snomedct_20139000_other' or  [snomedct_303699009_v2] = 'snomedct_303699009_other' or [snomedct_21514008_v2] = 'snomedct_21514008_other' or  [snomedct_31099001_v2] = 'snomedct_31099001_other',,,,,,
other_infection_mondo_v2,infections_annual_form,,text,Other Infection [MONDO],BIOPORTAL:MONDO,"If applicable, search for the other infection in the MONDO",,,,,[type_of_infection_v2] = 'other' or [snomedct_61274003_v2] = 'snomedct_61274003_other' or [snomedct_21483005_v2] = 'snomedct_21483005_other' or [snomedct_81745001_v2] = 'snomedct_81745001_other' or  [snomedct_385383008_v2] = 'snomedct_385383008_other' or [snomedct_127856007_v2] = 'snomedct_127856007_other' or  [snomedct_110522009_v2] = 'snomedct_110522009_other' or [snomedct_20139000_v2] = 'snomedct_20139000_other' or  [snomedct_303699009_v2] = 'snomedct_303699009_other' or [snomedct_21514008_v2] = 'snomedct_21514008_other' or  [snomedct_31099001_v2] = 'snomedct_31099001_other',,,,,,
infection_severity_v2,infections_annual_form,,dropdown,What was severity for this infection for the last year?,"hp_0012827, Borderline (minimally symptomatic, no interventions needed) | hp_0012825, Mild (localized or oral intervention required) | hp_0012826, Moderate (IV medication required) | hp_0012829, Profound (life-threatening consequences, urgent intervention required) | hp_0012828, Severe (death)",Please choose a severity most applicable for the infection.,,,,,,,,,,,
causing_agent_v2,infections_annual_form,,dropdown,What kind of  agent was causing the infection?,"ncbitaxon_10239, Viral | ncbitaxon_2, Bacterial | ncbitaxon_4751, Fungal/Mycotic | other, Other | 1, don't know","Select one, to choose from respective lists or choose other to specify in detail searching the NCBITaxon.",,,,,,,,,,,
causing_agent_viral_v2,infections_annual_form,,dropdown,"If applicable, what was the causing viral infectious agent of the infection?","ncbitaxon_10358, Cytomegalovirus | ncbitaxon_10407, Hepatitis B virus | ncbitaxon_12092, Hepatovirus A | ncbitaxon_11320, Influenza A virus | ncbitaxon_142786, Norovirus | ncbitaxon_12814, Respiratory syncytial virus | ncbitaxon_10912, Rotavirus | ncbitaxon_2697049, Severe acute respiratory syndrome coronavirus 2 | ncbitaxon_10294, Herpes Simplexvirus | causing_agent_viral_other, Other | 1, don't know","Select 'other', to search for other causing infectious agents, or to specify it in more detail.",,,,,[causing_agent_v2] = 'ncbitaxon_10239',,,,,,
causing_agent_bacterial_v2,infections_annual_form,,dropdown,"If applicable, what was the causing bacterial infectious agent of the infection?","ncbitaxon_31979, Clostridiaceae | ncbitaxon_91347, Enterobacterales | ncbitaxon_81852, Enterococcaceae | ncbitaxon_724, Haemophilus | ncbitaxon_33958, Lactobacillaceae | ncbitaxon_445, Legionella | ncbitaxon_186820, Listeriaceae | ncbitaxon_2093, Mycoplasma | ncbitaxon_482, Neisseria | ncbitaxon_90964, Staphylococcaceae | ncbitaxon_1300, Streptococcaceae | causing_agent_bacterial_other, Other | 1, don't know","Select 'other', to search for other causing infectious agents, or to specify it in more detail.",,,,,[causing_agent_v2] = 'ncbitaxon_2',,,,,,
causing_agent_mycotic_v2,infections_annual_form,,dropdown,"If applicable, what was the fungal/mycotic infectious agent of the infection?","ncbitaxon_5052, Aspergillus | ncbitaxon_5475, Candida | ncbitaxon_470132, Catenulostroma chromoblastomycosum | ncbitaxon_3027, Cryptophyceae | ncbitaxon_2231446, Dermatophyllum | ncbitaxon_5036, Histoplasma | ncbitaxon_370836, Pityriasis | ncbitaxon_4753, Pneumocystis | ncbitaxon_184471, Sporotrichum | ncbitaxon_41013, Tinea | causing_agent_mycotic_other, Other | 1, don't know","Select 'other', to search for other causing infectious agents, or to specify it in more detail.",,,,,[causing_agent_v2] = 'ncbitaxon_4751',,,,,,
causing_organism_other_v2,infections_annual_form,,text,What was the causing organism of the infection?,BIOPORTAL:NCBITAXON,Please search for the causing agent in the search field in the NCBITAXON ontology.,,,,,"[causing_agent_v2] = 'other' or 
[causing_agent_viral_v2] = 'causing_agent_viral_other' or 
[causing_agent_bacterial_v2] = 'causing_agent_bacterial_other' or 
[causing_agent_mycotic_v2] = 'causing_agent_mycotic_other'",,,,,,
infection_temp_pattern_v2,infections_annual_form,,radio,Was a temporal pattern observed in this infection?,"hp_0011009, Acute (< 2 weeks, rapid progression) | hp_0011011, Subacute (2 weeks to 3 months, slow infection) | hp_0031796, Recurrent | hp_0011010, Chronic (>3 months to years, slow progression) | 1, don't know",,,,,,,,,,,,
infection_times_obseverd_v2,infections_annual_form,,dropdown,How many times was this type of infection observed in the last year?,"1, 1 | 2, 2 | 3, 3 | 4, 4 | 5, 5 | 6, 6 and more",,,,,,,,,,,,
infection_date_v2,infections_annual_form,,text,"Year-month of Infection. If the date is unknown, use 01-01-YY",,! indicate month and year only : 01-M-Y,date_dmy,,,,[infection_times_obseverd_v2] = '1' or [infection_times_obseverd_v2] = '2' or [infection_times_obseverd_v2] = '3' or [infection_times_obseverd_v2] = '4' or [infection_times_obseverd_v2] = '5' or [infection_times_obseverd_v2] = '6',,,,,,
infection_date_2_v2,infections_annual_form,,text,"Year-month of Infection. If the date is unknown, use 01-01-YY",,! indicate month and year only : 01-M-Y,date_dmy,,,,[infection_times_obseverd_v2] = '2' or [infection_times_obseverd_v2] = '3' or [infection_times_obseverd_v2] = '4' or [infection_times_obseverd_v2] = '5' or [infection_times_obseverd_v2] = '6',,,,,,
infection_date_3_v2,infections_annual_form,,text,"Year-month of Infection. If the date is unknown, use 01-01-YY",,! indicate month and year only : 01-M-Y,date_dmy,,,,[infection_times_obseverd_v2] = '3' or [infection_times_obseverd_v2] = '4' or [infection_times_obseverd_v2] = '5' or [infection_times_obseverd_v2] = '6',,,,,,
infection_date_4_v2,infections_annual_form,,text,"Year-month of Infection. If the date is unknown, use 01-01-YY",,! indicate month and year only : 01-M-Y,date_dmy,,,,[infection_times_obseverd_v2] = '4' or [infection_times_obseverd_v2] = '5' or [infection_times_obseverd_v2] = '6',,,,,,
infection_date_5_v2,infections_annual_form,,text,"Year-month of Infection. If the date is unknown, use 01-01-YY",,! indicate month and year only : 01-M-Y,date_dmy,,,,[infection_times_obseverd_v2] = '5' or [infection_times_obseverd_v2] = '6',,,,,,
infection_date_6_v2,infections_annual_form,,text,"Year-month of Infection. If the date is unknown, use 01-01-YY",,! indicate month and year only : 01-M-Y,date_dmy,,,,[infection_times_obseverd_v2] = '6',,,,,,
infection_date_7_v2,infections_annual_form,,text,"Year-month of Infection. If the date is unknown, use 01-01-YY",,! indicate month and year only : 01-M-Y,date_dmy,,,,[infection_times_obseverd_v2] = '6',,,,,,
conditions_description,patients_systemic_or_organ_specific_conditions,,descriptive,"<div class=""rich-text-field-label""><p><strong>Instructions for Documenting Conditions:</strong></p> <ul> <li><span style=""font-weight: normal;"">Please record all conditions relevant to the patient. You may submit this form </span>multiple times<span style=""font-weight: normal;""> as needed.</span></li> <li><span style=""font-weight: normal;"">If any information is </span>unknown<span style=""font-weight: normal;"">, feel free to leave those fields blank. </span></li> <li><span style=""font-weight: normal;"">You can search for specific infections or provide additional details by selecting ""Other"" where applicable.</span></li> <li><span style=""font-weight: normal;"">Appropriate </span>dropdown menus<span style=""font-weight: normal;""> will appear for further details upon selecting the type of infection. If you change any selections within these dropdowns that affect the displayed fields, please click ""OK"" to reset and update the choice layers.</span></li> </ul></div>",,,,,,,,,,,,,
date_condition_form,patients_systemic_or_organ_specific_conditions,,text,Date of completing this form.,,,date_dmy,,,,,,,,,,
type_of_condition,patients_systemic_or_organ_specific_conditions,,dropdown,"Please select the type of condition from the dropdown list.
A new form must be completed for each condition.","snomedct_95320005, Skin/Hair Conditions | snomedct_118938008, Dental/Oral Conditions | snomedct_50043002, Sino-Pulmonary Conditions | snomedct_49601007, Cardiovascular Conditions | mondo_0005570, Hematologic-Lymphoid Conditions | snomedct_928000, Musculoskeletal Conditions | snomedct_119292006, Gastrointestinal Conditions | snomedct_362969004, Endocrine-Metabolic Conditions | snomedct_42030000, Genitourinary Conditions | snomedct_55342001, Neoplastic Conditions | snomedct_85828009, Autoimmune Conditions | hp_0025142, Constitutional Symptoms, eg fatigue | snomedct_5294002, Growth and Development Conditions | other, Other",Choose 'Other' to search for a condition in HPO.,,,,,,,,,,,
snomedct_95320005,patients_systemic_or_organ_specific_conditions,,dropdown,Skin/Hair Condition,"hp_0001595, Abnormal Hair | hp_0001596, Alopecia | hp_0000968, Anhydrotic Ectodermal Dysplasia | hp_0000964, Atopic Dermatitis/Eczema | hp_0000966, Hypohidrosis / Decreased Sweating | hp_0032434, Delayed Separation of Umbilical Cord | hp_0001058, Delayed Wound Healing | hp_0007417, Discoid Lupus | hp_0001019, Erythroderma | hp_0032252, Granulomas | mondo_0013730, GVHD or GVHD-like rash | hp_0001597, Nail Defects | hp_0000989, Pruritis | hp_0003765, Psoriasis | hp_0001009, Telangiectasia | snomedct_95320005_other, Other | 1, don't know",Please select Skin Condition from the list. Choose 'Other' to search for a condition in HPO.,,,,,[type_of_condition] = 'snomedct_95320005',,,,,,
snomedct_118938008,patients_systemic_or_organ_specific_conditions,,dropdown,Dental/Oral Condition,"hp_0006482, Abnormal Tooth Morphology | hp_0032154, Apthous Ulcers | hp_0000670, Caries (excessive) | hp_0000175, Cleft Palate | hp_0000698, Cone/Peg Teeth | hp_0000684, Delayed Eruption of Teeth | hp_0006335, Delayed Shedding of Teeth | hp_0000230, Gingivitis | hp_0000668, Hypodontia | hp_0000706, Missing Teeth (Eruption failure) | snomedct_118938008_other, Other | 1, don't know",Please select Dental/Oral Condition from the list. Choose 'Other' to search for a condition in HPO.,,,,,[type_of_condition] = 'snomedct_118938008',,,,,,
snomedct_50043002,patients_systemic_or_organ_specific_conditions,,dropdown,Sino-Pulmonary Condition,"mondo_0004979, Asthma | mondo_0005607, Bronchitis (chronic) | hp_0002110, Bronchiectasis | hp_0011946, Bronchiolitis Obliterans | hp_0011945, Bronchiolitis Obliterans Organizing | hp_0001217, Clubbing | hp_0006510, COPD | hp_0002097, Emphysema | hp_0032252, Granulomas | hp_0006530, Interstitial Lung Disease | hp_0002204, Pulmonary Embolism | snomedct_50043002_other, Other | 1, don't know",Please select Sino-Pulmonary Condition from the list. Choose 'Other' to search for a condition in HPO.,,,,,[type_of_condition] = 'snomedct_50043002',,,,,,
snomedct_49601007,patients_systemic_or_organ_specific_conditions,,dropdown,Cardiovascular Condition,"hp_0001627, Congenital Heart Disease | hp_0002563, Constrictive Pericarditis | hp_0000822, Hypertension | hp_0001658, Myocardial Infarction | hp_0001297, Stroke (CVA) | hp_0001977, Thrombosis | hp_0002326, Transient Ischemic Attack | hp_0025015, Vascular Malformation | snomedct_49601007_other, Other | 1, don't know",Please select Cardiovascular Condition from the list. Choose 'Other' to search for a condition in HPO.,,,,,[type_of_condition] = 'snomedct_49601007',,,,,,
mondo_0005570,patients_systemic_or_organ_specific_conditions,,dropdown,Hematologic-Lymphoid Condition,"hp_0002732, Lymph node hypoplasia | customcode_lymphnodeabsence, Lymph node absence | hp_0005359, Absent Thymus Shadow | hp_0030813, Absent Tonsils | hp_0001903, Anemia | hp_0001915, Aplastic Anemia | snomedct_82545002, Blood Transfusion Reaction | hp_0031035, Chronic Infection | hp_0003256, Coagulopathy | customcode_engraftment_maternalcells, Engraftment by Maternal Cells | 1, Eosinophilia | hp_0000421, Epistaxis | hp_0032252, Granulomas | hp_0005261, Hemarthrosis | hp_0001971, Hypersplenism | hp_0001890, Autoimmune hemolytic anemia | hp_0001891, Iron Deficiency | hp_0001974, Leukocytosis | hp_0002716, Lymphadenopathy | hp_0001888, Lymphopenia | hp_0002863, Myelodysplasia | hp_0001875, Neutropenia | mondo_0008228, Pernicious Anemia | hp_0000967, Petechia | hp_0001744, Splenomegaly | hp_0001873, Thrombocytopenia | hp_0001973, Thrombocytopenia - immune | hp_0001977, Thrombosis | mondo_0018896, Thrombotic Thrombocytopenia Purpura | mondo_0005570_other, Other | 2, don't know",Please select Hematologic-Lymphoid Condition from the list. Choose 'Other' to search for a condition in HPO.,,,,,[type_of_condition] = 'mondo_0005570',,,,,,
snomedct_928000,patients_systemic_or_organ_specific_conditions,,dropdown,Musculoskeletal Condition,"hp_0002829, Arthralgia | hp_0001369, Arthritis | hp_0002757, Frequent Fractures | hp_0005261, Hemarthrosis | hp_0001382, Hyperextensibility | hp_0005681, Juvenile Idiopathic Arthritis | hp_0100614, Myositis | hp_0002758, Osteoarthritis | hp_0000939, Osteoporosis | 1, Osteopetrosis | hp_0001370, Rheumatoid Arthritis | hp_0002650, Scoliosis | hp_0004322, Short Stature | hp_0000924, Skeletal Abnormality | hp_0010754, Temporal-Mandibular Joint Dysfunction | hp_0001324, Muscle weakness | snomedct_928000_other, Other | 2, don't know",Please select Musculoskeletal Condition from the list. Choose 'Other' to search for a condition in HPO.,,,,,[type_of_condition] = 'snomedct_928000',,,,,,
snomedct_119292006,patients_systemic_or_organ_specific_conditions,,dropdown,Gastrointestinal Condition,"hp_0002027, Abdominal Pain | hp_0032154, Aphthous Ulcers | hp_6000143, Appendicitis | mondo_0016264, Autoimmune Hepatitis | hp_0002608, Celiac Disease | mondo_0005154, Liver Disease (for chronic please choose ""chronic"" below as a temporal pattern) | hp_0001394, Cirrhosis | hp_0002583, Colitis | hp_0002019, Constipation | hp_4000055, Enteritis | hp_0410151, Eosinophilic Esophagitis | hp_0100819, Fistula | hp_0005264, Gall Bladder Disease | hp_0001081, Gall Stones | hp_0004386, Gastroenteritis | hp_0002020, GE Reflux | hp_0002240, Hepatomegaly | hp_0002037, Inflammatory Bowel Disease (IBD) | hp_0011956, Intestinal Nodular Lymphoid Hyperplasia | hp_0001399, Liver Failure | hp_0001410, Liver Function Abnormalities | hp_0002024, Malabsorption | hp_0004796, Obstruction | hp_0005218, Anoperineal fistula | hp_0002586, Peritonitis | mondo_0005538, Proctitis | hp_0002243, Protein Losing Gastroenteropathy | hp_0030991, Sclerosing Cholangitis | hp_0001746, Asplenia | hp_0001744, Splenomegaly | snomedct_119292006_other, Other | 1, don't know",Please select Gastrointestinal Condition from the list. Choose 'Other' to search for a condition in HPO.,,,,,[type_of_condition] = 'snomedct_119292006',,,,,,
hp_0002037_evidence,patients_systemic_or_organ_specific_conditions,,dropdown,Inflammatory Bowel Disease (IBD) - Type of Diagnosis,"snomedct_39154008, Clinical diagnosis | snomedct_88101002, Pathology diagnosis (Biopsy-proven) | 1, don't know",Please select how the IBD was diagnosed.,,,,,[snomedct_119292006] = 'hp_0002037',,,,,,
snomedct_362969004,patients_systemic_or_organ_specific_conditions,,dropdown,Endocrine-Metabolic Condition,"hp_0000846, Adrenal Insufficiency | hp_0003118, Cushing's Disease | hp_0100651, Diabetes-Type 1 | hp_0005978, Diabetes-Type 2 | 1, Delayed puberty | hp_0034323, Growth Hormone Deficiency | hp_0000872, Hashimoto's Thyroiditis | hp_0003072, Hypercalcemia | hp_0002901, Hypocalcemia | hp_0000836, Hyperthyroidism | hp_0000821, Hypothyroidism | hp_0040075, Pituitary Insufficiency | hp_0008209, Primary Ovarian Failure | 2, Precocious puberty | snomedct_362969004_other, Other | 3, don't know",Please select Endocrine-Metabolic Condition from the list. Choose 'Other' to search for a condition in HPO.,,,,,[type_of_condition] = 'snomedct_362969004',,,,,,
snomedct_42030000,patients_systemic_or_organ_specific_conditions,,dropdown,Genitourinary Condition,"hp_0100577, Cystitis (non-infectious) | hp_0000031, Epididymitis | 2, Genitourinary anomalies (congenital) | hp_0000099, Glomerulonephritis | hp_0000790, Hematuria | hp_0005575, Hemolytic Uremic Syndrome | hp_0000123, Nephritis (unspecified) | hp_0000100, Nephrosis | hp_0100796, Orchitis | hp_0000024, Prostatitis | 1, Renal anomalies (congenital) | hp_0000083, Renal Failure | hp_0000787, Renal Stone | hp_0041047, Urinary Outlet Obstruction | snomedct_42030000_other, Other | 3, don't know",Please select Genitourinary Condition from the list. Choose 'Other' to search for a condition in HPO.,,,,,[type_of_condition] = 'snomedct_42030000',,,,,,
snomedct_55342001,patients_systemic_or_organ_specific_conditions,,dropdown,Neoplastic Condition,"hp_0006721, Acute Lymphocytic Leukemia (ALL) | hp_0004808, Acute Myelogenous Leukemia (AML) | hp_0005550, Chronic Lymphocytic Leukemia (CLL) | hp_0005506, Chronic Myelogenous Leukemia (CML) | hp_0001909, Unspecified Leukemia | hp_0012539, Lymphoma - Non-Hodgkin's | hp_0012189, Lymphoma - Hodgkin's | hp_0031047, Monoclonal Gammopathy | hp_0005523, Polyclonal Lymphoproliferation | hp_0002664, Solid Tumor | hp_0100522, Thymoma | snomedct_55342001_other, Other | 1, don't know",Please select Neoplastic Condition from the list. Choose 'Other' to search for a condition in HPO.,,,,,[type_of_condition] = 'snomedct_55342001',,,,,,
hp_0012539_modifier,patients_systemic_or_organ_specific_conditions,,dropdown,Non-Hodgkin's Lymphoma - EBV Status,"ncit_c129454, Epstein-Barr Virus Positive | ncit_c141321, Epstein-Barr Virus Negative | 1, don't know",Please specify the EBV status of the Non-Hodgkin's Lymphoma,,,,,[snomedct_55342001] = 'hp_0012539',,,,,,
hp_0012189_modifier,patients_systemic_or_organ_specific_conditions,,dropdown,Hodgkin Lymphoma - EBV Status,"ncit_c129454, Epstein-Barr Virus Positive | ncit_c141321, Epstein-Barr Virus Negative | 1, don't know",Please specify the EBV status of the Hodgkin's Lymphoma,,,,,[snomedct_55342001] = 'hp_0012189',,,,,,
hp_0005523_modifier,patients_systemic_or_organ_specific_conditions,,dropdown,Polyclonal Lymphoproliferation - EBV Status,"ncit_c129454, Epstein-Barr Virus Positive | ncit_c141321, Epstein-Barr Virus Negative | 1, don't know",Please specify the EBV status of the Polyclonal Lymphoproliferation,,,,,[snomedct_55342001] = 'hp_0005523',,,,,,
snomedct_85828009,patients_systemic_or_organ_specific_conditions,,dropdown,Autoimmune Condition,"hp_0001904, Autoimmune Neutropenia | hp_0001890, Autoimmune Hemolytic Anemia | hp_0001973, Autoimmune Thrombocytopenia | mondo_0019167, Henoch-Schonlein Purpura (HSP) | hp_0001101, Iritis | hp_0100324, Scleroderma | hp_0002725, Systemic Lupus Erythematosus (SLE) | hp_0000554, Uveitis | hp_0005318, Vasculitis - CNS | hp_0005310, Vasculitis - Large Vessel | hp_0011944, Vasculitis - Small Vessel | snomedct_85828009_other, Other | 1, don't know",Please select Autoimmune Condition from the list. Choose 'Other' to search for a condition in HPO.,,,,,[type_of_condition] = 'snomedct_85828009',,,,,,
hp_0025142,patients_systemic_or_organ_specific_conditions,,dropdown,Constitutional Symptoms (eg Fatigue),"hp_0033047, Aches | hp_0012378, Fatigue | hp_0001945, Fever | hp_0033834, Malaise | hp_0002329, Sleepiness | hp_0100785, Sleeplessness | hp_0000975, Sweating | hp_0025142_other, Other | 1, don't know",Please select Constitutional Condition from the list. Choose 'Other' to search for a condition in HPO.,,,,,[type_of_condition] = 'hp_0025142',,,,,,
snomedct_5294002,patients_systemic_or_organ_specific_conditions,,dropdown,Growth and Development Condition,"hp_0001263, Delayed Developmental Milestones | hp_0100555, Dysmorphic Features | hp_0001508, Failure to Thrive | hp_0001824, Unintended Weight Loss | hp_0000365, Hearing Impairment (non-congenital) | hp_0001249, Intellectual Disability | hp_0025502, Over-Weight | hp_0004322, Short Stature | hp_0004325, Under-Weight | snomedct_5294002_other, Other | 1, don't know",Please select Growth and Development Condition from the list. Choose 'Other' to search for a condition in HPO.,,,,,[type_of_condition] = 'snomedct_5294002',,,,,,
condition_other_hp,patients_systemic_or_organ_specific_conditions,,text,Other Condition [HPO],BIOPORTAL:HP,,,,,,[type_of_condition] = 'other' or [snomedct_95320005] = 'snomedct_95320005_other' or [snomedct_118938008] = 'snomedct_118938008_other' or [snomedct_50043002] = 'snomedct_50043002_other' or [snomedct_49601007] = 'snomedct_49601007_other' or [mondo_0005570] = 'mondo_0005570_other' or [snomedct_928000] = 'snomedct_928000_other' or [snomedct_119292006] = 'snomedct_119292006_other' or [snomedct_362969004] = 'snomedct_362969004_other' or [snomedct_42030000] = 'snomedct_42030000_other' or [snomedct_55342001] = 'snomedct_55342001_other' or [snomedct_85828009] = 'snomedct_85828009_other' or [hp_0025142] = 'hp_0025142_other' or [snomedct_5294002] = 'snomedct_5294002_other',,,,,,
new_condition,patients_systemic_or_organ_specific_conditions,,text,"If you cannot find the condition above, please type it here.",,,,,,,,,,,,,
condition_severity,patients_systemic_or_organ_specific_conditions,,dropdown,What was the maximum severity of the condition?,"hp_0012825, Mild (localized or oral intervention required) | hp_0012826, Moderate (IV medication required) | hp_0012829, Profound (life-threatening consequences, urgent intervention required) | hp_0012828, Severe (death)",Please choose a severity most applicable for the infection.,,,,,,,,,,,
condition_temp_pattern,patients_systemic_or_organ_specific_conditions,,radio,Was a temporal pattern observed in the condition? (to be negotiated),"hp_0011009, Acute | hp_0011011, Subacute | hp_0031796, Recurrent | hp_0011010, Chronic | 1, don't know",,,,,,,,,,,,
condition_date_1,patients_systemic_or_organ_specific_conditions,,descriptive,"What was the approximate date of onset for the condition
Month{onsetmonth} Year{yearonset}",,! indicate month and year only : 01-M-Y,,,,,,,,,,,
onsetmonth,patients_systemic_or_organ_specific_conditions,,dropdown,Month,"01, January | 02, February | 03, March | 04, April | 05, May | 06, June | 07, July | 08, August | 09, September | 10, October | 11, November | 12, December | 13, Unknown",,,,,,,,,,,,
yearonset,patients_systemic_or_organ_specific_conditions,,text,Year,,,integer,1900,2030,,,,,,,,
completion_of_inact_vax,inactivated_vaccine_history_and_specific_immune_re,"Complete this form only for vaccines that were used to test antibody response, caused adverse events, or were followed by post-vaccine infections. Please complete a separate form for each relevant vaccine.",text,Date of completing this form?,,,date_dmy,,,,,,,,,,
inactiv_vax,inactivated_vaccine_history_and_specific_immune_re,,dropdown,Please indicate what type of vaccine the participant received?,"vo_0000738, DTap (Diphtheria, Tetanus, Acellular Pertussis) | vo_0000662, Haemophilus Influenza Type b | vo_0010211, PrevNar/Pneu-C-13 | vo_0006041, PrevNar/Pneu-C-15 | vo_0010356, PrevNar/Pneu-C-20 | vo_0010440, V116, Pneu-C-21 | vo_0010205, Men-B | vo_0010727, Meningococcal Quadrivalent Vaccine (Men-C-ACYW) | vo_0000667, Human Papillomavirus (HPV) | vo_0000644, Hepatitis B | vo_0003196, Acellular Pertussis | vo_0000664, IPV (Polio) | vo_0000088, Pneumovax | vo_0004908, COVID-19 | vo_0000642, Influenza, killed vaccine | vo_0007207, RSV | vo_0003317, Shingles (Herpes Zoster) | 99, Other | 0, No vaccine received",,,,,,,,,,,,
inactiv_vax_other,inactivated_vaccine_history_and_specific_immune_re,,text,Indicate 'other' inactive vaccination [VO],BIOPORTAL:VO,Please search in the Vaccine Ontology [VO],,,,,[inactiv_vax] = '99',,,,,,
inactiv_vax_dose,inactivated_vaccine_history_and_specific_immune_re,,radio,How many doses of the selected inactivated vaccine were given?,"1, Dose 1 | 2, Dose 2 | 3, Dose 3 | 4, Dose 4 | 5, Dose 5 and more",,,,,,[inactiv_vax] = 'vo_0000738' or [inactiv_vax] = 'vo_0000662' or [inactiv_vax] = 'vo_0010211' or [inactiv_vax] = 'vo_0006041' or [inactiv_vax] = 'vo_0010356' or [inactiv_vax] = 'vo_0010440' or [inactiv_vax] = 'vo_0010205' or [inactiv_vax] = 'vo_0010727' or [inactiv_vax] = 'vo_0000667' or [inactiv_vax] = 'vo_0000644' or [inactiv_vax] = 'vo_0003196' or [inactiv_vax] = 'vo_0000664' or [inactiv_vax] = 'vo_0000088' or [inactiv_vax] = 'vo_0004908' or [inactiv_vax] = 'vo_0000642' or [inactiv_vax] = 'vo_0007207' or [inactiv_vax] = 'vo_0003317' or [inactiv_vax] = '99',,,,,,
inactiv_vax_ae,inactivated_vaccine_history_and_specific_immune_re,,radio,Was an adverse event observed after this vaccine?,"hp_0020085, Yes | hp_0020085_exluded, No | snomedct_261665006, Unknown",,,,,,[inactiv_vax] = 'vo_0000738' or [inactiv_vax] = 'vo_0000662' or [inactiv_vax] = 'vo_0010211' or [inactiv_vax] = 'vo_0006041' or [inactiv_vax] = 'vo_0010356' or [inactiv_vax] = 'vo_0010440' or [inactiv_vax] = 'vo_0010205' or [inactiv_vax] = 'vo_0010727' or [inactiv_vax] = 'vo_0000667' or [inactiv_vax] = 'vo_0000644' or [inactiv_vax] = 'vo_0003196' or [inactiv_vax] = 'vo_0000664' or [inactiv_vax] = 'vo_0000088' or [inactiv_vax] = 'vo_0004908' or [inactiv_vax] = 'vo_0000642' or [inactiv_vax] = 'vo_0007207' or [inactiv_vax] = 'vo_0003317' or [inactiv_vax] = '99',,,,,,
inactiv_vax_ae_other,inactivated_vaccine_history_and_specific_immune_re,,text,Please search in the HPO for the type of adverse events,BIOPORTAL:HP,Please search in the HPO,,,,,[inactiv_vax_ae] = 'hp_0020085',,,,,,
inactiv_vax_ae_severity,inactivated_vaccine_history_and_specific_immune_re,,radio,How severe were the observed adverse events for this vaccine?,"hp_0012825, Mild | hp_0012826, Moderate/medically attended | hp_0012828, Life threatening/medically attended",,,,,,[inactiv_vax_ae]= 'hp_0020085',,,,,,
vo_0000424_before_pneu,inactivated_vaccine_history_and_specific_immune_re,,radio,What was the Pneumococcal response measured before vaccination?,"snomedct_365589000, Adequate antibody response | snomedct_266721009, No antibody response | snomedct_261665006, Unknown",,,,,,[inactiv_vax] = 'vo_0010211' or [inactiv_vax] = 'vo_0006041' or [inactiv_vax] =  'vo_0010356' or [inactiv_vax] = 'vo_0000088',,,,,,
inactiv_vax_response,inactivated_vaccine_history_and_specific_immune_re,,radio,Post- vaccination response evaluation,"snomedct_365589000, Adequate antibody response | snomedct_266721009, No antibody response | snomedct_261665006, Not measured/unknown | 1, other {other_post_vaccine}",,,,,,[inactiv_vax] = 'vo_0000738' or [inactiv_vax] = 'vo_0000662' or [inactiv_vax] = 'vo_0010211' or [inactiv_vax] = 'vo_0006041' or [inactiv_vax] = 'vo_0010356' or [inactiv_vax] = 'vo_0010440' or [inactiv_vax] = 'vo_0010205' or [inactiv_vax] = 'vo_0010727' or [inactiv_vax] = 'vo_0000667' or [inactiv_vax] = 'vo_0000644' or [inactiv_vax] = 'vo_0003196' or [inactiv_vax] = 'vo_0000664' or [inactiv_vax] = 'vo_0000088' or [inactiv_vax] = 'vo_0004908' or [inactiv_vax] = 'vo_0000642' or [inactiv_vax] = 'vo_0007207' or [inactiv_vax] = 'vo_0003317' or [inactiv_vax] = '99',,,,,,
other_post_vaccine,inactivated_vaccine_history_and_specific_immune_re,,text,please specify,,,,,,,,,,,,,
inactiv_vax_response_date,inactivated_vaccine_history_and_specific_immune_re,,descriptive,"Please indicate month and year of specific vaccination response evaluation
Month{reevalmonth} Year{reevalyear}",,! indicate month and year only : 01-M-Y,,,,,[inactiv_vax_response] = 'snomedct_266721009' and [inactiv_vax_response] = 'snomedct_365589000' and [inactiv_vax_response] = '1',,,,,,
reevalmonth,inactivated_vaccine_history_and_specific_immune_re,,dropdown,Month,"01, January | 02, February | 03, March | 04, April | 05, May | 06, June | 07, July | 08, August | 09, September | 10, October | 11, November | 12, December",,,,,,,,,,,,
reevalyear,inactivated_vaccine_history_and_specific_immune_re,,text,Year,,,integer,1900,2030,,,,,,,,
file_pneumo_response,inactivated_vaccine_history_and_specific_immune_re,,file,"Please upload specific immune response to Pneumococcal vaccine (total and serotype-specific), pre- and post, if available.
REMOVE PATIENT'S PERSONAL INFORMATION (NAME, MRN, ULI, DOB)
 ",,,,,,,[inactiv_vax] = 'vo_0010211' or [inactiv_vax] = 'vo_0006041' or [inactiv_vax] =  'vo_0010356' or [inactiv_vax] = 'vo_0000088',,,,,,
completion_vax,vaccine_history_and_specific_immune_response,"Complete this form only for vaccines that were used to test antibody response, caused adverse events, or were followed by post-vaccine infections. Please complete a separate form for each relevant vaccine.",text,Date of completing this form.,,,date_dmy,,,,,,,,,,
vax_administered,vaccine_history_and_specific_immune_response,,dropdown,Which vaccine was administered?,"vo_0010209, Oral Polio vaccine | vo_0000731, MMR (Measles, Mumps, Rubella) | vo_0021165, Varicella | vo_0000433, Vaccinia | vo_0000771, Bacille Calmette-Guerin (BCG) | vo_0000123, Yellow Fever | vo_0003495, Influenza, live vaccine | vo_0000658, Rotavirus | vo_0006033, Men-C-C | 99, Other",,,,,,,,,,,,
vax_other,vaccine_history_and_specific_immune_response,,text,Please indicate 'other' vaccine? [VO],BIOPORTAL:VO,Please search in the Vaccine Ontology,,,,,[vax_administered] = '99',,,,,,
vax_dosages,vaccine_history_and_specific_immune_response,,dropdown,How many doses of the selected vaccine were received?,"1, Dose 1 | 2, Dose 2 | 3, Dose 3 | 4, Dose 4 | 5, Dose 5 and more",,,,,,[vax_administered] = 'vo_0010209' or [vax_administered] = 'vo_0000731' or [vax_administered] = 'vo_0021165' or [vax_administered] = 'vo_0000433' or [vax_administered] = 'vo_0000771' or [vax_administered] = 'vo_0000123' or [vax_administered] = 'vo_0003495' or [vax_administered] = 'vo_0000658' or [vax_administered] = 'vo_0006033' or [vax_administered] = '99',,,,,,
vax_ae,vaccine_history_and_specific_immune_response,,dropdown,"Did the patient develop a vaccine-associated infection after receiving the selected vaccine?
","hp_0020085, Vaccine-associated infection was observed | hp_0020085_exluded, No vaccine-associated infection was observed | snomedct_261665006, Unknown",,,,,,[vax_administered] = 'vo_0010209' or [vax_administered] = 'vo_0000731' or [vax_administered] = 'vo_0021165' or [vax_administered] = 'vo_0000433' or [vax_administered] = 'vo_0000771' or [vax_administered] = 'vo_0000123' or [vax_administered] = 'vo_0003495' or [vax_administered] = 'vo_0000658' or [vax_administered] = 'vo_0006033' or [vax_administered] = '99',,,,,,
ae_vax,vaccine_history_and_specific_immune_response,,radio,Were any other adverse events observed?,"1, yes | 2, no | 3, unknown",,,,,,[vax_administered] = 'vo_0010209' or [vax_administered] = 'vo_0000731' or [vax_administered] = 'vo_0021165' or [vax_administered] = 'vo_0000433' or [vax_administered] = 'vo_0000771' or [vax_administered] = 'vo_0000123' or [vax_administered] = 'vo_0003495' or [vax_administered] = 'vo_0000658' or [vax_administered] = 'vo_0006033' or [vax_administered] = '99',,,,,,
vax_ae_other,vaccine_history_and_specific_immune_response,,text,Please search for the type of adverse event,BIOPORTAL:HP,Please search in the HPO,,,,,[ae_vax] = '1',,,,,,
vax_ae_severity,vaccine_history_and_specific_immune_response,,radio,How severe were the observed adverse events for this vaccine?,"hp_0012825, Mild | hp_0012826, Moderate/medically attended | hp_0012828, Life threatening/medically attended",,,,,,[ae_vax] = '1',,,,,,
vax_response,vaccine_history_and_specific_immune_response,,radio,Antibody response to the selected vaccine,"snomedct_365589000, Adequate antibody response | snomedct_266721009, No antibody response | snomedct_261665006, Not measured/unknown | 1, other {other_specific_response}",,,,,,[vax_administered] = 'vo_0010209' or [vax_administered] = 'vo_0000731' or [vax_administered] = 'vo_0021165' or [vax_administered] = 'vo_0000433' or [vax_administered] = 'vo_0000771' or [vax_administered] = 'vo_0000123' or [vax_administered] = 'vo_0003495' or [vax_administered] = 'vo_0000658' or [vax_administered] = 'vo_0006033' or [vax_administered] = '99',,,,,,
other_specific_response,vaccine_history_and_specific_immune_response,,text,Please specify the other antibody response:,,,,,,,,,,,,,
vax_response_date,vaccine_history_and_specific_immune_response,,descriptive,"What was the date that the specific immune response to the selected vaccine was measured?
Month{imrespmonth} Year{imrespyear}",,"please, do not include the day. Indicate month and year only:  01_mm_yyy",,,,,[vax_response] = 'snomedct_365589000' or [vax_response] = 'snomedct_266721009' or [vax_response] = '1',,,,,,
imrespmonth,vaccine_history_and_specific_immune_response,,dropdown,Month,"01, January | 02, February | 03, March | 04, April | 05, May | 06, June | 07, July | 08, August | 09, September | 10, October | 11, November | 12, December",,,,,,,,,,,,
imrespyear,vaccine_history_and_specific_immune_response,,text,Year,,,integer,1900,2030,,,,,,,,
measles_response,vaccine_history_and_specific_immune_response,,dropdown,Measles antibody response,"snomedct_365589000, Antibody response appropriate | snomedct_266721009, No antibody response | snomedct_261665006, Not measured",,,,,,[vax_administered] = 'vo_0000731' and ([vax_response] = 'snomedct_365589000' or [vax_response] = 'snomedct_266721009' or [vax_response] = '1'),,,,,,
mumps_response,vaccine_history_and_specific_immune_response,,dropdown,Mumps antibody response,"snomedct_365589000, Antibody response appropriate | snomedct_266721009, No antibody response | snomedct_261665006, Not measured",,,,,,[vax_administered] = 'vo_0000731' and ([vax_response] = 'snomedct_365589000' or [vax_response] = 'snomedct_266721009' or [vax_response] = '1'),,,,,,
rubella_response,vaccine_history_and_specific_immune_response,,dropdown,Rubella antibody response,"snomedct_365589000, Antibody response appropriate | snomedct_266721009, No antibody response | snomedct_261665006, Not measured",,,,,,[vax_administered] = 'vo_0000731' and ([vax_response] = 'snomedct_365589000' or [vax_response] = 'snomedct_266721009' or [vax_response] = '1'),,,,,,
diphtheria_response,vaccine_history_and_specific_immune_response,,dropdown,Diphtheria antibody response,"snomedct_365589000, Antibody response appropriate | snomedct_266721009, No antibody response | snomedct_261665006, Not measured",,,,,,[vax_administered] = 'vo_0000738' and ([vax_response] = 'snomedct_365589000' or [vax_response] = 'snomedct_266721009' or [vax_response] = '1'),,,,,,
tetanus_response,vaccine_history_and_specific_immune_response,,dropdown,Tetanus antibody response,"snomedct_365589000, Antibody response appropriate | snomedct_266721009, No antibody response | snomedct_261665006, Not measured",,,,,,[vax_administered] = 'vo_0000738' and ([vax_response] = 'snomedct_365589000' or [vax_response] = 'snomedct_266721009' or [vax_response] = '1'),,,,,,
pertussis_response,vaccine_history_and_specific_immune_response,,dropdown,Pertussis antibody response,"snomedct_365589000, Antibody response appropriate | snomedct_266721009, No antibody response | snomedct_261665006, Not measured",,,,,,[vax_administered] = 'vo_0000738' and ([vax_response] = 'snomedct_365589000' or [vax_response] = 'snomedct_266721009' or [vax_response] = '1'),,,,,,
completion_cbc,cbc,,text,Date of completing this form.,,,date_dmy,,,,,,,,,,
cbc_type,cbc,,dropdown,Please provide the following information at EACH designated time point in the dropdown list. Select the appropriate box  for the information you are providing:,"ncit_c54734, Before Treatment/ Baseline diagnosis | ncit_c54735, Post Treatment | ncit_c25280, Most recent test",,,,,,,,,,,,
cbc_date,cbc,,descriptive,"Please enter the date of the CBC captured
Month{cbcmonth} Year{cbcyear}",,,,,,,,,,,,,
cbcmonth,cbc,,dropdown,Month,"01, January | 02, February | 03, March | 04, April | 05, May | 06, June | 07, July | 08, August | 09, September | 10, October | 11, November | 12, December | 13, Unknown",,,,,,,,,,,,
cbcyear,cbc,,text,Year,,,integer,1900,2030,,,,,,,,
cbc_haemoglobin,cbc,,radio,CBC - Haemoglobin,"loinc_718_7, Haemoglobin in Blood","Upon selection please enter the value in the separate field below.Click ""reset"" if the lab value was selected by mistake.",,,,,,,,,,,
cbc_haemoglobin_unit,cbc,,radio,Haemoglobin - Please select the unit,"uo_0000208, g/dL",,,,,,[cbc_haemoglobin] <> '',,,,,,
cbc_haemoglobin_range,cbc,,radio,Haemoglobin - Range,"ncit_c78801, Below age-related reference range | ncit_c78800, Within age-related reference range | ncit_c78727, Above age-related reference range",,,,,,[cbc_haemoglobin] <> '',,,,,,
cbc_haemoglobin_val,cbc,,text,Haemoglobin [g/dL] in Blood,,Unit: g/dL,,,,,[cbc_haemoglobin] <> '',,,,,,
cbc_platelets,cbc,,radio,CBC - Platelets,"loinc_777-3, Platelets in Blood","Upon selection please enter the value in the separate field below.Click ""reset"" if the lab value was selected by mistake.",,,,,,,,,,,
cbc_platelets_unit,cbc,,radio,Platelets - Please select the unit,"uo_0000179, 10*9/L","Click ""reset"" if selecte by mistake.",,,,,[cbc_platelets] <> '',,,,,,
cbc_platelets_range,cbc,,radio,Platelets - Range,"ncit_c78801, Below age-related reference range | ncit_c78800, Within age-related reference range | ncit_c78727, Above age-related reference range",,,,,,[cbc_platelets] <> '',,,,,,
cbc_platelets_val,cbc,,text,Platelets [10*9/L] in Blood,,Unit: 10*9/L,,,,,[cbc_platelets] <> '',,,,,,
cbc_leukocytes,cbc,,radio,CBC - Leukocytes,"loinc_6690_2, Leukocytes in Blood","Upon selection please enter the value in the separate field below.Click ""reset"" if the lab value was selected by mistake.",,,,,,,,,,,
cbc_leukocytes_unit,cbc,,radio,Leukocytes - Please select the unit,"uo_0000179, 10*9/L","Click ""reset"" if selecte by mistake.",,,,,[cbc_leukocytes] <> '',,,,,,
cbc_leukocytes_range,cbc,,radio,Leukocytes - Range,"ncit_c78801, Below age-related reference range | ncit_c78800, Within age-related reference range | ncit_c78727, Above age-related reference range",,,,,,[cbc_leukocytes] <> '',,,,,,
cbc_leukocytes_val,cbc,,text,Leukocytes [10*9/L] in Blood,,Unit: 10*9/L,,,,,[cbc_leukocytes] <> '',,,,,,
cbc_neutrophils,cbc,,radio,CBC - Neutrophils,"loinc_26499_4, Neutrophils in Blood","Upon selection please enter the value in the separate field below.Click ""reset"" if the lab value was selected by mistake.",,,,,,,,,,,
cbc_neutrophils_unit,cbc,,radio,Neutrophils - Please select the unit,"uo_0000179, 10*9/L","Click ""reset"" if selecte by mistake.",,,,,[cbc_neutrophils] <> '',,,,,,
cbc_neutrophils_range,cbc,,radio,Neutrophils - Range,"ncit_c78801, Below age-related reference range | ncit_c78800, Within age-related reference range | ncit_c78727, Above age-related reference range",,,,,,[cbc_neutrophils] <> '',,,,,,
cbc_neutrophils_val,cbc,,text,Neutrophils [10*9/L] in Blood,,Unit: 10*9/L,,,,,[cbc_neutrophils] <> '',,,,,,
cbc_eosinophils,cbc,,radio,CBC - Eosinophils,"loinc_26449_9, Eosinophils in Blood","Upon selection please enter the value in the separate field below.Click ""reset"" if the lab value was selected by mistake.",,,,,,,,,,,
cbc_eosinophils_unit,cbc,,radio,Eosinophils  - Please select the unit,"uo_0000179, 10*9/L","Click ""reset"" if selecte by mistake.",,,,,[cbc_eosinophils] <> '',,,,,,
cbc_eosinophils_range,cbc,,radio,Eosinophils - Range,"ncit_c78801, Below age-related reference range | ncit_c78800, Within age-related reference range | ncit_c78727, Above age-related reference range",,,,,,[cbc_eosinophils] <> '',,,,,,
cbc_eosinophils_val,cbc,,text,Eosinophils [10*9/L] in Blood,,Unit: 10*9/L,,,,,[cbc_eosinophils] <> '',,,,,,
cbc_lymphocytes,cbc,,radio,CBC - Lymphocytes,"loinc_26474_7, Lymphocytes in Blood","Upon selection please enter the value in the separate field below.Click ""reset"" if the lab value was selected by mistake.",,,,,,,,,,,
cbc_lymphocytes_unit,cbc,,radio,Lymphocytes - Please select the unit,"uo_0000179, 10*9/L","Click ""reset"" if selecte by mistake.",,,,,[cbc_lymphocytes] <> '',,,,,,
cbc_lymphocytes_range,cbc,,radio,Lymphocytes - Range,"ncit_c78801, Below age-related reference range | ncit_c78800, Within age-related reference range | ncit_c78727, Above age-related reference range",,,,,,[cbc_lymphocytes] <> '',,,,,,
cbc_lymphocytes_val,cbc,,text,Lymphocytes [10*9/L] in Blood,,Unit: 10*9/L,,,,,[cbc_lymphocytes] <> '',,,,,,
cbc_monocytes,cbc,,radio,CBC - Monocytes,"loinc_26484_6, Monocytes in Blood","Upon selection please enter the value in the separate field below.Click ""reset"" if the lab value was selected by mistake.",,,,,,,,,,,
cbc_monocytes_unit,cbc,,radio,Monocytes - Please select the unit,"uo_0000179, 10*9/L","Click ""reset"" if selecte by mistake.",,,,,[cbc_monocytes] <> '',,,,,,
cbc_monocytes_range,cbc,,radio,Monocytes - Range,"ncit_c78801, Below age-related reference range | ncit_c78800, Within age-related reference range | ncit_c78727, Above age-related reference range",,,,,,[cbc_monocytes] <> '',,,,,,
cbc_monocytes_val,cbc,,text,Monocytes [10*9/L] in Blood,,Unit: 10*9/L,,,,,[cbc_monocytes] <> '',,,,,,
completion_date_lympheno,lymphocytes_phenotype,,text,Date of completing this form.,,,date_dmy,,,,,,,,,,
lympheno_test,lymphocytes_phenotype,,dropdown,Please provide the following information at EACH designated time point in the dropdown list. Select the appropriate box for the information you are providing:,"ncit_c54734, Before Treatment/ Baseline diagnosis | ncit_c54735, Post Treatment | ncit_c25280, Most recent test",,,,,,,,RH,,,,
lympheno_loinc_8122_4,lymphocytes_phenotype,,radio,CD3+ T Cells,"loinc_8122_4, CD3+ absolute count","Upon selection please enter the value in the separate field below. Click ""reset"" if selected by mistake.",,,,,,,,,,,
cd3_tmonth,lymphocytes_phenotype,,dropdown,"Month 
","01, January | 02, February | 03, March | 04, April | 05, May | 06, June | 07, July | 08, August | 09, September | 10, October | 11, November | 12, December | 13, Unknown",,,,,,[lympheno_loinc_8122_4] = 'loinc_8122_4',,,,,,
cd3_tyear,lymphocytes_phenotype,,text,Year,,,integer,1900,2030,,[lympheno_loinc_8122_4] = 'loinc_8122_4',,,,,,
converion_to_microliter,lymphocytes_phenotype,,descriptive,"To convert units:
cells x10E9/L x 100 = cells/microliter or cells x10E6/L",,,,,,,,,,,,,
lympheno_loinc_8122_4_unit,lymphocytes_phenotype,,radio,CD3+ T Cells Unit cells/microliter or x 10E6/L),"uo_0000201, Cells per microliter",,,,,,[lympheno_loinc_8122_4] = 'loinc_8122_4',,,,,,
lympheno_loinc_8122_4_val,lymphocytes_phenotype,,text,CD3+ T cells Value (cells/microliter or 10E6/L),,Please provide only the value!,,,,,[lympheno_loinc_8122_4] = 'loinc_8122_4',,,,,,
lympheno_loinc_8122_4_int,lymphocytes_phenotype,,radio,CD3+ interpretation,"ncit_c78801, Below age-related reference range | ncit_c78800,  Within age-related reference range | ncit_c78727, Above age-related reference range",,,,,,[lympheno_loinc_8122_4] = 'loinc_8122_4',,,,,,
lympheno_loinc_24467_3,lymphocytes_phenotype,,radio,CD3+/CD4+ T Cells,"loinc_24467_3, CD3+/CD4+ absolute count","Upon selection please enter the value in the separate field below. Click ""reset"" if selected by mistake.",,,,,,,,,,,
cd3_cd4_month,lymphocytes_phenotype,,dropdown,Month,"01, January | 02, February | 03, March | 04, April | 05, May | 06, June | 07, July | 08, August | 09, September | 10, October | 11, November | 12, December | 13, Unknown",,,,,,[lympheno_loinc_24467_3] = 'loinc_24467_3',,,,,,
cd3_cd4_year,lymphocytes_phenotype,,text,Year,,,integer,1900,2300,y,[lympheno_loinc_24467_3] = 'loinc_24467_3',,,,,,
lympheno_loinc_24467_3_unit,lymphocytes_phenotype,,radio,CD3+/CD4+ T Cells Unit (if possible Cells per milliliter),"uo_0000201, Cells per milliliter",,,,,,[lympheno_loinc_24467_3] = 'loinc_24467_3',,,,,,
lympheno_loinc_24467_3_val,lymphocytes_phenotype,,text,CD3+/CD4+ T cells Value (cells/microliter or 10E6/L),,Please provide only the value!,,,,,[lympheno_loinc_24467_3] = 'loinc_24467_3',,,,,,
lympheno_loinc_24467_3_int,lymphocytes_phenotype,,radio,CD3+/CD4+ interpretation,"ncit_c78801, Below age-related reference range | ncit_c78800,  Within age-related reference range | ncit_c78727, Above age-related reference range",,,,,,[lympheno_loinc_24467_3] = 'loinc_24467_3',,,,,,
lympheno_loinc_14135_8,lymphocytes_phenotype,,radio,CD3+CD8+ T Cells,"loinc_14135_8, CD3+CD8+ absolute count","Upon selection please enter the value in the separate field below. Click ""reset"" if selected by mistake.",,,,,,,,,,,
cd3_cd8_month,lymphocytes_phenotype,,dropdown,Month,"01, January | 02, February | 03, March | 04, April | 05, May | 06, June | 07, July | 08, August | 09, September | 10, October | 11, November | 12, December | 13, Unknown",,,,,,[lympheno_loinc_14135_8] = 'loinc_14135_8',,,,,,
cd3_cd8_year,lymphocytes_phenotype,,text,Year,,,integer,1900,2300,,[lympheno_loinc_14135_8] = 'loinc_14135_8',,,,,,
lympheno_loinc_14135_8_unit,lymphocytes_phenotype,,radio,"CD3+CD8+ T Cells Unit (if possible Cells per milliliter)
(cells/microliter or 10E6/L)","uo_0000201, Cells per milliliter",,,,,,[lympheno_loinc_14135_8] = 'loinc_14135_8',,,,,,
lympheno_loinc_14135_8_val,lymphocytes_phenotype,,text,CD3+CD8+ T Cells Value (cells/microliter or 10E6/L),,Please provide only the value!,,,,,[lympheno_loinc_14135_8] = 'loinc_14135_8',,,,,,
lympheno_loinc_14135_8_int,lymphocytes_phenotype,,radio,CD3+CD8+ interpretation,"ncit_c78801, Below age-related reference range | ncit_c78800,  Within age-related reference range | ncit_c78727, Above age-related reference range",,,,,,[lympheno_loinc_14135_8] = 'loinc_14135_8',,,,,,
lympheno_loinc_8116_6,lymphocytes_phenotype,,radio,CD19+ B Cells,"loinc_8116_6, CD19+ absolute count","Upon selection please enter the value in the separate field below. Click ""reset"" if selected by mistake.",,,,,,,,,,,
cd19_bmonth,lymphocytes_phenotype,,dropdown,Month,"01, January | 02, February | 03, March | 04, April | 05, May | 06, June | 07, July | 08, August | 09, September | 10, October | 11, November | 12, December | 13, Unknown",,,,,,[lympheno_loinc_8116_6] = 'loinc_8116_6',,,,,,
cd19_byear,lymphocytes_phenotype,,text,Year,,,integer,1900,2030,,[lympheno_loinc_8116_6] = 'loinc_8116_6',,,,,,
lympheno_loinc_8116_6_unit,lymphocytes_phenotype,,radio,"CD19+ B Cells Unit (if possible Cells per milliliter) 
(cells/microliter or 10E6/L)","uo_0000201, Cells per milliliter",,,,,,[lympheno_loinc_8116_6] = 'loinc_8116_6',,,,,,
lympheno_loinc_8116_6_val,lymphocytes_phenotype,,text,CD19+ B Cells Value (cells/microliter or 10E6/L),,Please provide only the value!,,,,,[lympheno_loinc_8116_6] = 'loinc_8116_6',,,,,,
lympheno_loinc_8116_6_int,lymphocytes_phenotype,,radio,CD19+ interpretation,"ncit_c78801, Below age-related reference range | ncit_c78800,  Within age-related reference range | ncit_c78727, Above age-related reference range",,,,,,[lympheno_loinc_8116_6] = 'loinc_8116_6',,,,,,
lympheno_loinc_9558_8,lymphocytes_phenotype,,radio,CD20+ B Cells,"loinc_9558_8, CD20+ absolute count","Upon selection please enter the value in the separate field below. Click ""reset"" if selected by mistake.",,,,,,,,,,,
cd20_bmonth,lymphocytes_phenotype,,dropdown,Month,"01, January | 02, February | 03, March | 04, April | 05, May | 06, June | 07, July | 08, August | 09, September | 10, October | 11, November | 12, December | 13, Unknown",,,,,,[lympheno_loinc_9558_8] = 'loinc_9558_8',,,,,,
cd20_byear,lymphocytes_phenotype,,text,Year,,,integer,1900,2030,,[lympheno_loinc_9558_8] = 'loinc_9558_8',,,,,,
lympheno_loinc_9558_8_unit,lymphocytes_phenotype,,radio,"CD20+ B Cells Unit (if possible Cells per milliliter)
(cells/microliter or 10E6/L)","uo_0000201, Cells per milliliter",,,,,,[lympheno_loinc_9558_8] = 'loinc_9558_8',,,,,,
lympheno_loinc_9558_8_val,lymphocytes_phenotype,,text,CD20+ B Cells Value (cells/microliter or 10E6/L),,Please provide only the value!,,,,,[lympheno_loinc_9558_8] = 'loinc_9558_8',,,,,,
lympheno_loinc_9558_8_int,lymphocytes_phenotype,,radio,CD20+ interpretation,"ncit_c78801, Below age-related reference range | ncit_c78800,  Within age-related reference range | ncit_c78727, Above age-related reference range",,,,,,[lympheno_loinc_9558_8] = 'loinc_9558_8',,,,,,
lympheno_loinc_9728_7,lymphocytes_phenotype,,radio,CD3-CD16+CD56+ Natural Killer T Cells,"loinc_9728_7, CD3-CD16+CD56+ Natural killer cells absolute count","Upon selection please enter the value in the separate field below. Click ""reset"" if selected by mistake.",,,,,,,,,,,
nktcellsmonth,lymphocytes_phenotype,,dropdown,Month,"01, January | 02, February | 03, March | 04, April | 05, May | 06, June | 07, July | 08, August | 09, September | 10, October | 11, November | 12, December | 13, Unknown",,,,,,[lympheno_loinc_9728_7] = 'loinc_9728_7',,,,,,
nktcellsyear,lymphocytes_phenotype,,text,Year,,,integer,1900,2300,,[lympheno_loinc_9728_7] = 'loinc_9728_7',,,,,,
lympheno_loinc_9728_7_unit,lymphocytes_phenotype,,radio,CD3-CD16+CD56+ Natural Killer T Cells Unit (if possible Cells per milliliter) (cells/microliter or 10E6/L),"uo_0000201, Cells per milliliter",,,,,,[lympheno_loinc_9728_7] = 'loinc_9728_7',,,,,,
lympheno_loinc_9728_7_val,lymphocytes_phenotype,,text,"CD3-CD16+CD56+ Natural Killer T Cells Value
(cells/microliter or 10E6/L)",,Please provide only the value!,,,,,[lympheno_loinc_9728_7] = 'loinc_9728_7',,,,,,
lympheno_loinc_9728_7_int,lymphocytes_phenotype,,radio,CD3-CD16+CD56+ Natural Killer T Cells interpretation,"ncit_c78801, Below age-related reference range | ncit_c78800, Within age-related reference range | ncit_c78727, Above age-related reference range",,,,,,[lympheno_loinc_9728_7] = 'loinc_9728_7',,,,,,
lymphopheno_other,lymphocytes_phenotype,,file,"Were other more specific lymphocyte subsets tested?  
If yes, please upload the pdf test results. REMOVE PATIENT'S PERSONAL INFORMATION (NAME, MRN, ULI, DOB)
 ",,,,,,,,,,,,,
lymphopheno_test,lymphocytes_phenotype,,file,"Please upload the pdf test results. REMOVE PATIENT'S PERSONAL INFORMATION (NAME, MRN, ULI, DOB)
 ",,,,,,,,,,,,,
completetion_date_lymphfunc,lymphocyte_functionnk_cytotoxicity,,text,Date of completing this form.,,,date_dmy,,,,,,,,,,
lymphfunc_test,lymphocyte_functionnk_cytotoxicity,,radio,Please provide the following information at EACH designated time point in the dropdown list. Select the appropriate box for the information you are providing:,"ncit_c54734, Before Treatment/ Baseline diagnosis | ncit_c54735, Post Treatment | ncit_c25280, Most recent test",,,,,,,,,,,,
lymphfunc_ncit_c88791,lymphocyte_functionnk_cytotoxicity,Please click on tests that were completed and enter results,radio,Phytohemagglutinin (PHA),"ncit_c88791, PHA (phytohemagglutinin) | 1, Not done",,,,,,,,,,,,
phamonth,lymphocyte_functionnk_cytotoxicity,,dropdown,Month,"01, January | 02, February | 03, March | 04, April | 05, May | 06, June | 07, July | 08, August | 09, September | 10, October | 11, November | 12, December | 13, Unknown",,,,,,[lymphfunc_ncit_c88791] = 'ncit_c88791',,,,,,
phayear,lymphocyte_functionnk_cytotoxicity,,text,Year,,,integer,1900,2030,,[lymphfunc_ncit_c88791] = 'ncit_c88791',,,,,,
lymphfunc_ncit_c88791_val,lymphocyte_functionnk_cytotoxicity,,radio,PHA Result,"ncit_c48190, Absent | ncit_c54722, Low | ncit_c14165, Normal",,,,,,[lymphfunc_ncit_c88791] = 'ncit_c88791',,,,,,
lymphfunc_ncit_c74017,lymphocyte_functionnk_cytotoxicity,,radio,Anti-CD3/CD28 Antibody,"ncit_c74017, Anti-CD3/CD28 Antibody | 1, Not done",,,,,,,,,,,,
anticd3_cd28month,lymphocyte_functionnk_cytotoxicity,,dropdown,Month,"01, January | 02, February | 03, March | 04, April | 05, May | 06, June | 07, July | 08, August | 09, September | 10, October | 11, November | 12, December | 13, Unknown",,,,,,[lymphfunc_ncit_c74017] = 'ncit_c74017',,,,,,
anticd3_cd28_year,lymphocyte_functionnk_cytotoxicity,,text,Year,,,integer,1900,2030,,[lymphfunc_ncit_c74017] = 'ncit_c74017',,,,,,
lymphfunc_ncit_c74017_val,lymphocyte_functionnk_cytotoxicity,,radio,Anti-CD3/CD28 Antibody Result,"ncit_c48190, Absent | ncit_c54722, Low | ncit_c14165, Normal",,,,,,[lymphfunc_ncit_c74017] = 'ncit_c74017',,,,,,
lymphfunc_ncit_c88774,lymphocyte_functionnk_cytotoxicity,,radio,Concanavalin A (ConA),"ncit_c88774, ConA (concanavalin A) | 1, Not done",,,,,,,,,,,,
conamonth,lymphocyte_functionnk_cytotoxicity,,dropdown,Month,"01, January | 02, February | 03, March | 04, April | 05, May | 06, June | 07, July | 08, August | 09, September | 10, October | 11, November | 12, December | 13, Unknown",,,,,,[lymphfunc_ncit_c88774] = 'ncit_c88774',,,,,,
conayear,lymphocyte_functionnk_cytotoxicity,,text,Year,,,integer,1900,2030,,[lymphfunc_ncit_c88774] = 'ncit_c88774',,,,,,
lymphfunc_ncit_c88774_val,lymphocyte_functionnk_cytotoxicity,,radio,ConA Result,"ncit_c48190, Absent | ncit_c54722, Low | ncit_c14165, Normal",,,,,,[lymphfunc_ncit_c88774] = 'ncit_c88774',,,,,,
lymphfunc_ncit_c88789,lymphocyte_functionnk_cytotoxicity,,radio,Pokeweed mitogen (PWM),"ncit_c88789, PWM (pokeweed mitogen) | 1, Not done",,,,,,,,,,,,
pwmmonth,lymphocyte_functionnk_cytotoxicity,,dropdown,Month,"01, January | 02, February | 03, March | 04, April | 05, May | 06, June | 07, July | 08, August | 09, September | 10, October | 11, November | 12, December | 13, Unknown",,,,,,[lymphfunc_ncit_c88789] = 'ncit_c88789',,,,,,
pwmyear,lymphocyte_functionnk_cytotoxicity,,text,Year,,,integer,1900,2030,,[lymphfunc_ncit_c88789] = 'ncit_c88789',,,,,,
lymphfunc_ncit_c88789_val,lymphocyte_functionnk_cytotoxicity,,radio,PWM Result,"ncit_c48190, Absent | ncit_c54722, Low | ncit_c14165, Normal",,,,,,[lymphfunc_ncit_c88789] = 'ncit_c88789',,,,,,
lymphfunc_ncit_c17166,lymphocyte_functionnk_cytotoxicity,,radio,Staph Aureus Protein A (SpA),"ncit_c17166, SpA (Staph Aureus Protein A) | 1, Not done",,,,,,,,,,,,
spamonth,lymphocyte_functionnk_cytotoxicity,,dropdown,Month,"01, January | 02, February | 03, March | 04, April | 05, May | 06, June | 07, July | 08, August | 09, September | 10, October | 11, November | 12, December | 13, Unknown",,,,,,[lymphfunc_ncit_c17166] = 'ncit_c17166',,,,,,
spayear,lymphocyte_functionnk_cytotoxicity,,text,Year,,,integer,1900,2030,,[lymphfunc_ncit_c17166] = 'ncit_c17166',,,,,,
lymphfunc_ncit_c17166_val,lymphocyte_functionnk_cytotoxicity,,radio,SpA Result,"ncit_c48190, Absent | ncit_c54722, Low | ncit_c14165, Normal",,,,,,[lymphfunc_ncit_c17166] = 'ncit_c17166',,,,,,
lymphfunc_ncit_c85185,lymphocyte_functionnk_cytotoxicity,,radio,Tetanus,"ncit_c85185, Tetanus | 1, Not done",,,,,,,,,,,,
tetanusmonth,lymphocyte_functionnk_cytotoxicity,,dropdown,Month,"01, January | 02, February | 03, March | 04, April | 05, May | 06, June | 07, July | 08, August | 09, September | 10, October | 11, November | 12, December | 13, Unknown",,,,,,[lymphfunc_ncit_c85185] = 'ncit_c85185',,,,,,
tetanusyear,lymphocyte_functionnk_cytotoxicity,,text,Year,,,integer,1900,2030,,[lymphfunc_ncit_c85185] = 'ncit_c85185',,,,,,
lymphfunc_ncit_c85185_val,lymphocyte_functionnk_cytotoxicity,,radio,Tetanus Result,"ncit_c48190, Absent | ncit_c54722, Low | ncit_c14165, Normal",,,,,,[lymphfunc_ncit_c85185] = 'ncit_c85185',,,,,,
lymphfunc_ncit_c34541,lymphocyte_functionnk_cytotoxicity,,radio,Diphtheria,"ncit_c34541, Diphtheria | 1, Not done",,,,,,,,,,,,
diphtheriamonth,lymphocyte_functionnk_cytotoxicity,,dropdown,Month,"01, January | 02, February | 03, March | 04, April | 05, May | 06, June | 07, July | 08, August | 09, September | 10, October | 11, November | 12, December | 13, Unknown",,,,,,[lymphfunc_ncit_c34541] = 'ncit_c34541',,,,,,
diphtheriayear,lymphocyte_functionnk_cytotoxicity,,text,Year,,,integer,1900,2030,,[lymphfunc_ncit_c34541] = 'ncit_c34541',,,,,,
lymphfunc_ncit_c34541_val,lymphocyte_functionnk_cytotoxicity,,radio,Diphtheria Result,"ncit_c48190, Absent | ncit_c54722, Low | ncit_c14165, Normal",,,,,,[lymphfunc_ncit_c34541] = 'ncit_c34541',,,,,,
lymphfunc_ncit_c77163,lymphocyte_functionnk_cytotoxicity,,radio,Candida,"ncit_c77163, Candida | 1, Not done",,,,,,,,,,,,
candidamonth,lymphocyte_functionnk_cytotoxicity,,dropdown,Month,"01, January | 02, February | 03, March | 04, April | 05, May | 06, June | 07, July | 08, August | 09, September | 10, October | 11, November | 12, December | 13, Unknown",,,,,,[lymphfunc_ncit_c77163] = 'ncit_c77163',,,,,,
candidayear,lymphocyte_functionnk_cytotoxicity,,text,Year,,,integer,1900,2030,,[lymphfunc_ncit_c77163] = 'ncit_c77163',,,,,,
lymphfunc_ncit_c77163_val,lymphocyte_functionnk_cytotoxicity,,radio,Candida Result,"ncit_c48190, Absent | ncit_c54722, Low | ncit_c14165, Normal",,,,,,[lymphfunc_ncit_c77163] = 'ncit_c77163',,,,,,
lymphfunc_ncit_c116203,lymphocyte_functionnk_cytotoxicity,,radio,Natural Killer (NK) Cell Cytotoxicity,"ncit_c116203, NK cell Cytotoxicity | 1, Not done",,,,,,,,,,,,
nkcellcytomonth,lymphocyte_functionnk_cytotoxicity,,dropdown,Month,"01, January | 02, February | 03, March | 04, April | 05, May | 06, June | 07, July | 08, August | 09, September | 10, October | 11, November | 12, December | 13, Unknown",,,,,,[lymphfunc_ncit_c116203] = 'ncit_c116203',,,,,,
nkcellcytoyear,lymphocyte_functionnk_cytotoxicity,,text,Year,,,integer,1900,2030,,[lymphfunc_ncit_c116203] = 'ncit_c116203',,,,,,
lymphfunc_ncit_c116203_val,lymphocyte_functionnk_cytotoxicity,,radio,NK cell Cytotoxicity Result,"ncit_c48190, Absent | ncit_c54722, Low | ncit_c14165, Normal",,,,,,[lymphfunc_ncit_c116203] = 'ncit_c116203',,,,,,
lymph_fn,lymphocyte_functionnk_cytotoxicity,,file,"Please upload test report(s). Please, REMOVE PATIENT'S PERSONAL INFORMATION (NAME, MRN, ULI, DOB)",,,,,,,,,,,,,
completion_date_tcr,tcr_v_beta,,text,Date of completing this form.,,,date_dmy,,,,,,,,,,
type_tcr_test,tcr_v_beta,,radio,Please provide the following information at EACH designated time point in the list. Select the appropriate box for the information you are providing:,"ncit_c54734, Before Treatment/ Baseline diagnosis | ncit_c54735, Post Treatment | ncit_c25280, Most recent test",,,,,,,,,,,,
date_tcr_test,tcr_v_beta,,descriptive,"What is the date of the test?
Month{tcrtestmonth} Year{tcrtestyear}",,! indicate month and year only : 01-M-Y,,,,,,,,,,,
tcrtestmonth,tcr_v_beta,,dropdown,Month,"01, January | 02, February | 03, March | 04, April | 05, May | 06, June | 07, July | 08, August | 09, September | 10, October | 11, November | 12, December | 13, Unknown",,,,,,,,,,,,
tcrtestyear,tcr_v_beta,,text,Year,,,integer,1900,2030,,,,,,,,
tcr_v_beta_response,tcr_v_beta,,radio,TCR-V Beta Repertoire Panel test result,"ncit_c14165, Normal | ncit_c25401, Skewed",,,,,,,,,,,,
tcr_v_pdf_test,tcr_v_beta,,file,"Please, upload the pdf test results.  REMOVE PATIENT'S PERSONAL INFORMATION ( MRN, ULI, DOB, Name)
 ",,,,,,,,,,,,,
completion_date_trek_krec,trec_krec,,text,"Date of completing this form.
",,,date_dmy,,,,,,,,,,
type_trec_test,trec_krec,,radio,When was the TREC analysis done?,"ncit_c54734, Before Treatment/ Baseline diagnosis | ncit_c54735, Post Treatment | ncit_c81178, Newborn screening",,,,,,,,,,,,
date_trec_test,trec_krec,,descriptive,"What was the date of test?
Month{trectestmonth} Year{trectestyear}",,! indicate month and year only : 01-M-Y,,,,,,,,,,,
trectestmonth,trec_krec,,dropdown,Month,"01, January | 02, February | 03, March | 04, April | 05, May | 06, June | 07, July | 08, August | 09, September | 10, October | 11, November | 12, December | 13, Unknown",,,,,,,,,,,,
trectestyear,trec_krec,,text,Year,,,integer,1900,2030,,,,,,,,
trectest_result,trec_krec,,radio,What is the TREC test result,"ncit_c48190, Absent | ncit_c54722, Below normal range | ncit_c14165, Within normal range",,,,,,,,,,,,
trec_level,trec_krec,,text,"TREC result, include units",,,,,,,,,,,,,
krec_test,trec_krec,,radio,Was a kappa-deleting Recombination Excision Circles (KREC) test performed?,"customcode_krec, Yes | no, No",KREC = Kappa-deleting recombination excision circles,,,,,,,,,,,
type_krec_test,trec_krec,,radio,When was the KREC analysis done?,"ncit_c54734, Before Treatment/ Baseline diagnosis | ncit_c54735, Post Treatment | ncit_c81178, Newborn screening",,,,,,[krec_test] = 'customcode_krec',,,,,,
date_krec,trec_krec,,descriptive,"What was the date of the test?
Month{krectestmonth} Year{krectestyear}",,! indicate month and year only : 01-M-Y,,,,,[krec_test] = 'customcode_krec',,,,,,
krectestmonth,trec_krec,,dropdown,Month,"01, January | 02, February | 03, March | 04, April | 05, May | 06, June | 07, July | 08, August | 09, September | 10, October | 11, November | 12, December | 13, Unknown",,,,,,,,,,,,
krectestyear,trec_krec,,text,Year,,,integer,1900,2030,,,,,,,,
krec_test_result,trec_krec,,radio,What is the KREC test result,"ncit_c48190, Absent | ncit_c54722, Below normal range | ncit_c14165, Within normal range",,,,,,[krec_test] = 'customcode_krec',,,,,,
krec_level_custom,trec_krec,,text,"KREC result, include units",,please put the unit in [ ] after you value,,,,,[krec_test] = 'customcode_krec',,,,,,
trec_pdf,trec_krec,,file,"Please attach test result (REMOVE ALL IDENTIFIED INFORMATION: MRN, ULI, DOB, Name)",,,,,,,,,,,,,
completion_date_phagocytefunc,neutrophil_function_and_lad,,text,"Date of completing this form.	
",,,date_dmy,,,,,,,,,,
phagocyte_function_test,neutrophil_function_and_lad,,radio,Please provide the following information at EACH designated time point in the dropdown list. Select the appropriate box for the information you are providing:,"ncit_c54734, Before Treatment/ Baseline diagnosis | ncit_c54735, Post Treatment | ncit_c25280, Most recent test",,,,,,,,,,,,
phagocyte_test_date,neutrophil_function_and_lad,,descriptive,"What was the date of neutrophil function test?
Month{phagocytetestmonth} Year{phagocytetestyear}",,! indicate month and year only : 01-M-Y,,,,,,,,,,,
phagocytetestmonth,neutrophil_function_and_lad,,dropdown,Month,"01, January | 02, February | 03, March | 04, April | 05, May | 06, June | 07, July | 08, August | 09, September | 10, October | 11, November | 12, December | 13, Unknown",,,,,,,,,,,,
phagocytetestyear,neutrophil_function_and_lad,,text,Year,,,integer,1900,2030,,,,,,,,
neutrophil_test,neutrophil_function_and_lad,,radio,Please indicate what type of neutrophil function test was performed:,"1, DHR Test (Dihydrorhodamine Flow cytometry Test or NOBI/Neutrophil Oxidative Burst Test) | 2, NBT Test (Nitroblue Tetrazolium Test) | 3, Other | 4, Not done",same as SickKids (Oxidative Burst Test done by Flow Cytometry),,,,,,,,,,,
other_test,neutrophil_function_and_lad,,text,Other - Please specify the type of test,,,,,,,[neutrophil_test] = '4',,,,,,
nph_test_result,neutrophil_function_and_lad,,dropdown,Test result,"ncit_c54722, Decreased | ncit_c48190, Absent | ncit_c14165, Normal",,,,,,[neutrophil_test] = '1' or [neutrophil_test] = '2' or [neutrophil_test] = '3' or [neutrophil_test] = '4',,,,,,
nph_test_results,neutrophil_function_and_lad,,file,"Please upload test results. REMOVE PATIENT'S PERSONAL INFORMATION (NAME, MRN, ULI, DOB)",,,,,,,[neutrophil_test] = '1' or [neutrophil_test] = '2' or [neutrophil_test] = '3',,,,,,
flow_adhesion_val,neutrophil_function_and_lad,,dropdown,Leukocyte adhesion test (LAD),"1, decreased | 2, absent | 3, normal",,,,,,,,,,,,
ladmonth,neutrophil_function_and_lad,,dropdown,Month,"01, January | 02, February | 03, March | 04, April | 05, May | 06, June | 07, July | 08, August | 09, September | 10, October | 11, November | 12, December | 13, Unknown",,,,,,,,,,,,
ladyear,neutrophil_function_and_lad,,text,Year,,,integer,1900,2300,,,,,,,,
please_upload_flow_cytomet,neutrophil_function_and_lad,,file,"Please upload flow cytometry for leukocyte adhesion test results. REMOVE PATIENT'S PERSONAL INFORMATION (NAME, MRN, ULI, DOB)
 ",,,,,,,,,,,,,
only_if_positive,autoantibodies,,descriptive,"ONLY COMPLETE THIS FORM IF THE PARTICIPANT HAS POSITIVE/ABNORMAL AUTOANTIBODIES

DO NOT COMPLETE IF THE PARTICIPANT HAS HAD TESTING AND ALL RESULTS ARE NEGATIVE/NORMAL",,,,,,,,,,,,,
completion_date_autoanti,autoantibodies,,text,"Date of completing this form.	
",,,date_dmy,,,,,,,,,,
autoanti_no_testing,autoantibodies,,yesno,Participant has had testing.,,,,,,,,,,,,,
autoantibodies_normal_neg,autoantibodies,,yesno,Participant's results were normal/ negative,,,,,,,[autoanti_no_testing] = '1',,,,,,
autoantibodies_test,autoantibodies,,radio,Please provide the following information at EACH designated time point in the dropdown list. Select the appropriate box for the information you are providing:,"ncit_c54734, Before Treatment/ Baseline diagnosis | ncit_c54735, Post Treatment | ncit_c25280, Most recent test",,,,,,[autoanti_no_testing] = '1' and [autoantibodies_normal_neg] = '0',,,,,,
autoanti_ana_val,autoantibodies,,radio,"Antinuclear antibody (ANA) Test Result 
(only titers >1:160 are considered positive)","ncit_c35682, Positive Test",,,,,,[autoanti_no_testing] = '1' and [autoantibodies_normal_neg] = '0',,,,,,
anamonth,autoantibodies,,dropdown,Month,"01, January | 02, February | 03, March | 04, April | 05, May | 06, June | 07, July | 08, August | 09, September | 10, October | 11, November | 12, December | 13, Unknown",,,,,,[autoanti_ana_val] = 'ncit_c35682',,,,,,
anayear,autoantibodies,,text,Year,,,integer,1900,2030,,[autoanti_ana_val] = 'ncit_c35682',,,,,,
autoanti_anca_val,autoantibodies,,radio,Antineutrophil cytoplasmic antibodies (ANCA) Test Result,"ncit_c35682, Positive Test",,,,,,[autoanti_no_testing] = '1' and [autoantibodies_normal_neg] = '0',,,,,,
ancamonth,autoantibodies,,dropdown,Month,"01, January | 02, February | 03, March | 04, April | 05, May | 06, June | 07, July | 08, August | 09, September | 10, October | 11, November | 12, December | 13, Unknown",,,,,,[autoanti_anca_val] = 'ncit_c35682',,,,,,
ancayear,autoantibodies,,text,Year,,,integer,1900,2030,,[autoanti_anca_val] = 'ncit_c35682',,,,,,
autoanti_ena_val,autoantibodies,,radio,Extractable Nuclear Antigen (ENA) Test Result,"ncit_c35682, Positive Test",,,,,,[autoanti_no_testing] = '1' and [autoantibodies_normal_neg] = '0',,,,,,
enamonth,autoantibodies,,dropdown,Month,"01, January | 02, February | 03, March | 04, April | 05, May | 06, June | 07, July | 08, August | 09, September | 10, October | 11, November | 12, December | 13, Unknown",,,,,,[autoanti_ena_val] = 'ncit_c35682',,,,,,
enayear,autoantibodies,,text,Year,,,integer,1900,2030,,[autoanti_ena_val] = 'ncit_c35682',,,,,,
autoanti_anti_tpo_val,autoantibodies,,radio,Anti Thyroid Peroxidase (TPO) Test Result,"ncit_c35682, Positive Test",,,,,,[autoanti_no_testing] = '1' and [autoantibodies_normal_neg] = '0',,,,,,
tpomonth,autoantibodies,,dropdown,Month,"01, January | 02, February | 03, March | 04, April | 05, May | 06, June | 07, July | 08, August | 09, September | 10, October | 11, November | 12, December | 13, Unknown",,,,,,[autoanti_anti_tpo_val] = 'ncit_c35682',,,,,,
tpoyear,autoantibodies,,text,Year,,,integer,1900,2030,,[autoanti_anti_tpo_val] = 'ncit_c35682',,,,,,
autoanti_anti_plat_val,autoantibodies,,radio,Anti-platelet antibody Test Result,"ncit_c35682, Positive Test",,,,,,[autoanti_no_testing] = '1' and [autoantibodies_normal_neg] = '0',,,,,,
antiplatemonth,autoantibodies,,dropdown,Month,"01, January | 02, February | 03, March | 04, April | 05, May | 06, June | 07, July | 08, August | 09, September | 10, October | 11, November | 12, December | 13, Unknown",,,,,,[autoanti_anti_plat_val] = 'ncit_c35682',,,,,,
antiplateyear,autoantibodies,,text,Year,,,integer,1900,2030,,[autoanti_anti_plat_val] = 'ncit_c35682',,,,,,
autoanti_iga_ttg_val,autoantibodies,,radio,IgA tTG (tissue Transglutaminase/celiac screen) Test Result,"ncit_c35682, Positive Test",,,,,,[autoanti_no_testing] = '1' and [autoantibodies_normal_neg] = '0',,,,,,
igattgmonth,autoantibodies,,dropdown,Month,"01, January | 02, February | 03, March | 04, April | 05, May | 06, June | 07, July | 08, August | 09, September | 10, October | 11, November | 12, December | 13, Unknown",,,,,,[autoanti_iga_ttg_val] = 'ncit_c35682',,,,,,
igattgyear,autoantibodies,,text,Year,,,integer,1900,2030,,[autoanti_iga_ttg_val] = 'ncit_c35682',,,,,,
autoanti_dat_val,autoantibodies,,radio,Direct Antiglobulin test (DAT) (direct Coombs test) Test Result,"ncit_c35682, Positive Test",,,,,,[autoanti_no_testing] = '1' and [autoantibodies_normal_neg] = '0',,,,,,
datmonth,autoantibodies,,dropdown,Month,"01, January | 02, February | 03, March | 04, April | 05, May | 06, June | 07, July | 08, August | 09, September | 10, October | 11, November | 12, December | 13, Unknown",,,,,,[autoanti_dat_val] = 'ncit_c35682',,,,,,
datyear,autoantibodies,,text,Year,,,integer,1900,2030,,[autoanti_dat_val] = 'ncit_c35682',,,,,,
other_autoanti_test,autoantibodies,,text,Please search for any other autoantibody testing that has been done,BIOPORTAL:NCIT,,,,,,[autoanti_no_testing] = '1' and [autoantibodies_normal_neg] = '0',,,,,,
other_autoanti_val,autoantibodies,,radio,What was the result of this test,"ncit_c35682, Positive Test",,,,,,"[other_autoanti_test] <> """"",,,,,,
otherantibody1month,autoantibodies,,dropdown,Month,"01, January | 02, February | 03, March | 04, April | 05, May | 06, June | 07, July | 08, August | 09, September | 10, October | 11, November | 12, December | 13, Unknown",,,,,,"[other_autoanti_test] <> """"",,,,,,
otherantibody1year,autoantibodies,,text,Year,,,integer,1900,2030,,"[other_autoanti_test] <> """"",,,,,,
other_autoanti_test_2,autoantibodies,,text,Please search for any other autoantibody testing that has been done,BIOPORTAL:NCIT,,,,,,"[autoanti_no_testing] = '1' and [autoantibodies_normal_neg] = '0' and [other_autoanti_test] <> """"",,,,,,
other_autoanti_val_2,autoantibodies,,radio,What was the result of this test,"ncit_c35682, Positive Test",,,,,,"[other_autoanti_test_2] <> """"",,,,,,
otherantibody2month,autoantibodies,,dropdown,Month,"01, January | 02, February | 03, March | 04, April | 05, May | 06, June | 07, July | 08, August | 09, September | 10, October | 11, November | 12, December | 13, Unknown",,,,,,"[other_autoanti_test_2] <> """"",,,,,,
otherantibody2year,autoantibodies,,text,Year,,,integer,1900,2300,,"[other_autoanti_test_2] <> """"",,,,,,
other_autoanti_test_3,autoantibodies,,text,Please search for any other autoantibody testing that has been done,BIOPORTAL:NCIT,,,,,,"[other_autoanti_test_2] <> """"",,,,,,
other_autoanti_val_3,autoantibodies,,radio,What was the result of this test,"ncit_c35682, Positive Test",,,,,,"[other_autoanti_test_3] <> """"",,,,,,
otherantibody3month,autoantibodies,,dropdown,Month,"01, January | 02, February | 03, March | 04, April | 05, May | 06, June | 07, July | 08, August | 09, September | 10, October | 11, November | 12, December | 13, Unknown",,,,,,"[other_autoanti_test_3] <> """"",,,,,,
otherantibody3year,autoantibodies,,text,Year,,,integer,1900,2030,,"[other_autoanti_test_3] <> """"",,,,,,
other_autoanti_test_4,autoantibodies,,text,Please search for any other autoantibody testing that has been done,BIOPORTAL:NCIT,,,,,,"[other_autoanti_test_3] <> """"",,,,,,
other_autoanti_val_4,autoantibodies,,radio,What was the result of this test,"ncit_c35682, Positive Test",,,,,,"[other_autoanti_test_4] <> """"",,,,,,
otherantibody4month,autoantibodies,,dropdown,Month,"01, January | 02, February | 03, March | 04, April | 05, May | 06, June | 07, July | 08, August | 09, September | 10, October | 11, November | 12, December | 13, Unknown",,,,,,"[other_autoanti_test_4] <> """"",,,,,,
otherantibody4year,autoantibodies,,text,Year,,,integer,1900,2030,,"[other_autoanti_test_4] <> """"",,,,,,
autoantibodyfiles,autoantibodies,,file,"Please upload all positive test results. REMOVE PATIENT'S PERSONAL INFORMATION (NAME, MRN, ULI, DOB)",,,,,,,[autoanti_no_testing] = '1' and [autoantibodies_normal_neg] = '0',,,,,,
completion_date_immunoglob,immunoglobulin_evaluation,,text,"Date of completing this form.	

",,,date_dmy,,,,,,,,,,
type_immunologbulins_test,immunoglobulin_evaluation,,radio,Please provide the following information at EACH designated time point in the dropdown list. Select the appropriate box for the information you are providing:,"ncit_c54734, Before Treatment/ Baseline Diagnosis | ncit_c54735, Post Treatment | ncit_c25280, Most recent test",,,,,,,,,,,,
immunglobulin_test_date,immunoglobulin_evaluation,,descriptive,"Date of the immunoglobulin evaluation
Month{immunoglobulintestmonth} Year{immunoglobulintestyear}",,! indicate month and year only : 01-M-Y,,,,,,,,,,,
immunoglobulintestmonth,immunoglobulin_evaluation,,dropdown,Month,"01, January | 02, February | 03, March | 04, April | 05, May | 06, June | 07, July | 08, August | 09, September | 10, October | 11, November | 12, December | 13, Unknown",,,,,,,,,,,,
immunoglobulintestyear,immunoglobulin_evaluation,,text,Year,,,integer,1900,2030,,,,,,,,
igrt_result,immunoglobulin_evaluation,,radio,Was the patient on immunoglobulin replacement at the time of this test?,"1, Yes | 2, No",,,,,,,,,,,,
immunglobulin_iga,immunoglobulin_evaluation,Please select which tests were done at this date,radio,Immunoglobulin - IgA,"ncit_c565, IgA [g/l] | 2, not done",,,,,,,,,,,,
immunglobulin_iga_val,immunoglobulin_evaluation,,text,IgA g/l - Please provide value,,,number_2dp,0,5000,,[immunglobulin_iga] = 'ncit_c565',,,,,,
immunglobulin_iga_int,immunoglobulin_evaluation,,radio,IgA value interpretation,"ncit_c78801, Below age-related reference range | ncit_c78800, Within age-related reference range | ncit_c78727, Above age-related reference range",,,,,,[immunglobulin_iga] = 'ncit_c565',,,,,,
immunglobulin_igm,immunoglobulin_evaluation,,radio,Immunoglobulin - IgM,"ncit_c569, IgM [g/l] | 2, not done",,,,,,,,,,,,
immunglobulin_igm_val,immunoglobulin_evaluation,,text,IgM g/l - Please provide value,,,number_2dp,0,5000,,[immunglobulin_igm] = 'ncit_c569',,,,,,
immunglobulin_igm_int,immunoglobulin_evaluation,,radio,IgM value interpretation,"ncit_c78801, Below age-related reference range | ncit_c78800, Within age-related reference range | ncit_c78727, Above age-related reference range",,,,,,[immunglobulin_igm] = 'ncit_c569',,,,,,
immunglobulin_igg,immunoglobulin_evaluation,,radio,Immunoglobulin - IgG,"ncit_c568, IgG [g/l] | 2, not done",,,,,,,,,,,,
immunglobulin_igg_val,immunoglobulin_evaluation,,text,IgG g/l - Please provide value,,,number_2dp,0,5000,,[immunglobulin_igg] = 'ncit_c568',,,,,,
immunglobulin_igg_int,immunoglobulin_evaluation,,radio,IgG value interpretation,"ncit_c78801, Below age-related reference range | ncit_c78800, Within age-related reference range | ncit_c78727, Above age-related reference range",,,,,,[immunglobulin_igg] = 'ncit_c568',,,,,,
immunglobulin_ige,immunoglobulin_evaluation,,radio,Immunoglobulin - IgE,"ncit_c567, IgE [kU/L] | 2, not done",,,,,,,,,,,,
immunglobulin_ige_val,immunoglobulin_evaluation,,text,IgE kU/L - Please provide value,,,number_2dp,0,5000,,[immunglobulin_ige] = 'ncit_c567',,,,,,
immunglobulin_ige_int,immunoglobulin_evaluation,,radio,IgE value interpretation,"ncit_c78801, Below age-related reference range | ncit_c78800, Within age-related reference range | ncit_c78727, Above age-related reference range",,,,,,[immunglobulin_ige] = 'ncit_c567',,,,,,
completion_date_igg,isohemagglutinins_igg_subsets_mprotein_stat,,text,"Date of completing this form.	

",,,date_dmy,,,,,,,,,,
ig1_eval,isohemagglutinins_igg_subsets_mprotein_stat,,radio,Have Immunoglobulin G (IgG) subclasses been done?,"1, yes | 2, no",,,,,,,,,,,,
date_subsets,isohemagglutinins_igg_subsets_mprotein_stat,,descriptive,"When were IgG subclasses done?
Month{iggmonth} Year{iggyear}",,! indicate month and year only : 01-M-Y,,,,,[ig1_eval] = '1',,,,,,
iggmonth,isohemagglutinins_igg_subsets_mprotein_stat,,dropdown,Month,"01, January | 02, February | 03, March | 04, April | 05, May | 06, June | 07, July | 08, August | 09, September | 10, October | 11, November | 12, December | 13, Unknown",,,,,,,,,,,,
iggyear,isohemagglutinins_igg_subsets_mprotein_stat,,text,Year,,,integer,1900,2030,,,,,,,,
igg1_val,isohemagglutinins_igg_subsets_mprotein_stat,,text,IgG1 Value g/l,,,number_2dp,0,9999.99,,[ig1_eval] = '1',,,,,,
igg1_int,isohemagglutinins_igg_subsets_mprotein_stat,,radio,IgG1 Interpretation,"ncit_c78801, Below age-related reference range | ncit_c78800, Within age-related reference range | ncit_c78727, Above age-related reference range",,,,,,[ig1_eval] = '1',,,,,,
igg2_val,isohemagglutinins_igg_subsets_mprotein_stat,,text,IgG2 Value g/l,,,number_2dp,0,9999.99,,[ig1_eval] = '1',,,,,,
igg2_int,isohemagglutinins_igg_subsets_mprotein_stat,,radio,IgG2 Interpretation,"ncit_c78801, Below age-related reference range | ncit_c78800, Within age-related reference range | ncit_c78727, Above age-related reference range",,,,,,[ig1_eval] = '1',,,,,,
igg3_val,isohemagglutinins_igg_subsets_mprotein_stat,,text,IgG3 Value g/l,,,number_2dp,0,9999.99,,[ig1_eval] = '1',,,,,,
igg3_int,isohemagglutinins_igg_subsets_mprotein_stat,,radio,IgG3 Interpretation,"ncit_c78801, Below age-related reference range | ncit_c78800, Within age-related reference range | ncit_c78727, Above age-related reference range",,,,,,[ig1_eval] = '1',,,,,,
igg4_val,isohemagglutinins_igg_subsets_mprotein_stat,,text,IgG4 Value g/l,,,number_2dp,0,9999.99,,[ig1_eval] = '1',,,,,,
igg4_int,isohemagglutinins_igg_subsets_mprotein_stat,,radio,IgG4 Interpretation,"ncit_c78801, Below age-related reference range | ncit_c78800, Within age-related reference range | ncit_c78727, Above age-related reference range",,,,,,[ig1_eval] = '1',,,,,,
isohaem_eval,isohemagglutinins_igg_subsets_mprotein_stat,,radio,Has an evaluation of isohaemagglutinins been done?,"ncit_c98843, Yes | no, No",Please select Yes to provide the test results,,,,,,,,,,,
isohaem_date,isohemagglutinins_igg_subsets_mprotein_stat,,yesno,"Were Isohaemagglutinins done?
Month{isohaemmonth} Year{isoheamyear}",,! indicate month and year only : 01-M-Y,,,,,[isohaem_eval] = 'ncit_c98843',,,,,,
isohaemmonth,isohemagglutinins_igg_subsets_mprotein_stat,,dropdown,Month,"01, January | 02, February | 03, March | 04, April | 05, May | 06, June | 07, July | 08, August | 09, September | 10, October | 11, November | 12, December | 13, Unknown",,,,,,,,,,,,
isoheamyear,isohemagglutinins_igg_subsets_mprotein_stat,,text,Year,,,integer,1900,2030,,,,,,,,
patient_blood_group,isohemagglutinins_igg_subsets_mprotein_stat,,radio,Please indicate the patient's Blood Group,"ncit_c76249, 0 (Should have A & B antibodies) | ncit_c76246, A (Should only have B antibodies) | ncit_c76247, B (Should only have A antibodies) | ncit_c76248, AB (Should not have A or B antibodies)",,,,,,[isohaem_eval] = 'ncit_c98843',,,,,,
a_ab,isohemagglutinins_igg_subsets_mprotein_stat,,radio,Anti-A antibodies (blood group B or O),"loinc_30314_9, Anti-A Antibodies [Titer] | 1, Positive | 2, Negative | 3, Not applicable","please also select, if no antibodies were detected ",,,,,[isohaem_eval] = 'ncit_c98843',,,,,,
a_ab_val,isohemagglutinins_igg_subsets_mprotein_stat,,radio,"If the patient should have Anti-A Antibodies, please indicate the result","ncit_c48190, Absent | ncit_c78801, Below age-related reference range | ncit_c78800, Within age-related reference range",,,,,,[a_ab] <> '',,,,,,
b_ab,isohemagglutinins_igg_subsets_mprotein_stat,,radio,Anti-B antibodies (blood group A or O),"loinc_30201_8, Anti-B Antibodies [Titer] | 1, Positive | 2, Negative | 3, Not applicable","please also select, if no antibodies were detected ",,,,,[isohaem_eval] = 'ncit_c98843',,,,,,
b_ab_val,isohemagglutinins_igg_subsets_mprotein_stat,,radio,"If the patient should have Anti-B Antibodies, please indicate the result","ncit_c48190, Absent | ncit_c78801, Below age-related reference range | ncit_c78800, Within age-related reference range",,,,,,[b_ab] <> '',,,,,,
m_protein_yes,isohemagglutinins_igg_subsets_mprotein_stat,,radio,"Has a serum protein electrophoresis/M-protein (SPEP) (monoclonal, myeloma-related) been done?","ncit_c129763, Yes | no, No",,,,,,[isohaem_eval] = 'ncit_c98843',,,,,,
m_protein_date,isohemagglutinins_igg_subsets_mprotein_stat,,descriptive,"What was the date of the SPEP/M-protein test?
Month{proteinmonth} Year{protienyear}",,! indicate month and year only : 01-M-Y,,,,,[m_protein_yes] = 'ncit_c129763',,,,,,
proteinmonth,isohemagglutinins_igg_subsets_mprotein_stat,,dropdown,Month,"01, January | 02, February | 03, March | 04, April | 05, May | 06, June | 07, July | 08, August | 09, September | 10, October | 11, November | 12, December | 13, Unknown",,,,,,,,,,,,
protienyear,isohemagglutinins_igg_subsets_mprotein_stat,,text,Year,,,integer,1900,2030,,,,,,,,
m_protein_val,isohemagglutinins_igg_subsets_mprotein_stat,,radio,"SPEP/M-protein (monoclonal protein, myeloma-related) result","ncit_c14165, normal | hp_0010876, abnormal",,,,,,[m_protein_yes] = 'ncit_c129763',,,,,,
m_protein_pdf,isohemagglutinins_igg_subsets_mprotein_stat,,file,"Please attach the results of M-protein (pdf). REMOVE PATIENT'S PERSONAL INFORMATION (NAME, MRN, ULI, DOB)
 ",,,,,,,[m_protein_yes] = 'ncit_c129763',,,,,,
completion_date_complement,complement_function,,text,"Date of completing this form.	

",,,date_dmy,,,,,,,,,,
complement_time,complement_function,,radio,Please provide the following information at EACH designated time point in the dropdown list. Select the appropriate box for the information you are providing:,"ncit_c54734, Before Treatment/ Baseline Diagnosis | ncit_c54735, Post Treatment | ncit_c25280, Most recent test",,,,,,,,,,,,
ch50,complement_function,,radio,Complement Total (CH50) Test,"ncit_c100423, CH50 test done | not_done, CH50 test not done",,,,,,,,,,,,
ch50month,complement_function,,dropdown,Month,"01, January | 02, February | 03, March | 04, April | 05, May | 06, June | 07, July | 08, August | 09, September | 10, October | 11, November | 12, December | 13, Unknown",,,,,,[ch50] = 'ncit_c100423',,,,,,
ch50year,complement_function,,text,Year,,,integer,1900,2030,,[ch50] = 'ncit_c100423',,,,,,
ch50_int,complement_function,,radio,CH50 level,"ncit_c78801, Below age-related reference range | ncit_c78800, Within age-related reference range | ncit_c78727, Above age-related reference range",,,,,,[ch50] = 'ncit_c100423',,,,,,
ch50_val,complement_function,,text,CH50 value,,,number_2dp,0,99999.99,,[ch50] = 'ncit_c100423',,,,,,
ch50_unit,complement_function,,text,CH50 value unit,BIOPORTAL:UO,,,,,,[ch50] = 'ncit_c100423',,,,,,
ch100,complement_function,,radio,CH100 Test,"ncit_c147317, CH100 test done | not_done, CH100 test not done",,,,,,,,,,,,
ch100month,complement_function,,dropdown,Month,"01, January | 02, February | 03, March | 04, April | 05, May | 06, June | 07, July | 08, August | 09, September | 10, October | 11, November | 12, December | 13, Unknown",,,,,,[ch100] = 'ncit_c147317',,,,,,
ch100year,complement_function,,text,Year,,,integer,1900,2030,,[ch100] = 'ncit_c147317',,,,,,
ch100_int,complement_function,,radio,CH100 level,"ncit_c78801, Below age-related reference range | ncit_c78800, Within age-related reference range | ncit_c78727, Above age-related reference range",,,,,,[ch100] = 'ncit_c147317',,,,,,
ch100_val,complement_function,,text,CH100 value,,,number_2dp,0,99999.99,,[ch100] = 'ncit_c147317',,,,,,
ch100_unit,complement_function,,text,CH100 value unit,BIOPORTAL:UO,,,,,,[ch100] = 'ncit_c147317',,,,,,
complement_c1q,complement_function,,radio,C1q Test,"ncit_c186029, C1q test done | not_done, C1q test not done",,,,,,,,,,,,
c1qmonth,complement_function,,dropdown,Month,"01, January | 02, February | 03, March | 04, April | 05, May | 06, June | 07, July | 08, August | 09, September | 10, October | 11, November | 12, December | 13, Unknown",,,,,,[complement_c1q] = 'ncit_c186029',,,,,,
c1qyear,complement_function,,text,Year,,,integer,1900,2030,,[complement_c1q] = 'ncit_c186029',,,,,,
complement_c1q_int,complement_function,,radio,C1q level,"ncit_c78801, Below age-related reference range | ncit_c78800, Within age-related reference range | ncit_c78727, Above age-related reference range",,,,,,[complement_c1q] = 'ncit_c186029',,,,,,
complement_c1q_val,complement_function,,text,C1q value,,,number_2dp,0,99999.99,,[complement_c1q] = 'ncit_c186029',,,,,,
complement_c1q_unit,complement_function,,text,C1q value unit,BIOPORTAL:UO,,,,,,[complement_c1q] = 'ncit_c186029',,,,,,
complement_c2,complement_function,,radio,C2 Test,"ncit_c202394, C2 test done | not_done, C2 test not done",,,,,,,,,,,,
c2month,complement_function,,dropdown,Month,"01, January | 02, February | 03, March | 04, April | 05, May | 06, June | 07, July | 08, August | 09, September | 10, October | 11, November | 12, December | 13, Unknown",,,,,,[complement_c2] = 'ncit_c202394',,,,,,
c2year,complement_function,,text,Year,,,integer,1900,2030,,[complement_c2] = 'ncit_c202394',,,,,,
complement_c2_int,complement_function,,radio,C2 level,"ncit_c78801, Below age-related reference range | ncit_c78800, Within age-related reference range | ncit_c78727, Above age-related reference range",,,,,,[complement_c2] = 'ncit_c202394',,,,,,
complement_c2_val,complement_function,,text,C2 value,,,number_2dp,0,99999.99,,[complement_c2] = 'ncit_c202394',,,,,,
complement_c2_unit,complement_function,,text,C2 value unit,BIOPORTAL:UO,,,,,,[complement_c2] = 'ncit_c202394',,,,,,
complement_c3,complement_function,,radio,C3 Test,"ncit_c80174, C3 test done | 1, C3 test not done",,,,,,,,,,,,
c3month,complement_function,,dropdown,Month,"01, January | 02, February | 03, March | 04, April | 05, May | 06, June | 07, July | 08, August | 09, September | 10, October | 11, November | 12, December | 13, Unknown",,,,,,[complement_c3] = 'ncit_c80174',,,,,,
c3year,complement_function,,text,Year,,,integer,1900,2030,,[complement_c3] = 'ncit_c80174',,,,,,
complement_c3_int,complement_function,,radio,C3 level,"ncit_c78801, Below age-related reference range | ncit_c78800, Within age-related reference range | ncit_c78727, Above age-related reference range",,,,,,[complement_c3] = 'ncit_c80174',,,,,,
complement_c3_val,complement_function,,text,C3 value,,,number_2dp,0,99999.99,,[complement_c3] = 'ncit_c80174',,,,,,
complement_c3_unit,complement_function,,text,C3 value unit,BIOPORTAL:UO,,,,,,[complement_c3] = 'ncit_c80174',,,,,,
complement_c4,complement_function,,radio,C4  Test,"ncit_c80177, C4 test done | 1, C4 test not done",,,,,,,,,,,,
c4month,complement_function,,dropdown,Month,"01, January | 02, February | 03, March | 04, April | 05, May | 06, June | 07, July | 08, August | 09, September | 10, October | 11, November | 12, December | 13, Unknown",,,,,,[complement_c4] = 'ncit_c80177',,,,,,
c4year,complement_function,,text,Year,,,integer,1900,2030,,[complement_c4] = 'ncit_c80177',,,,,,
complement_c4_int,complement_function,,radio,C4 level,"ncit_c78801, Below age-related reference range | ncit_c78800, Within age-related reference range | ncit_c78727, Above age-related reference range",,,,,,[complement_c4] = 'ncit_c80177',,,,,,
complement_c4_val,complement_function,,text,C4 value,,,number_2dp,0,99999.99,,[complement_c4] = 'ncit_c80177',,,,,,
complement_c4_unit,complement_function,,text,C4 value unit,BIOPORTAL:UO,,,,,,[complement_c4] = 'ncit_c80177',,,,,,
mannose_bind_lectin,complement_function,,radio,Mannose-Binding Lectin (MBL) Test,"ncit_c1151, Mannose-Binding Lectin test done | 1, Mannose-Binding Lectin test not done",,,,,,,,,,,,
mblmonth,complement_function,,dropdown,Month,"01, January | 02, February | 03, March | 04, April | 05, May | 06, June | 07, July | 08, August | 09, September | 10, October | 11, November | 12, December | 13, Unknown",,,,,,[mannose_bind_lectin] = 'ncit_c1151',,,,,,
mblyear,complement_function,,text,Year,,,integer,1900,2030,,[mannose_bind_lectin] = 'ncit_c1151',,,,,,
mannose_bind_lectin_int,complement_function,,radio,MBL level,"ncit_c78801, Below age-related reference range | ncit_c78800, Within age-related reference range | ncit_c78727, Above age-related reference range",,,,,,[mannose_bind_lectin] = 'ncit_c1151',,,,,,
mannose_bind_lectin_val,complement_function,,text,MBL value,,,number_2dp,0,99999.99,,[mannose_bind_lectin] = 'ncit_c1151',,,,,,
mannose_bind_lectin_unit,complement_function,,text,MBL value unit,BIOPORTAL:UO,,,,,,[mannose_bind_lectin] = 'ncit_c1151',,,,,,
ficolin_3,complement_function,,radio,Ficolin-3 Measurement,"ncit_c201576, Ficolin-3 test done | 1, Ficolin-3 test not done",,,,,,,,,,,,
ficolin3month,complement_function,,dropdown,Month,"01, January | 02, February | 03, March | 04, April | 05, May | 06, June | 07, July | 08, August | 09, September | 10, October | 11, November | 12, December | 13, Unknown",,,,,,[ficolin_3] = 'ncit_c201576',,,,,,
ficolin3year,complement_function,,text,Year,,,integer,1900,2030,,[ficolin_3] = 'ncit_c201576',,,,,,
ficolin_3_int,complement_function,,radio,Ficolin-3 level,"ncit_c78801, Below age-related reference range | ncit_c78800, Within age-related reference range | ncit_c78727, Above age-related reference range",,,,,,[ficolin_3] = 'ncit_c201576',,,,,,
ficolin_3_val,complement_function,,text,Ficolin-3 value,,,number_2dp,0,99999.99,,[ficolin_3] = 'ncit_c201576',,,,,,
ficolin_3_unit,complement_function,,text,Ficolin-3 value unit,BIOPORTAL:UO,,,,,,[ficolin_3] = 'ncit_c201576',,,,,,
masps,complement_function,,radio,Lectin Complement Pathway Serine Proteases (MASPs) 1-3 Tests,"ncit_c17123, MASPs 1-3 test done | 1, MASPs 1-3 test not done",MASP = Mannan-Binding Lectin Serine Protease,,,,,,,,,,,
maspsmonth,complement_function,,dropdown,Month,"01, January | 02, February | 03, March | 04, April | 05, May | 06, June | 07, July | 08, August | 09, September | 10, October | 11, November | 12, December | 13, Unknown",,,,,,[masps] = 'ncit_c17123',,,,,,
maspsyear,complement_function,,text,Year,,,integer,1900,2030,,[masps] = 'ncit_c17123',,,,,,
masps_descr,complement_function,,text,Please describe which MASPs were measured,,For MASP2 see the field below,,,,,[masps] = 'ncit_c17123',,,,,,
masps_int,complement_function,,radio,MASPs 1-3 level,"ncit_c78801, Below age-related reference range | ncit_c78800, Within age-related reference range | ncit_c78727, Above age-related reference range",,,,,,[masps] = 'ncit_c17123',,,,,,
masps_val,complement_function,,text,MASPs 1-3 Value,,,number_2dp,0,99999.99,,[masps] = 'ncit_c17123',,,,,,
masps_unit,complement_function,,text,MASPs 1-3 Value Unit,BIOPORTAL:UO,,,,,,[masps] = 'ncit_c17123',,,,,,
mann_bind_lectin_sp2,complement_function,,radio,MBL Serine Protease 2 Test,"ncit_c181978, MBL Serine Protease 2 test done | not_done, MBL Serine Protease 2 test not done",,,,,,[masps] = 'ncit_c17123',,,,,,
mblserinemonth,complement_function,,dropdown,Month,"01, January | 02, February | 03, March | 04, April | 05, May | 06, June | 07, July | 08, August | 09, September | 10, October | 11, November | 12, December | 13, Unknown",,,,,,[mann_bind_lectin_sp2] = 'ncit_c181978',,,,,,
mblserineyear,complement_function,,text,Year,,,integer,1900,2030,,[mann_bind_lectin_sp2] = 'ncit_c181978',,,,,,
mann_bind_lectin_sp2_int,complement_function,,radio,MBL Serine Protease 2 level,"ncit_c78801, Below age-related reference range | ncit_c78800, Within age-related reference range | ncit_c78727, Above age-related reference range",,,,,,[mann_bind_lectin_sp2] = 'ncit_c181978',,,,,,
mann_bind_lectin_sp2_val,complement_function,,text,MBL Serine Protease 2 value,,,number_2dp,0,99999.99,,[mann_bind_lectin_sp2] = 'ncit_c181978',,,,,,
mann_bind_lectin_sp2_unit,complement_function,,text,MBL Serine Protease 2 value unit,BIOPORTAL:UO,,,,,,[mann_bind_lectin_sp2] = 'ncit_c181978',,,,,,
ah50,complement_function,,radio,Alternative Complement pathway (AH50) Test,"loinc_74520_8, Complement alternate pathway AH50 test done | not_done, Complement alternate pathway AH50 test not done",,,,,,,,,,,,
ah50month,complement_function,,dropdown,Month,"01, January | 02, February | 03, March | 04, April | 05, May | 06, June | 07, July | 08, August | 09, September | 10, October | 11, November | 12, December | 13, Unknown",,,,,,[ah50] = 'loinc_74520_8',,,,,,
ah50year,complement_function,,text,Year,,,integer,1900,2030,,[ah50] = 'loinc_74520_8',,,,,,
ah50_int,complement_function,,radio,AH50 level,"ncit_c78801, Below age-related reference range | ncit_c78800, Within age-related reference range | ncit_c78727, Above age-related reference range",,,,,,[ah50] = 'loinc_74520_8',,,,,,
ah50_val,complement_function,,text,AH50 value,,,number_2dp,0,99999.99,,[ah50] = 'loinc_74520_8',,,,,,
ah50_unit,complement_function,,text,AH50 value unit,BIOPORTAL:UO,,,,,,[ah50] = 'loinc_74520_8',,,,,,
complement_factor_d,complement_function,,radio,Factor D Test,"ncit_c84326, Complement Factor D test done | not_done, Complement Factor D test not done",,,,,,,,,,,,
factordmonth,complement_function,,dropdown,Month,"01, January | 02, February | 03, March | 04, April | 05, May | 06, June | 07, July | 08, August | 09, September | 10, October | 11, November | 12, December | 13, Unknown",,,,,,[complement_factor_d] = 'ncit_c84326',,,,,,
factordyear,complement_function,,text,Year,,,integer,1900,2030,,[complement_factor_d] = 'ncit_c84326',,,,,,
complement_factor_d_int,complement_function,,radio,Factor D level,"ncit_c78801, Below age-related reference range | ncit_c78800, Within age-related reference range | ncit_c78727, Above age-related reference range",,,,,,[complement_factor_d] = 'ncit_c84326',,,,,,
complement_factor_d_val,complement_function,,text,Factor D value,,,number_2dp,0,99999.99,,[complement_factor_d] = 'ncit_c84326',,,,,,
complement_factor_d_unit,complement_function,,text,Factor D value unit,BIOPORTAL:UO,,,,,,[complement_factor_d] = 'ncit_c84326',,,,,,
complement_factor_b,complement_function,,radio,Factor B,"ncit_c178649, Complement Factor B test done | not_done, Complement Factor B test not done",,,,,,,,,,,,
factorbmonth,complement_function,,dropdown,Month,"01, January | 02, February | 03, March | 04, April | 05, May | 06, June | 07, July | 08, August | 09, September | 10, October | 11, November | 12, December | 13, Unknown",,,,,,[complement_factor_b] = 'ncit_c178649',,,,,,
factorbyear,complement_function,,text,Year,,,integer,1900,2030,,[complement_factor_b] = 'ncit_c178649',,,,,,
complement_factor_b_int,complement_function,,radio,Factor B level,"ncit_c78801, Below age-related reference range | ncit_c78800, Within age-related reference range | ncit_c78727, Above age-related reference range",,,,,,[complement_factor_b] = 'ncit_c178649',,,,,,
complement_factor_b_val,complement_function,,text,Factor B value,,,number_2dp,0,99999.99,,[complement_factor_b] = 'ncit_c178649',,,,,,
complement_factor_b_unit,complement_function,,text,Factor B value unit,BIOPORTAL:UO,,,,,,[complement_factor_b] = 'ncit_c178649',,,,,,
properdin,complement_function,,radio,Properdin Test,"ncit_c118199, Properdin test done | not_done, Properdin test not done",,,,,,,,,,,,
properdinmonth,complement_function,,dropdown,Month,"01, January | 02, February | 03, March | 04, April | 05, May | 06, June | 07, July | 08, August | 09, September | 10, October | 11, November | 12, December | 13, Unknown",,,,,,[properdin] = 'ncit_c118199',,,,,,
properdinyear,complement_function,,text,Year,,,integer,1900,2030,,[properdin] = 'ncit_c118199',,,,,,
properdin_int,complement_function,,radio,Properdin level,"ncit_c78801, Below age-related reference range | ncit_c78800, Within age-related reference range | ncit_c78727, Above age-related reference range",,,,,,[properdin] = 'ncit_c118199',,,,,,
properdin_val,complement_function,,text,Properdin value,,,number_2dp,0,99999.99,,[properdin] = 'ncit_c118199',,,,,,
properdin_unit,complement_function,,text,Properdin value unit,BIOPORTAL:UO,,,,,,[properdin] = 'ncit_c118199',,,,,,
complement_factor_h,complement_function,,radio,Factor H Test,"ncit_c97211, Complement Factor H test done | not_done, Complement Factor H test not done",,,,,,,,,,,,
factorhmonth,complement_function,,dropdown,Month,"01, January | 02, February | 03, March | 04, April | 05, May | 06, June | 07, July | 08, August | 09, September | 10, October | 11, November | 12, December | 13, Unknown",,,,,,[complement_factor_h] = 'ncit_c97211',,,,,,
factorhyear,complement_function,,text,Year,,,integer,1900,2030,,[complement_factor_h] = 'ncit_c97211',,,,,,
complement_factor_h_int,complement_function,,radio,Factor H level,"ncit_c78801, Below age-related reference range | ncit_c78800, Within age-related reference range | ncit_c78727, Above age-related reference range",,,,,,[complement_factor_h] = 'ncit_c97211',,,,,,
complement_factor_h_val,complement_function,,text,Factor H value,,,number_2dp,0,99999.99,,[complement_factor_h] = 'ncit_c97211',,,,,,
complement_factor_h_unit,complement_function,,text,Factor H value unit,BIOPORTAL:UO,,,,,,[complement_factor_h] = 'ncit_c97211',,,,,,
complement_factor_i,complement_function,,radio,Factor I Test,"ncit_c198614, Complement Factor I test done | not_done, Complement Factor I test not done",,,,,,,,,,,,
factorimonth,complement_function,,dropdown,Month,"01, January | 02, February | 03, March | 04, April | 05, May | 06, June | 07, July | 08, August | 09, September | 10, October | 11, November | 12, December | 13, Unknown",,,,,,[complement_factor_i] = 'ncit_c198614',,,,,,
factoriyear,complement_function,,text,Year,,,integer,1900,2030,,[complement_factor_i] = 'ncit_c198614',,,,,,
complement_factor_i_int,complement_function,,radio,Factor I level,"ncit_c78801, Below age-related reference range | ncit_c78800, Within age-related reference range | ncit_c78727, Above age-related reference range",,,,,,[complement_factor_i] = 'ncit_c198614',,,,,,
complement_factor_i_val,complement_function,,text,Factor I value,,,number_2dp,0,99999.99,,[complement_factor_i] = 'ncit_c198614',,,,,,
complement_factor_i_unit,complement_function,,text,I value unit,BIOPORTAL:UO,,,,,,[complement_factor_i] = 'ncit_c198614',,,,,,
complement_c5_func,complement_function,,radio,C5 Functional Test,"loinc_60472_8, Complement C5 functional test done | 1, Complement C5 functional test not done",,,,,,,,,,,,
c5funcmonth,complement_function,,dropdown,Month,"01, January | 02, February | 03, March | 04, April | 05, May | 06, June | 07, July | 08, August | 09, September | 10, October | 11, November | 12, December | 13, Unknown",,,,,,[complement_c5_func] = 'loinc_60472_8',,,,,,
c5funcyear,complement_function,,text,Year,,,integer,1900,2030,,[complement_c5_func] = 'loinc_60472_8',,,,,,
complement_c5_func_int,complement_function,,radio,C5 Functional level,"ncit_c78801, Below age-related reference range | ncit_c78800, Within age-related reference range | ncit_c78727, Above age-related reference range",,,,,,[complement_c5_func] = 'loinc_60472_8',,,,,,
complement_c5_func_val,complement_function,,text,C5 Functional Test value,,,number_2dp,0,99999.99,,[complement_c5_func] = 'loinc_60472_8',,,,,,
complement_c5_func_unit,complement_function,,text,C5 value unit,BIOPORTAL:UO,,,,,,[complement_c5_func] = 'loinc_60472_8',,,,,,
c5_antigen,complement_function,,radio,C5 Antigen Test,"c5_antigen, C5 Antigen test done | not_done, C5 Antigen test not done",,,,,,,,,,,,
c5antimonth,complement_function,,dropdown,Month,"01, January | 02, February | 03, March | 04, April | 05, May | 06, June | 07, July | 08, August | 09, September | 10, October | 11, November | 12, December | 13, Unknown",,,,,,[c5_antigen] = 'c5_antigen',,,,,,
c5antiyear,complement_function,,text,Year,,,integer,1900,2030,,[c5_antigen] = 'c5_antigen',,,,,,
c5_antigen_int,complement_function,,radio,C5 Antigen level,"ncit_c78801, Below age-related reference range | ncit_c78800, Within age-related reference range | ncit_c78727, Above age-related reference range",,,,,,[c5_antigen] = 'c5_antigen',,,,,,
c5_antigen_val,complement_function,,text,C5 Antigen value,,,number_2dp,0,99999.99,,[c5_antigen] = 'c5_antigen',,,,,,
c5_antigen_unit,complement_function,,text,C5 Antigen value unit,BIOPORTAL:UO,,,,,,[c5_antigen] = 'c5_antigen',,,,,,
complement_c6_func,complement_function,,radio,C6 Functional Test,"loinc_60459_5, Complement C6 functional test done | not_done, Complement C6 functional test not done",,,,,,,,,,,,
c6funcmonth,complement_function,,dropdown,Month,"01, January | 02, February | 03, March | 04, April | 05, May | 06, June | 07, July | 08, August | 09, September | 10, October | 11, November | 12, December | 13, Unknown",,,,,,[complement_c6_func] = 'loinc_60459_5',,,,,,
c6funcyear,complement_function,,text,Year,,,integer,1900,2030,,[complement_c6_func] = 'loinc_60459_5',,,,,,
complement_c6_func_int,complement_function,,radio,C6 Functional level,"ncit_c78801, Below age-related reference range | ncit_c78800, Within age-related reference range | ncit_c78727, Above age-related reference range",,,,,,[complement_c6_func] = 'loinc_60459_5',,,,,,
complement_c6_func_val,complement_function,,text,C6 Functional value,,,number_2dp,0,99999.99,,[complement_c6_func] = 'loinc_60459_5',,,,,,
complement_c6_func_unit,complement_function,,text,C6 Functional value unit,BIOPORTAL:UO,,,,,,[complement_c6_func] = 'loinc_60459_5',,,,,,
c6_antigen,complement_function,,radio,C6 Antigen Test,"c6_antigen, C6 Antigen test done | not_done, C6 Antigen test not done",,,,,,,,,,,,
c6antimonth,complement_function,,dropdown,Month,"01, January | 02, February | 03, March | 04, April | 05, May | 06, June | 07, July | 08, August | 09, September | 10, October | 11, November | 12, December | 13, Unknown",,,,,,[c6_antigen] = 'c6_antigen',,,,,,
c6antiyear,complement_function,,text,Year,,,integer,1900,2030,,[c6_antigen] = 'c6_antigen',,,,,,
c6_antigen_int,complement_function,,radio,C6 Antigen level,"ncit_c78801, Below age-related reference range | ncit_c78800, Within age-related reference range | ncit_c78727, Above age-related reference range",,,,,,[c6_antigen] = 'c6_antigen',,,,,,
c6_antigen_val,complement_function,,text,C6 Antigen value,,,number_2dp,0,99999.99,,[c6_antigen] = 'c6_antigen',,,,,,
c6_antigen_unit,complement_function,,text,C6 Antigen value unit,BIOPORTAL:UO,,,,,,[c6_antigen] = 'c6_antigen',,,,,,
complement_c7_func,complement_function,,radio,C7 Functional Test,"loinc_87724_1, Complement C7 functional test done | not_done, Complement C7 functional test not done",,,,,,,,,,,,
c7funcmonth,complement_function,,dropdown,Month,"01, January | 02, February | 03, March | 04, April | 05, May | 06, June | 07, July | 08, August | 09, September | 10, October | 11, November | 12, December | 13, Unknown",,,,,,[complement_c7_func] = 'loinc_87724_1',,,,,,
c7funcyear,complement_function,,text,Year,,,integer,1900,2030,,[complement_c7_func] = 'loinc_87724_1',,,,,,
complement_c7_func_int,complement_function,,radio,C7 Functional level,"ncit_c78801, Below age-related reference range | ncit_c78800, Within age-related reference range | ncit_c78727, Above age-related reference range",,,,,,[complement_c7_func] = 'loinc_87724_1',,,,,,
complement_c7_func_val,complement_function,,text,C7 Functional value,,,number_2dp,0,99999.99,,[complement_c7_func] = 'loinc_87724_1',,,,,,
complement_c7_func_unit,complement_function,,text,C7 Functional value unit,BIOPORTAL:UO,,,,,,[complement_c7_func] = 'loinc_87724_1',,,,,,
c7_antigen,complement_function,,radio,C7 Antigen Test,"c7_antigen, C7 Antigen test done | not_done, C7 Antigen test not done",,,,,,,,,,,,
c7antimonth,complement_function,,dropdown,Month,"01, January | 02, February | 03, March | 04, April | 05, May | 06, June | 07, July | 08, August | 09, September | 10, October | 11, November | 12, December | 13, Unknown",,,,,,[c7_antigen] = 'c7_antigen',,,,,,
c7antiyear,complement_function,,text,Year,,,integer,1900,2030,,[c7_antigen] = 'c7_antigen',,,,,,
c7_antigen_int,complement_function,,radio,C7 Antigen level,"ncit_c78801, Below age-related reference range | ncit_c78800, Within age-related reference range | ncit_c78727, Above age-related reference range",,,,,,[c7_antigen] = 'c7_antigen',,,,,,
c7_antigen_val,complement_function,,text,C7 Antigen value,,,number_2dp,0,99999.99,,[c7_antigen] = 'c7_antigen',,,,,,
c7_antigen_unit,complement_function,,text,C7 Antigen value unit,BIOPORTAL:UO,,,,,,[c7_antigen] = 'c7_antigen',,,,,,
complement_c8_func,complement_function,,radio,C8 Functional Test,"loinc_50997_6, Complement C8 functional test done | not_done, Complement C8 functional test not done",,,,,,,,,,,,
c8funcmonth,complement_function,,dropdown,Month,"01, January | 02, February | 03, March | 04, April | 05, May | 06, June | 07, July | 08, August | 09, September | 10, October | 11, November | 12, December | 13, Unknown",,,,,,[complement_c8_func] = 'loinc_50997_6',,,,,,
c8funcyear,complement_function,,text,Year,,,integer,1900,2030,,[complement_c8_func] = 'loinc_50997_6',,,,,,
complement_c8_func_int,complement_function,,radio,C8 Functional level,"ncit_c78801, Below age-related reference range | ncit_c78800, Within age-related reference range | ncit_c78727, Above age-related reference range",,,,,,[complement_c8_func] = 'loinc_50997_6',,,,,,
complement_c8_func_val,complement_function,,text,C8 Functional value,,,number_2dp,0,99999.99,,[complement_c8_func] = 'loinc_50997_6',,,,,,
complement_c8_func_unit,complement_function,,text,C8 Functional value unit,BIOPORTAL:UO,,,,,,[complement_c8_func] = 'loinc_50997_6',,,,,,
c8_antigen,complement_function,,radio,C8 Antigen Test,"c8_antigen, C8 Antigen test done | not_done, C8 Antigen test not done",,,,,,,,,,,,
c8antimonth,complement_function,,dropdown,Month,"01, January | 02, February | 03, March | 04, April | 05, May | 06, June | 07, July | 08, August | 09, September | 10, October | 11, November | 12, December | 13, Unknown",,,,,,[c8_antigen] = 'c8_antigen',,,,,,
c8antiyear,complement_function,,text,Year,,,integer,1900,2030,,[c8_antigen] = 'c8_antigen',,,,,,
c8_antigen_int,complement_function,,radio,C8 Antigen level,"ncit_c78801, Below age-related reference range | ncit_c78800, Within age-related reference range | ncit_c78727, Above age-related reference range",,,,,,[c8_antigen] = 'c8_antigen',,,,,,
c8_antigen_val,complement_function,,text,C8 Antigen value,,,number_2dp,0,99999.99,,[c8_antigen] = 'c8_antigen',,,,,,
c8_antigen_unit,complement_function,,text,C8 Antigen unit,BIOPORTAL:UO,,,,,,[c8_antigen] = 'c8_antigen',,,,,,
complement_c9_func,complement_function,,radio,C9  Functional Test,"loinc_87727_4, Complement C9 functional test done | not_done, Complement C9 functional test not done",,,,,,,,,,,,
c9funcmonth,complement_function,,dropdown,Month,"01, January | 02, February | 03, March | 04, April | 05, May | 06, June | 07, July | 08, August | 09, September | 10, October | 11, November | 12, December | 13, Unknown",,,,,,[complement_c9_func] = 'loinc_87727_4',,,,,,
c9funcyear,complement_function,,text,Year,,,integer,1900,2030,,[complement_c9_func] = 'loinc_87727_4',,,,,,
complement_c9_func_int,complement_function,,radio,C9 Functional level,"ncit_c78801, Below age-related reference range | ncit_c78800, Within age-related reference range | ncit_c78727, Above age-related reference range",,,,,,[complement_c9_func] = 'loinc_87727_4',,,,,,
complement_c9_func_val,complement_function,,text,C9 Functional value,,,number_2dp,0,99999.99,,[complement_c9_func] = 'loinc_87727_4',,,,,,
complement_c9_func_unit,complement_function,,text,C9 Functional value unit,BIOPORTAL:UO,,,,,,[complement_c9_func] = 'loinc_87727_4',,,,,,
c9_antigen,complement_function,,radio,C9 Antigen Test,"c9_antigen, C9 Antigen test done | not_done, C9 Antigen test not done",,,,,,,,,,,,
c9antimonth,complement_function,,dropdown,Month,"01, January | 02, February | 03, March | 04, April | 05, May | 06, June | 07, July | 08, August | 09, September | 10, October | 11, November | 12, December | 13, Unknown",,,,,,[c9_antigen] = 'c9_antigen',,,,,,
c9antiyear,complement_function,,text,Year,,,integer,1900,2030,,[c9_antigen] = 'c9_antigen',,,,,,
c9_antigen_int,complement_function,,radio,C9 Antigen level,"ncit_c78801, Below age-related reference range | ncit_c78800, Within age-related reference range | ncit_c78727, Above age-related reference range",,,,,,[c9_antigen] = 'c9_antigen',,,,,,
c9_antigen_val,complement_function,,text,C9 Antigen value,,,number_2dp,0,99999.99,,[c9_antigen] = 'c9_antigen',,,,,,
c9_antigen_unit,complement_function,,text,C9 Antigen value unit,BIOPORTAL:UO,,,,,,[c9_antigen] = 'c9_antigen',,,,,,
compliment_pdf,complement_function,,file,"Please upload the pdf(s) results.  REMOVE ALL IDENTIFYING PATIENT INFORMATION (NAME, MRN, ULI, DOB)",,,,,,,,,,,,,
completion_date_pft,pft_test_chest_xray_chest_ctscan,,text,Date of completing this form.,,,date_dmy,,,,,,,,,,
procedure_1,pft_test_chest_xray_chest_ctscan,,radio,Please choose the test performed,"snomedct_23426006, Pulmonary Function Test (PFT) | snomedct_399208008, Chest x-ray | snomedct_169069000, Computed Tomography (CT) chest | 4, None",,,,,,,,,,,,
date_pft_annual,pft_test_chest_xray_chest_ctscan,,descriptive,"What was the date of the test?
Month{pftannualmonth} Year{pftannualyear}",,! indicate month and year only : 01-M-Y,,,,,[procedure_1] = 'snomedct_23426006' or [procedure_1] = 'snomedct_399208008' or [procedure_1] = 'snomedct_169069000',,,,,,
pftannualmonth,pft_test_chest_xray_chest_ctscan,,dropdown,Month,"01, January | 02, February | 03, March | 04, April | 05, May | 06, June | 07, July | 08, August | 09, September | 10, October | 11, November | 12, December | 13, Unknown",,,,,,,,,,,,
pftannualyear,pft_test_chest_xray_chest_ctscan,,text,Year,,,integer,1900,2030,,,,,,,,
date_chest_xray,pft_test_chest_xray_chest_ctscan,,radio,Please provide the time point when test was done,"ncit_c54734, Before Treatment/ Baseline diagnosis | ncit_c54735, Post Treatment | ncit_c25280, Most recent test",,,,,,[procedure_1] = 'snomedct_23426006' and [procedure_1] = 'snomedct_399208008' and [procedure_1] = 'snomedct_169069000',,,,,,
fev1_annual,pft_test_chest_xray_chest_ctscan,,text,What was the Forced Expiratory Volume in 1 second (FEV1) (% of predicted)?,,,,,,,[procedure_1] = 'snomedct_23426006',,,,,,
xray_results_annual,pft_test_chest_xray_chest_ctscan,,radio,Please indicate the results of the chest xray:,"ncit_c14165, normal | ncit_c25401, abnormal",,,,,,[procedure_1] = 'snomedct_399208008',,,,,,
pdf_chest_xray_annual,pft_test_chest_xray_chest_ctscan,,file,"Please upload the chest x-ray pdf test results. REMOVE PATIENT'S PERSONAL INFORMATION (NAME, MRN, ULI, DOB)",,,,,,,[procedure_1] = 'snomedct_399208008',,,,,,
hrct_result_annual,pft_test_chest_xray_chest_ctscan,,radio,Please indicate the results of the CT chest:,"ncit_c14165, normal | ncit_c25401, abnormal",,,,,,[procedure_1] = 'snomedct_169069000',,,,,,
pdf_chest_ct_annual,pft_test_chest_xray_chest_ctscan,,file,"Please upload the CT chest pdf test results. REMOVE PATIENT'S PERSONAL INFORMATION (NAME, MRN, ULI, DOB)",,,,,,,[procedure_1] = 'snomedct_169069000',,,,,,
other_investigations_1,pft_test_chest_xray_chest_ctscan,,file,"Please comment if other investigations were done and the result (MRIs, CT scans, X-rays): 
Please upload pdf(s) of the test results.  REMOVE PATIENT'S PERSONAL INFORMATION (NAME, MRN, ULI, DOB)

{other_investigation}",,,,,,,[procedure_1] = 'snomedct_399208008' or [procedure_1] = 'snomedct_23426006' or [procedure_1] = 'snomedct_169069000' or [procedure_1] = '4',,,,,,
other_investigation,pft_test_chest_xray_chest_ctscan,,notes,,,,,,,,,,,,,,
completion_date_endo,endoscopy_abdominal_ultrasound_other_ultrasound,,text,"Date of completing this form.	

",,,date_dmy,,,,,,,,,,
endoscopy_us,endoscopy_abdominal_ultrasound_other_ultrasound,,radio,Please choose the test performed,"snomedct_423827005, Endoscopy | snomedct_45036003, Abdominal ultrasound test | snomedct_73761001, Colonoscopy | 3, Other ultrasound","Click ""reset"" if selected by mistake",,,,,,,,,,,
date_endoscopy_pre_dx,endoscopy_abdominal_ultrasound_other_ultrasound,,descriptive,"What was the date of evaluation?
Month{preendomonth} Year{preendoyear}",,! indicate month and year only : 01-M-Y,,,,,,,,,,,
preendomonth,endoscopy_abdominal_ultrasound_other_ultrasound,,dropdown,Month,"01, January | 02, February | 03, March | 04, April | 05, May | 06, June | 07, July | 08, August | 09, September | 10, October | 11, November | 12, December | 13, Unknown",,,,,,,,,,,,
preendoyear,endoscopy_abdominal_ultrasound_other_ultrasound,,text,Year,,,integer,1900,2030,,,,,,,,
time_endoscopy,endoscopy_abdominal_ultrasound_other_ultrasound,,radio,Please provide the following information at EACH designated time point in the dropdown list. Select the appropriate box for the information you are providing:,"ncit_c54734, Before Treatment/ Baseline Diagnosis | ncit_c54735, Post Treatment | ncit_c25280, Most recent test",Please select someting to enter further information below.,,,,,[endoscopy_us] = 'snomedct_423827005' and [endoscopy_us] = 'snomedct_45036003' and [endoscopy_us] = '3',,,,,,
endoscopy_result_pre_dx,endoscopy_abdominal_ultrasound_other_ultrasound,,radio,Please indicate the results of the endoscopy:,"ncit_c14165, normal | ncit_c25401, abnormal",,,,,,[endoscopy_us] = 'snomedct_423827005',,,,,,
ultrsouns_result,endoscopy_abdominal_ultrasound_other_ultrasound,,radio,Please indicate the results of ultrasound:,"ncit_c14165, normal | ncit_c25401, abnormal",,,,,,[endoscopy_us] = 'snomedct_45036003',,,,,,
colon_result,endoscopy_abdominal_ultrasound_other_ultrasound,,radio,Please indicate the results of the colonoscopy:,"ncit_c14165, normal | ncit_c25401, abnormal",,,,,,[endoscopy_us] = 'snomedct_73761001',,,,,,
resul_us,endoscopy_abdominal_ultrasound_other_ultrasound,,notes,"Briefly describe results, if abnormal",,,,,,,[endoscopy_result_pre_dx] = 'ncit_c25401' or [ultrsouns_result] = 'ncit_c25401' or [colon_result] = 'ncit_c25401',,,,,,
pdf_endo_result_pre_dx,endoscopy_abdominal_ultrasound_other_ultrasound,,file,"Please upload the endoscopy pdf test results. REMOVE PATIENT'S PERSONAL INFORMATION (NAME, MRN, ULI, DOB)
 ",,,,,,,[endoscopy_us] = 'snomedct_423827005' and [endoscopy_result_pre_dx] = 'ncit_c25401',,,,,,
pdf_abdominal_us_pre_dx,endoscopy_abdominal_ultrasound_other_ultrasound,,file,"Please upload ultrasound pdf test results. REMOVE PATIENT'S PERSONAL INFORMATION (NAME, MRN, ULI, DOB)
 ",,,,,,,[endoscopy_us] = 'snomedct_45036003' or [endoscopy_us] = '3',,,,,,
pdf_abdominal_us_pre_dx_2,endoscopy_abdominal_ultrasound_other_ultrasound,,file,"Please upload colonoscopy pdf test results. REMOVE PATIENT'S PERSONAL INFORMATION (NAME, MRN, ULI, DOB)
 ",,,,,,,[endoscopy_us] = 'snomedct_73761001' and [colon_result] = 'ncit_c25401',,,,,,
procedure_6,endoscopy_abdominal_ultrasound_other_ultrasound,,text,Which other Ultrasound was done?,BIOPORTAL:SNOMED,"If possible, search for the Ultrasound procedure in SNOMED.",,,,,[endoscopy_us] = '3',,,,,,
other_endoscopy,endoscopy_abdominal_ultrasound_other_ultrasound,,file,"Please upload other pdf test results.  REMOVE PATIENT'S PERSONAL INFORMATION (NAME, MRN, ULI, DOB)
 ",,,,,,,[endoscopy_us] = '3',,,,,,
iei_inclusion,other_investi_initial_2,,descriptive,"ONLY INCLUDE INVESTIGATIONS RELATED TO THE UNDERLYING INBORN ERROR OF IMMUNITY
(eg do not include regular screening such as mammograms, colonoscopies, etc unless abnormal)",,,,,,,,,,,,,
completion_date_pft_v2_673b76,other_investi_initial_2,,text,Date of completing this form.,,,date_dmy,,,,,,,,,,
add_test_name,other_investi_initial_2,,radio,Please choose the additional test performed,"1, laboratory | 2, diagnostic imaging | 3, other",,,,,,,,,,,,
date_pft_annual_v2_8f54ee,other_investi_initial_2,,descriptive,"What was the date of the test?
Month{addcomptestmonth} Year{addcomptestyear}",,! indicate month and year only : 01-M-Y,,,,,,,,,,,
addcomptestmonth,other_investi_initial_2,,dropdown,"Month



","01, January | 02, February | 03, March | 04, April | 05, May | 06, June | 07, July | 08, August | 09, September | 10, October | 11, November | 12, December | 13, Unknown",,,,,,,,,,,,
addcomptestyear,other_investi_initial_2,,text,Year,,,number,1900,2030,,,,,,,,
date_chest_xray_v2,other_investi_initial_2,,radio,Please provide the following information at EACH designated time point in the dropdown list. Select the appropriate box for the information you are providing:,"ncit_c54734, Before Treatment/ Baseline Diagnosis | ncit_c54735, Post Treatment | ncit_c25280, Most recent test",,,,,,,,,,,,
test_procedureother,other_investi_initial_2,,text,Name of test or procedure with abnormal results,,,,,,,,,,,,,
pdf_add_test_results,other_investi_initial_2,,file,"Please upload the pdf of laboratory test results. REMOVE PATIENT'S PERSONAL INFORMATION (NAME, MRN, ULI, DOB)
 ",,,,,,,[add_test_name] = '1',,,,,,
pdf_chest_ct_annual_v2_316dd5,other_investi_initial_2,,file,"Please upload the additional diagnostic imaging pdf test results. REMOVE PATIENT'S PERSONAL INFORMATION (NAME, MRN, ULI, DOB)
 ",,,,,,,[add_test_name] = '2',,,,,,
gentic_information,genetic_information,,descriptive,"<div class=""rich-text-field-label""><p> </p> <p><span style=""font-weight: bold;"">Notes for entering information into the Genetic Findings sheet</span></p> <ul> <li><span style=""font-weight: normal;"">complete a separate form for each variant, this is a repeated form.</span></li> <li><span style=""font-weight: normal;"">If you have no information about something, leave it blank.</span></li> <li><span style=""font-weight: bold;"">To validate your mutations:</span><br><br> <ul> <li><span style=""font-weight: normal;"">You can search the mutation in ClinVar (<a href=""https://www.ncbi.nlm.nih.gov/clinvar/"">ClinVar</a>) or Varsome (<a href=""https://varsome.com/"">Varsome</a>).</span></li> </ul> <br> <ul> <li><span style=""font-weight: bold;"">You must enter the expression into an HGVS expression validator, such as <a href=""https://lhcforms.nlm.nih.gov/fhir/hgvs-validator/"">HGVS Validator</a>.</span></li> </ul> </li> <li><span style=""font-weight: normal;"">If you cannot validate your variant expressions according to HGVS expressions, please use the text field ""Unvalidated Variant Text of the mutation"" to enter all information you have for subsequent validation.</span></li> </ul> <p><br><br></p></div>",,,,,,,,,,,,,
completion_date_genetic,genetic_information,,text,"Date of completing this form.	

",,,date_dmy,,,,,,,,,,
geneticonfirmation,genetic_information,,yesno,Does  the participant have a genetic confirmation?,,,,,,,,,,,,,
date_of_genetic_evaluation,genetic_information,,descriptive,"Date of genetic evaluation
Month{geneticevaluationmonth} Year{geneticevaluationyear}",,! indicate month and year only : 01-M-Y,,,,,[geneticonfirmation] = '1',,,,,,
geneticevaluationmonth,genetic_information,,dropdown,Month,"01, January | 02, February | 03, March | 04, April | 05, May | 06, June | 07, July | 08, August | 09, September | 10, October | 11, November | 12, December | 13, Unknown",,,,,,[geneticonfirmation] = '1',,,,,,
geneticevaluationyear,genetic_information,,text,Year,,,integer,1900,2030,,[geneticonfirmation] = '1',,,,,,
genetic_diagnosis_g,genetic_information,,dropdown,Does the patient have an IEI diagnosis that is related to the genetic variant captured?,"1, Yes | 2, No",,,,,,[geneticonfirmation] = '1',,,,,,
g_iei_deficiency,genetic_information,,dropdown,Please choose the genetic IEI deficiency (IUIS2024) related to the variant captured below.,"mondo_0800045, A20 deficiency - TNFAIP3 | mondo_0014561, 3-Methylglutaconic aciduria (AR) - CLPB | mondo_0859237, 3-Methylglutaconic aciduria (AD) - CLPB | 4-1_bbl_deficiency, 4-1 BBL deficiency - TNFSF9 | mondo_0007818, AD-HIES Job syndrome - STAT3 | mondo_0007064, Adenosine deaminase (ADA) deficiency - ADA | mondo_0011528, AID deficiency - AICDA | mondo_0014306, ADA2 deficiency - ADA2 | mondo_0013693, ADAM17 deficiency - ADAM17 | mondo_0014007, ADAR1 deficiency (AGS6) - ADAR1 | mondo_0033554, Activated RAC2 defect - RAC2 | mondo_0014230, ACT1 deficiency - TRAF3IP2 | mondo_0014659, Acute liver failure due to NBAS deficiency - NBAS | mondo_0011953, Acute necrotizing encephalopathy - RANBP2 | mondo_0035370, ALPI deficiency - ALPI | mondo_0011383, ALPS-Caspase10 - CASP10 | mondo_0011804, ALPS-Caspase 8 - CASP8 | mondo_0011158, ALPS-FAS (AD / AR) - TNFRSF6 | alps_faslg, ALPS-FASLG - TNFSF6 | mondo_0009411, APECED (APS-1), autoimmune polyendocrinopathy with candidiasis and ectodermal dystrophy - AIRE | mondo_0014494, AP1S3 deficiency - AP1S3 | mondo_0032763, ARHGEF1 deficiency - ARHGEF1 | mondo_0957920, ARPC5 deficiency - ARPC5 | mondo_0060583, ARPC1B deficiency - ARPC1B | mondo_0014958, ATAD3A deficiency (AD) - ATAD3A | mondo_0032931, ATAD3A deficiency (AR) - ATAD3A | atg4a_deficiency, ATG4A - ATG4A | mondo_0016419, Ataxia-telangiectasia - ATM | mondo_0008840, Ataxia-telangiectasia - ATM | mondo_0008038, Ataxia Pancytopenia Syndrome - SAMD9L | mondo_0010504, ATP6AP1 deficiency - ATP6AP1 | mondo_0009308, Autosomal recessive CGD p22phox - CYBA | mondo_0030066, Autosomal recessive CGD EROS - CYBC1 | mondo_0009310, Autosomal recessive CGD p67phox - NCF2 | mondo_0013507, Autosomal recessive CGD p40phox - NCF4 | mondo_0009309, Autosomal recessive CGD p47phox - NCF1 | mondo_0009039, Baller-Gerold Syndrome - RECQL4 | mondo_0013284, BAFF receptor deficiency - TNFRSF13C | mondo_0032723, BACH2 deficiency - BACH2 | mondo_0009470, b actin deficiency - ACTB | mondo_0010543, Barth Syndrome (3-Methylglutaconic aciduria type II) - TAZ | mondo_0014981, BCL11B deficiency - BCL11B | mondo_0014491, BCL10 deficiency - BCL10 | mondo_0014645, CARD11 GOF - CARD11 | mondo_0013289, BLNK deficiency - BLNK | mondo_0008876, Bloom Syndrome - BLM | mondo_0008523, Blau syndrome - NOD2 | mondo_0014317, BMFS2 (Hebo deficiency) - ERCC6L2 | mondo_0013851, BMFS1 (SRP72-deficiency) - SRP72 | mondo_0032573, BMFS5 - TP53 | mondo_0010421, BTK deficiency, X-linked agammaglobulinemia (XLA) - BTK | mondo_0030378, C2orf69 deficiency - C2orf69 | mondo_0958182, C1q deficiency due to defects in C1QA - C1QA | mondo_0958187, C1q deficiency due to defects in C1QB - C1QB | mondo_0958188, C1q deficiency due to defects in C1QC - C1QC | mondo_0009005, C1r deficiency - C1R | mondo_0020684, C1r Periodontal Ehlers Danlos - C1R | mondo_0013419, C1s deficiency - C1S | mondo_0014954, C1s Periodontal Ehlers Danlos - C1S | mondo_0009006, C2 deficiency - C2 | mondo_0013417, C3 deficiency (LOF) - C3 | mondo_0013043, C3 GOF - C3 | mondo_0033946, C1 inhibitor deficiency - SERPING1 | complete_c4_deficiency, Complete C4 deficiency - C4A & C4B | mondo_0012295, C5 deficiency - C5 | mondo_0012908, C6 deficiency - C6 | mondo_0012412, C7 deficiency - C7 | mondo_0013422, C8a deficiency - C8A | mondo_0013421, C8b deficiency - C8B | c8g_deficiency, C8g deficiency - C8G | mondo_0013445, C9 deficiency - C9 | mondo_0011269, CAMPS (CARD14 mediated psoriasis) - CARD14 | mondo_0008905, CARD9 deficiency - CARD9 | mondo_0054697, CARD11 DN LOF - CARD11 | mondo_0014081, CARD11 deficiency (LOF) - CARD11 | cd137_deficiency_41bb, CD137 deficiency (41BB) - TNFRSF9 | cd28_deficiency, CD28 deficiency - CD28 | mondo_0014054, CD27 deficiency - CD27 | mondo_0014313, CD16 deficiency - FCGR3A | mondo_0013283, CD19 deficiency - CD19 | mondo_0013285, CD20 deficiency - CD20 | mondo_0013862, CD21 deficiency - CD21 | mondo_0011664, CD25 deficiency - IL2RA | mondo_0032782, CD122 deficiency - IL2RB | mondo_0013286, CD81 deficiency - CD81 | mondo_0800104, CD45 deficiency - PTPRC | mondo_0034054, CD70 deficiency - CD70 | mondo_0012161, CD8 deficiency - CD8A | mondo_0009174, CD55 deficiency (CHAPEL disease) - CD55 | mondo_0957388, CBLB deficiency - CBLB | mondo_0009060, CCR2 deficiency - CCR2 | mondo_0014757, CDC42 defects - CDC42 | mondo_0014276, CD3g deficiency - CD3G | mondo_0014280, CD3d deficiency - CD3D | mondo_0014278, CD3e deficiency - CD3E | mondo_0012426, CD3z deficiency - CD247 | mondo_0044207, CEBPE defects - CEBPE | mondo_0012650, Cernunnos/XLF deficiency - NHEJ1 | charge_syndrome_sema3e, CHARGE syndrome due to SEMA3E deficiency - SEMA3E | mondo_0008965, CHARGE syndrome due to CHD7 deficiency - CHD7 | mondo_0008963, Chediak-Higashi syndrome - LYST | mondo_0007315, Cherubism - SH3BP2 | mondo_0007838, Chromosome 11q deletion syndrome (Jacobsen syndrome) - 11q23del | mondo_0011055, Chromosome 10p13-p14 deletion Syndrome (10p13-p14DS) - Del10p13-p14 | mondo_0008564, Chromosome 22q11.2 deletion Syndrome (22q11.2DS) (AKA DiGeorge/velocardiofacial syndrome) - Large (3Mb) deletion of 22q11.2 | mondo_0032644, CIB1 deficiency - CIB1 | mondo_0011405, Clericuzio syndrome (Poikiloderma with neutropenia) - USB1 | mondo_0012676, CLCN7 deficiency associated osteopetrosis (AR) - CLCN7 | mondo_0008156, CLCN7 deficiency associated osteopetrosis (AD) - CLCN7 | mondo_0024564, Coats plus syndrome due to CTC1 deficiency - CTC1 | mondo_0015026, Coats plus syndrome due to STN1 deficiency - STN1 | mondo_0008999, Cohen syndrome - VPS13B | mondo_0009595, Cartilage hair hypoplasia (CHH) - RMRP | mondo_0054698, CANDLE (chronic atypical neutrophilic dermatitis with lipodystrophy) (Gene: PSMB8) (AD / AR) - PSMB8 | mondo_0030931, CANDLE (chronic atypical neutrophilic dermatitis with lipodystrophy) (Gene: PSMG2) - PSMG2 | mondo_0019093, Specific antibody deficiency with normal Ig levels and normal B cells - Unknown | mondo_0014168, Coronin-1A deficiency - CORO1A | mondo_0800136, COPG1 deficiency - COPG1 | mondo_0014629, COPA defect - COPA | mondo_0958177, CRMO3 IL1R1 disorder - IL1R1 | mondo_0010424, Congenital pulmonary alveolar proteinosis due to CSF2RA mutations - CSF2RA | mondo_0013712, Congenital pulmonary alveolar proteinosis due to CSF2RB mutations - CSF2RB | mondo_0030798, CTNNBL1 deficiency - CTNNBL1 | mondo_0014391, CTPS1 deficiency - CTPS1 | mondo_0014493, CTLA4 deficiency (ALPSV) - CTLA4 | mondo_0030374, CXCR2 deficiency - CXCR2 | mondo_0009061, Cystic fibrosis - CFTR | cvid_no_genedef_specified, Common variable immune deficiency with no gene defect specified (CVID) - Unknown | mondo_0800134, CRACR2A deficiency - CRACR2A | dbf4_deficiency, DBF4 deficiency - DBF4 | mondo_0030334, DBR1 deficiency - DBR1 | mondo_0011225, DCLRE1C (Artemis) deficiency - DCLRE1C | mondo_0030457, DEF6 deficiency - DEF6 | mondo_0007485, DKCA1 - TERC | mondo_0013521, DKCA2 - TERT | mondo_0013522, DKCA3 - TINF2 | mondo_0014076, DKCA4 - RTEL1 | mondo_0014690, DKCA6 (AD / AR) - ACD | mondo_0009136, DKCB1 - NOLA3 | mondo_0013519, DKCB2 - NOLA2 | mondo_0013520, DKCB3 - WRAP53 | mondo_0027353, DKCB4 - TERT | mondo_0014600, DKCB6 - PARN | mondo_0010584, DKCX1 - DKC1 | mondo_0859319, DKC DCLRE1B - DCLRE1B | mondo_0013021, DIRA (Deficiency of the Interleukin 1 Receptor Antagonist) - IL1RN | mondo_0013626, DITRA (Deficiency of IL-36 receptor antagonist) - IL36RN | mondo_0014714, DIAPH1 deficiency - DIAPH1 | mondo_0957494, DOCK11 deficiency - DOCK11 | mondo_0014637, DOCK2 deficiency - DOCK2 | mondo_0009478, DOCK8 deficiency - DOCK8 | mondo_0957229, DPP9 deficiency - DPP9 | mondo_0011686, DNA ligase IV deficiency - LIG4 | mondo_0014423, DNA PKcs deficiency - PRKDC | mondo_0013743, DNASE1L3 deficiency - DNASE1L3 | mondo_0800132, DNASE2 deficiency - DNASE2 | dnjac21_deficiency, Schwachman Diamond syndrome due to DNAJC21 deficiency - DNAJC21 | mondo_0032806, EDA-ID due to IKBA GOF - NFKBIA | mondo_0020740, EDA-ID due to NEMO/IKBKG deficiency (ectodermal dysplasia, immune deficiency) - IKBKG | mondo_0032599, EDA-ID due to IKBKB GOF mutation - IKBKB | mondo_0042490, Elastase deficiency (SCN1) - ELANE | mondo_0024770, ELF deficiency - ELF4 | mondo_0044205, Schwachman Diamond syndrome due to EFL1 deficiency - EFL1 | mondo_0958120, ERBIN deficiency - ERBIN | mondo_0100045, EVER1 deficiency - TMC6 | mondo_0032614, EVER2 deficiency - TMC8 | mondo_0014758, EVI1, MECOM deficiency - MECOM | mondo_0013408, FADD deficiency - FADD | faap24_deficiency, FAAP24 deficiency - FAAP24 | mondo_0012350, Factor H deficiency (AR / AD) - CFH | factor_h_related_prot_def, Factor H -related protein deficiencies - CFHR1 | mondo_0012594, Factor I deficiency (AR) - CFI | mondo_0013041, Factor I deficiency (AD) - CFI | mondo_0013042, Factor B GOF (AD) - CFB | mondo_0014255, Factor B LOF (AR) - CFB | mondo_0013487, Factor D deficiency - CFD | mondo_0007601, Familial Mediterranean fever (AD) - MEFV | mondo_0009572, Familial Mediterranean fever (AR) - MEFV | mondo_0007349, Familial cold autoinflammatory syndrome 1 - NLRP3 | mondo_0012724, Familial cold autoinflammatory syndrome 2 - NLRP12 | mondo_0013766, familial cold autoinflammatory syndrome 3 - PLCG2 | mondo_0009215, Fanconi Anemia Type A - FANCA | mondo_0010351, Fanconi Anemia Type B - FANCB | mondo_0009213, Fanconi Anemia Type C - FANCC | mondo_0009214, Fanconi Anemia Type D2 - FANCD2 | mondo_0011584, Fanconi Anemia Type D1 - BRCA2 | mondo_0010953, Fanconi Anemia Type E - FANCE | mondo_0011325, Fanconi Anemia Type F - FANCF | mondo_0013565, Fanconi Anemia Type G - XRCC9 | mondo_0012186, Fanconi Anemia Type I - FANCI | mondo_0012187, Fanconi Anemia Type J - BRIP1 | mondo_0013566, Fanconi Anemia Type L - FANCL | mondo_0054862, Fanconi Anemia Type M - FANCM | mondo_0012565, Fanconi Anemia Type N - PALB2 | mondo_0013248, Fanconi Anemia Type O - RAD51C | mondo_0013499, Fanconi Anemia Type P - SLX4 | mondo_0014108, Fanconi Anemia Type Q - ERCC4 | mondo_0014986, Fanconi Anemia Type R - RAD51 | mondo_0054748, Fanconi Anemia Type S - BRCA1 | mondo_0014638, Fanconi Anemia Type T - UBE2T | mondo_0014987, Fanconi Anemia Type U - XRCC2 | mondo_0014985, Fanconi Anemia Type V - MAD2L2 | mondo_0044325, Fanconia Anemia Type W - RFWD3 | mondo_0030898, FCHO1 deficiency - FCHO1 | mondo_0008260, FERMT1 deficiency (Kindler syndrome) - FERMT1 | mondo_0013467, Ficolin 3 deficiency - FCN3 | flt3l_deficiency, FLT3L deficiency - FLT3LG | mondo_0957955, Folate malabsorption - SLC19A1 | mondo_0958194, FOXI3 Haploinsufficiency - FOXI3 | mondo_0011132, Winged helix FOXN1 deficiency (Nude SCID) - FOXN1 | mondo_0032928, FOXN1 Haplosufficiency - FOXN1 | mondo_0030528, FNIP1 deficiency - FNIP1 | mondo_0010480, G6PD deficiency Class I - G6PD | mondo_0012930, G6PC3 deficiency (SCN4) - G6PC3 | mondo_0014865, G-CSF receptor deficiency - CSF3R | mondo_0013607, GATA2 deficiency (MonoMac syndrome) - GATA2 | mondo_0010315, gc deficiency (common gamma chain SCID, CD132 deficiency) - IL2RG | mondo_0013139, GFI 1 deficiency (SCN2) - GFI1 | mondo_0011922, GFI 1 deficiency (SCN2) - GFI1 | mondo_0030397, GIMAP5 deficiency - GIMAP5 | gimap6_deficiency, GIMAP6 deficiency - GIMAP6 | gins4_deficiency, GINS4 deficiency - GINS4 | mondo_0009288, Glycogen storage disease type 1b - G6PT1 | mondo_0011872, Griscelli syndrome, type 2 - RAB27A | gtf3a_deficiency, GTF3A deficiency - GTF3A | mondo_0012548, HAX1 deficiency (Kostmann Disease) (SCN3) - HAX1 | mondo_0033551, HEM1 (NCKAP1L) deficiency - NCKAP1L | mondo_0009337, Hennekam-lymphangiectasia-lymphedema syndrome due to CCBE1 deficiency - CCBE1 | mondo_0014454, Hennekam-lymphangiectasia-lymphedema syndrome due to FAT4 deficiency - FAT4 | mondo_0011997, Hermansky-Pudlak syndrome, type 2 - AP3B1 | mondo_0014885, Hermansky-Pudlak syndrome, type 10 - AP3D1 | mondo_0800140, ITPKB deficiency - ITPKB | mondo_0009305, HYOU1 deficiency - HYOU1 | mondo_0013536, Isolated congenital asplenia (ICA) due to HMOX deficiency - HMOX1 | mondo_0012243, Hoffman syndrome/TOP2B deficiency - TOP2B | mondo_0011273, Hyperpigmentation hypertrichosis, histiocytosis-lymphadenopathy plus syndrome SLC29A3 mutation - SLC29A3 | mondo_0011864, ICOS deficiency - ICOS | mondo_0970993, ICOLG deficiency - ICOSLG | mondo_0033541, IFNG deficiency - IFNG | mondo_0030970, IFNAR1 deficiency - IFNAR1 | mondo_0014727, IFNAR2 deficiency - IFNAR2 | mondo_0014828, Immunodeficiency with centromeric instability and facial anomalies (ICF3) - CDCA7 | mondo_0009454, Immunodeficiency with centromeric instability and facial anomalies (ICF1) - DNMT3B | mondo_0013553, Immunodeficiency with centromeric instability and facial anomalies (ICF2) - ZBTB24 | mondo_0014829, Immunodeficiency with centromeric instability and facial anomalies (ICF4) - HELLS | mondo_0800030, Immunodeficiency with multiple intestinal atresias - TTC7A | mondo_0044312, Immunoskeletal dysplasia with neurodevelopmental abnormalities (EXTL3 Deficiency) - EXTL3 | mondo_0014810, IKAROS haplosufficiency / GOF / deficiency - IKZF1 | ikzf2_dn, IKZF2 DN - IKZF2 | mondo_0800139, IKZF2 deficiency (AD / AR) - IKZF2 | mondo_0030333, AIOLOS deficiency - IKZF3 | mondo_0014267, IKBKB deficiency (AR) - IKBKB | ikbke_deficiency, IKBKE deficiency - IKBKE | mondo_0012163, IL7Ra deficiency - IL7R | mondo_0009413, TACI deficiency (IL-21 deficiency) - TNFRSF13B | mondo_0014082, IL-21R deficiency - IL21R | mondo_0014338, IL-21 deficiency - IL21 | mondo_0013153, IL-10Ra deficiency - IL10RA | mondo_0012941, IL-10Rb deficiency - IL10RB | mondo_0016542, IL-10 deficiency - IL10 | mondo_0013503, IL-17F deficiency - IL17F | mondo_0013500, IL-17RA deficiency - IL17RA | mondo_0014642, IL-17RC deficiency - IL17RC | mondo_0032809, IL-18BP deficiency - IL18BP | mondo_0030069, IL6 receptor deficiency - IL6R | mondo_0800131, IL6 signal transducer (IL6ST) deficiency (AR) - IL6ST | mondo_0032796, IL6 signal transducer (IL6ST) deficiency (AD) - IL6ST | il_12rb2_deficiency, IL-12Rb2 deficiency - IL12RB2 | mondo_0013954, IL-12p40 (IL-12 and IL-23) deficiency - IL12B | mondo_0013955, IL-12 and IL-23 receptor b1 chain deficiency - IL12RB1 | il_23r_deficiency, IL-23R deficiency - IL23R | il_27ra_deficiency, IL-27RA deficiency - IL27RA | mondo_0019464, Ig heavy chain mutations and deletions - 14q32 deletion or mutation | mondo_0013288, Iga deficiency - CD79A | mondo_0012987, Igb deficiency - CD79B | mondo_0001341, Selective IgA deficiency - Unknown | mondo_0001901, Isolated IgG subclass deficiency - Unknown | mondo_0013576, Kappa chain deficiency / IgG subclass deficiency with IgA deficiency - IGKC | mondo_0018039, Selective IgM deficiency - Unknown | mondo_0014680, IRF3 deficiency - IRF3 | mondo_0958011, IRF1 deficiency - IRF1 | mondo_0054691, IRF2BP2 deficiency - IRF2BP2 | irf4_haplosufficiency, IRF4 haplosufficiency - IRF4 | irf4_multimorphic_r95t, IRF4 multimorphic R95T - IRF4 | mondo_0013957, IRF8 deficiency (AD) - IRF8 | mondo_0009194, IRF8 deficiency (AR) - IRF8 | mondo_0014597, IRF7 deficiency - IRF7 | mondo_0032848, IRF9 deficiency - IRF9 | irak1_deficiency, IRAK1 deficiency - IRAK1 | mondo_0011888, IRAK4 deficiency - IRAK4 | irak4_disorder, IRAK4 disorder - IRAK4 | ire1a_deficiency, IRE1a deficiency - ERN1 | mondo_0014502, ISG15 deficiency - ISG15 | mondo_0013081, ITK deficiency - ITK | mondo_0859311, ITPR3 - ITPR3 | mondo_0013245, ITCH deficiency - ITCH | mondo_0033558, JAK1 GOF / LOF - JAK1 | mondo_0010938, JAK3 deficiency - JAK3 | mondo_0014456, JAGN1 deficiency - JAGN1 | mondo_0010465, Kabuki Syndrome 2 due to KDM6A deficiency - KDM6A | mondo_0007843, Kabuki Syndrome 1 due to KMT2D deficiency - KMT2D (MLL2) | mondo_0030893, KARS1 deficiency - KARS1 | mondo_0044721, LAT deficiency - LAT | mondo_0030693, Ligase I deficiency - LIG1 | mondo_0013863, LRBA deficiency - LRBA | mondo_0007293, Leukocyte adhesion deficiency type 1 (LAD1) - ITGB2 | mondo_0009953, Leukocyte adhesion deficiency type 2 (LAD2) - SLC35C1 | mondo_0013016, Leukocyte adhesion deficiency type 3 (LAD3) - FERMT3 | mondo_0030366, LITAF deficiency - Unknown | mondo_0012212, Loeys Dietz syndrome due to TGFBR1 deficiency - TGFBR1 | mondo_0012427, Loeys Dietz syndrome due to TGFBR2 deficiency - TGFBR2 | mondo_0018643, Localized juvenile periodontitis - FPR1 | mondo_0013287, l5 deficiency - IGLL1 | mondo_0009109, Lysinuric protein intolerance SLC7A7 deficiency - SLC7A7 | mondo_0957271, LYN GOF disease - LYN | mondo_0010389, gp91 phox deficiency Macrophage /  X-linked chronic granulomatous disease (CGD), gp91phox - CYBB | mondo_0013040, Membrane Cofactor Protein (CD46) deficiency (AD / AR) - CD46 | mondo_0012858, Membrane Attack Complex Inhibitor (CD59) deficiency - CD59 | mondo_0013423, MASP2 deficiency - MASP2 | mondo_0014197, MALT1 deficiency - MALT1 | mondo_0020729, m heavy chain deficiency - IGHM | mondo_0800141, MAN2B2 deficiency - MAN2B2 | mondo_0011629, Mannosyl-oligosaccharide glucosidase deficiency (MOGS) - MOGS (GCS1) | map1lc3b2_deficiency, MAP1LC3B2 - MAP1LC3B2 | mondo_0800142, MAPK8 deficiency - MAPK8 | mondo_0030266, MCM10 deficiency - MCM10 | mondo_0012383, MCM4 deficiency - MCM4 | md2_deficiency, MD2 deficiency - LY96 | mondo_0958030, MCTS1 deficiency - MCTS1 | mondo_0060611, Methylene-tetrahydrofolate dehydrogenase 1 (MTHFD1) deficiency - MTHFD1 | mondo_0009849, Mevalonate kinase deficiency (Hyper IgD syndrome) - MVK | mondo_0009434, MHC class I deficiency - B2M | mondo_0971006, MHC class I deficiency (TAP1) - TAP1 | mondo_0971011, MHC class I deficiency (TAP2) - TAP2 | mondo_0971012, MHC class I deficiency (TAPBP) - TAPBP | mondo_0971005, MHC class II deficiency group A - CIITA | mondo_0971013, MHC class II deficiency group B - RFXANK | mondo_0971014, MHC class II deficiency group C - RFX5 | mondo_0971015, MHC class II deficiency group D - RFXAP | mondo_0010514, Moesin deficiency - MSN | mondo_0008871, MOPD1 deficiency (Roifman syndrome) - RNU4ATAC | mondo_0030841, MSH6 - MSH6 | mondo_0013934, MST1 deficiency - STK4 | mondo_0008633, Muckle-Wells syndrome - NLRP3 | mondo_0012839, MyD88 deficiency - MYD88 | mondo_0020856, MYSM1 deficiency - MYSM1 | mondo_0012316, Majeed syndrome - LPIN2 | mondo_0007728, NCSTN deficiency hidradenitis suppurativa - NCSTN | mondo_0007686, NBEAL2 deficiency - NBEAL2 | mondo_0030013, Neutropenia with combined immune deficiency due to MKL1 deficiency - MRTFA | nfat5_haploinsufficiency, NFAT5 haploinsufficiency - NFAT5 | mondo_0859369, NFAT1 deficiency - NFATC2 | nfatc1_deficiency, NFATC1 deficiency - NFATC1 | mondo_0014697, NFKB1 deficiency - NFKB1 | mondo_0014260, NFKB2 deficiency - NFKB2 | mondo_0060591, NFE2L2 GOF - NFE2L2 | mondo_0957535, NIK deficiency - MAP3K14 | mondo_0060457, NLRP1 deficiency (AR) - NLRP1 | mondo_0014089, NLRP1 GOF (AD) - NLRP1 | mondo_0011776, Neonatal onset multisystem inflammatory disease (NOMID) or chronic infantile neurologic cutaneous and articular syndrome (CINCA) - NLRP3 | nos2_deficiency, NOS2 deficiency - NOS2 | mondo_0014984, NSMCE3 deficiency - NSMCE3 | mondo_0009623, Nijmegen breakage syndrome - NBN | nudcd3_deficiency, NUDCD3 deficiency - NUDCD3 | mondo_0020840, OAS1 deficiency / GOF - OAS1 | oas2_deficiency, OAS2 deficiency - OAS2 | mondo_0009817, OSTM1 deficiency associated osteopetrosis - OSTM1 | mondo_0031030, Otulin deficiency - OTULIN | otulin_haplosufficiency, Otulin haplosufficiency - OTULIN | mondo_0014912, Otulipenia/ORAS - OTULIN | mondo_0014268, OX40 deficiency - TNFRSF4 | mondo_0014389, HOIL1 deficiency - RBCK1 | mondo_0957981, HOIP deficiency - RNF31 | mondo_0014383, ORAI-1 deficiency - ORAI1 | mondo_0012559, P14/LAMTOR2 deficiency - LAMTOR2 | mondo_0010455, PAX1 deficiency - PAX1 | mondo_0100299, PAX5 deficiency - PAX5 | mondo_0011462, Pyogenic sterile arthritis, pyoderma gangrenosum, acne (PAPA) syndrome, hyperzincemia and hypercalprotectinemia - PSTPIP1 | mondo_0009490, Papillon-Lefèvre Syndrome - CTSC | mondo_0021571, PD1 deficiency - PDCD1 | pd_l1_deficiency, PD-L1 deficiency - CD274 | mondo_0011337, Perforin deficiency (FHL2) - PRF1 | mondo_0014353, PGM3 deficiency - PGM3 | mondo_0957497, Pansclerotic morphea - STAT4 | mondo_0023655, PIK3CD deficiency (AR) - PIK3CD | mondo_0014222, PIK3CD mutation (GOF) APDS1 (AD) - PIK3CD GOF | mondo_0030717, PIK3CG deficiency - PIK3CG | mondo_0014083, PIK3R1 deficiency (AR) - PIK3R1 | mondo_0014453, PIK3R1 deficiency (LOF) APDS2 - PIK3R1 | mondo_0012679, PLEKHM1 deficiency associated osteopetrosis - PLEKHM1 | mondo_0957790, PLCG1 GOF disease - PLCG1 | mondo_0013944, PLAID (PLCg2 associated antibody deficiency and immune dysregulation) or APLAID (c2120A>C) - PLCG2 | mondo_0030843, PMS2 Deficiency - PMS2 | mondo_0970994, Polymerase d 1 deficiency - POLD1 | pold2_deficiency, Polymerase d 2 deficiency - POLD2 | pold3_deficiency, Polymerase d 3 deficiency - POLD3 | mondo_0014058, POLE1 (Polymerase ? subunit 1) deficiency (FILS syndrome) - POLE1 | mondo_0800128, POLE2 (Polymerase ? subunit 2) deficiency - POLE2 | mondo_0009910, RNA polymerase III deficiency due to POLR3A defects - POLR3A | polr3c_deficiency, RNA polymerase III deficiency due to POLR3C defects - POLR3C | mondo_0030813, RNA polymerase III deficiency due to POLR3F defects - POLR3F | mondo_0800146, POU2AF1 deficiency - POU2AF1 | mondo_0054700, PRAID - POMP | mondo_0030924, PRAAS- CANDLE (PSMB10) - PSMB10 | mondo_0054699, PRAAS- CANDLE (PSMB4) - PSMB4 | mondo_0968983, PRAAS -like condition (AD, AR, and various) - PSMB9 | mondo_0971001, PSMB10 associated Omenn Syndrome - PSMB10 | mondo_0054591, PSMD12 disorder - PSMD12 | mondo_0024516, PSEN deficiency hidradenitis suppurativa - PSEN | mondo_0013397, PSENEN deficiency hidradenitis suppurativa - PSENEN | pten_deficiency, PTEN Deficiency (LOF) - PTEN | ptcra_deficiency, PTCRA deficiency - PTCRA | mondo_0010713, Properdin deficiency - CFP | mondo_0008221, Prolidase deficiency - PEPD | mondo_0013171, Purine nucleoside phosphorylase (PNP) deficiency - PNP | mondo_0030529, Pu.1 deficiency - SPI1 | mondo_0000572, RAG1 deficiency - RAG1 | mondo_0000573, RAG2 deficiency - RAG2 | mondo_0033555, RAC2 deficiency (AR) - RAC2 | mondo_0011988, Rac 2 deficiency (LOF) - RAC2 | mondo_0013118, RAD50 deficiency - RAD50 | mondo_0032803, RASGRP1 deficiency - RASGRP1 | mondo_0030498, c-Rel deficiency - REL | mondo_0032659, RelA haplosufficiency - RELA | mondo_0054696, RelB deficiency - RELB | rela_interferonopathy, RELA interferonopathy - RELA | mondo_0800147, RHOG deficiency - RHOG | mondo_0029134, RLTPR (CARMIL2) deficiency - CARMIL2 | mondo_0017925, Rhoh Deficiency - RHOH | mondo_0020849, RIPK1 deficiency (AR) - RIPK1 | mondo_0030018, RIPK1 deficiency (AD) - RIPK1 | ripk3_deficiency, RIPK3 deficiency - RIPK3 | mondo_0009973, Reticular dysgenesis - AK2 | mondo_0013999, Retinal dystrophy, optic nerve oedema, splenomegaly, anhidrosis, and headache (ROSAH) - ALPK1 | mondo_0014710, RORgt deficiency - RORC | mondo_0011098, RNASEL deficiency - RNASEL | mondo_0014367, Aicardi-Goutieres syndrome 7 (AGS7) - IFIH1 | mondo_0012472, RNASEH2A deficiency, AGS4 - RNASEH2A | mondo_0012429, RNASEH2B deficiency, AGS2 - RNASEH2B | mondo_0012471, RNASEH2C deficiency, AGS3 - RNASEH2C | mondo_0012764, RNF168 deficiency (RIDDLE Syndrome) - RNF168 | mondo_0030362, RNU7-1 deficiency - RNU7-1 | mondo_0016369, Rothmund-Thomson syndrome type 2 - RECQL4 | mondo_0009955, Rapadilino Syndrome - RECQL4 | mondo_0010066, Isolated congenital asplenia (ICA) due to RPSA deficiency - RPSA | mondo_0024781, SASH3 deficiency - SASH3 | mondo_0014888, SAMD9 (GOF) - SAMD9 | mondo_0013059, SAMHD1 deficiency, AGS5 - SAMHD1 | mondo_0958013, SEC61A1 deficiency - SEC61A1 | mondo_0044208, SMARCD2 deficiency - SMARCD2 | mondo_0030313, SNORA31 deficiency - SNORA31 | mondo_0800149, TNFSF13 (APRIL) deficiency - TNFSF13 | mondo_0008290, PVMK deficiency - PMVK | mondo_0024551, SH2D1A (SAP) deficiency (XLP1) - SH2D1A | mondo_0010296, SH3KBP1 (CIN85) deficiency - SH3KBP1 | sh2b3_deficiency, SH2B3 deficiency - SH2B3 | mondo_0968982, SHARPIN deficiency - SHARPIN | mondo_0009458, Schimke Immuno-osseous Dysplasia - SMARCAL1 | sbds_deficiency, Shwachman-Diamond Syndrome due to SBDS deficiency - SBDS | mondo_0009238, SLC46A1/PCFT deficiency causing hereditary folate malabsorption - SLC46A1 | mondo_0030519, SLC39A7 (ZIP7) deficiency - SLC39A7 | mondo_0030302, SLP76 deficiency - LCP2 | mondo_0014040, SNX10 deficiency associated osteopetrosis - SNX10 | mondo_0800130, SOCS1 deficiency - SOCS1 | mondo_0030448, SPPL2a deficiency - SPPL2A | mondo_0009842, Specific granule deficiency - CEBPE | srp19_deficiency, SRP19 deficiency - SRP19 | mondo_0032899, SRP54 deficiency - SRP54 | srpra_deficiency, SRPRA deficiency - SRPRA | mondo_0013008, STIM1 deficiency - STIM1 | mondo_0013599, STAT1 GOF - STAT1 | mondo_0013956, STAT1 deficiency (AD LOF) - STAT1 | mondo_0013427, STAT1 deficiency (AR LOF) - STAT1 | mondo_0014715, STAT2 deficiency - STAT2 | mondo_0030044, STAT2 GOF - STAT2 | mondo_0014414, STAT3 GOF mutation - STAT3 | mondo_0100211, STAT5b deficiency (AR) - STAT5B | mondo_0100219, STAT5b deficiency (AD) - STAT5B | mondo_0957807, STAT6 disorder - STAT6 | mondo_0033203, SGPL1 deficiency - SGPL1 | mondo_0011336, Syntaxin 11 deficiency (FHL4) - STX11 | mondo_0013135, STXBP2 / Munc18-2 deficiency (FHL5) - STXBP2 | mondo_0030308, SYK disease - SYK | mondo_0013818, Tricho-hepato-enteric syndrome due to SKIV2L mutations - SKIV2L | mondo_0009735, Comel-Netherton syndrome - SPINK5 | mondo_0054754, TBK1 deficiency (AD) - TBK1 | mondo_0800148, TBK1 deficiency (AR) - TBK1 | mondo_0030483, TBX21 deficiency - TBX21 | mondo_0014160, TCR? deficiency - TRAC | mondo_0030858, TET2 deficiency - TET2 | mondo_0014760, TFRC deficiency - TFRC | mondo_0013723, TIRAP deficiency - TIRAP | mondo_0800187, TLR3 deficiency (AD / AR) - TLR3 | mondo_0859083, TLR7 deficiency (AD) - TLR7 | mondo_0026767, TLR7 deficiency (X-Linked) - TLR7 | mondo_0024777, TLR8 disease - TLR8 | tlr4_deficiency, TLR4 deficiency - TLR4 | mondo_0015698, Transient hypogammaglobulinemia of infancy - Unknown | mondo_0010149, Transcobalamin 2 deficiency - TCN2 | mondo_0013920, TRAF3 deficiency / haplosufficiency - TRAF3 | mondo_0012931, Trypanosomiasis susceptibility - APOL1 | mondo_0013921, TRIF deficiency (AD / AR) - TICAM1 | mondo_0035362, TRIM22 - TRIM22 | mondo_0014487, TRNT1 deficiency - TRNT1 | tripeptidyl_peptidase_ii_deficiency, Tripeptidyl-Peptidase II Deficiency - TPP2 | mondo_0024541, Tricho-hepato-enteric syndrome due to TTC37 mutations - TTC37 | mondo_0009815, TCIRG1 deficiency associated osteopetrosis - TCIRG1 | mondo_0007727, TNF receptor-associated periodic syndrome (TRAPS) - TNFRSF1A | mondo_0012859, TNFRSF11A deficiency associated osteopetrosis - TNFRSF11A | mondo_0009816, TNFSF11 deficiency associated osteopetrosis - TNFSF11 | tweak_deficiency, TWEAK deficiency - TNFSF12 | mondo_0012682, Tyk2 deficiency / P1104A TYK2 homozygosity - TYK2 | mondo_0012146, UNC13D / Munc13-4 deficiency (FHL3) - UNC13D | mondo_0011971, UNG deficiency - UNG | mondo_0024563, UNC93B1 deficiency - UNC93B1 | mondo_0018828, USP18 deficiency - USP18 | mondo_0009452, Vici syndrome due to EPG5 deficiency - EPG5 | mondo_0009338, Hepatic veno-occlusive disease with immunodeficiency (VODI) - SP110 | mondo_0014118, VPS45 deficiency (SCN5) - VPS45 | mondo_0007883, WDR1 deficiency (Lazy leukocyte) - WDR1 | mondo_0010518, Wiskott-Aldrich syndrome (WAS LOF) - WAS | mondo_0013779, WIP deficiency - WIPF1 | mondo_8000006, WHIM (Warts, Hypogammaglobulinemia, infections, Myelokathexis) syndrome - CXCR4 | mondo_0011518, Widemann-Steiner syndrome - KMT2A | mondo_0010385, XIAP deficiency (XLP2) - XIAP | mondo_0010523, X-linked reticulate pigmentary disorder-POLA1 - POLA1 | mondo_0010294, X-linked neutropenia/myelodysplasia WAS GOF - WAS | mondo_0010023, ZAP-70 deficiency (ZAP70 LOF) - ZAP70 | mondo_0014861, ZAP70 combined hypomorphic GOF - ZAP70 | mondo_0032654, ZNF341 deficiency AR-HIES - ZNF341 | mondo_0030491, ZNFX1 deficiency - ZNFX1",,,,,,[genetic_diagnosis_g] = '1',,,,,,
other_non_g_iei,genetic_information,,dropdown,"If non-genetic, please select from the non-genetic IEI list","hp_000176, Asplenia | mondo_0015974, (atypical) severe combined immunodeficiency | mondo_0015131, combined immunodeficiency | early_onset_ibd, Early-onset inflammatory bowel disease | early_onset_mad, Early-onset multi-organ autoimmune disease | ipex_like_disease, IPEX-like disease | mondo_0013714, mannose-binding lectin deficiency | mondo_0011338, Omenn syndrome | mondo_0014226, idiopathic CD4 lymphocytopenia | mondo_0015977, Agammaglobulinemia | uncl_abd_def, (Unclassified) antibody deficiency | uncl_phag_dis, (Unclassified) phagocytic disorder | ncit_c176595, (Unclassified) disorders of immune dysregulation | ordo_331193, (Unclassified) defect in innate immunity | ncit_c4691, (Unclassified) complement deficiency | autoinflammatory_diseases, (Unclassified) autoinflammatory disease | syndromic_immunodeficiencies, (Unclassified) syndromic immunodeficiencies | other_t_cell_problem, Unclassified/Other T cell problem | mondo_0001222, congenital T-cell immunodeficiency / non-SCID | mondo_0021094, combined immunodeficiency",,,,,,[genetic_diagnosis_g] = '2',,,,,,
gen_report,genetic_information,,file,"Please upload genetics report.  REMOVE PATIENT'S PERSONAL INFORMATION (NAME, MRN, ULI, DOB)
 ",,,,,,,[geneticonfirmation] = '1',,,,,,
g_other_iei_deficiency,genetic_information,,text,please search for the other IEI deficiency in MONDO,BIOPORTAL:MONDO,,,,,,"[g_iei_deficiency] = ""other""",,,,,,
g_other_iei_def_text,genetic_information,,text,"If not found in MONDO, specify in the text field",,,,,,,"[g_iei_deficiency] = ""other""",,,,,,
interpretation_status,genetic_information,,dropdown,Is this variant thought to be related to the diagnosis?,"unknown_status, Unknown | rejected, The variant or gene reported here is interpreted not to be related to the diagnosis | candidate, The variant or gene reported here is interpreted to possibly be related to the diagnosis | contributory, The variant or gene reported here is interpreted to be related to the diagnosis | causative, The variant or gene reported here is interpreted to be causative of the diagnosis",This is an enumeration that describes the conclusion made about the genomic interpretation.,,,,,[geneticonfirmation] = '1',,,,,,
loinc_81304_8,genetic_information,,dropdown,Please indicate what genetic testing method has been used for diagnosis:,"loinc_la26398-0, Sequencing- to expand-WES, WGS, gene panel, sanger seq | loinc_la26406-1, Karyotyping | loinc_la26404-6, FISH | loinc_la26418-6, PCR | loinc_la26419-4, qPCR (real-time PCR) | loinc_la26400-4, SNP array | loinc_la26813-8, Restriction fragment length polymorphism (RFLP) | loinc_la26810-4, DNA hybridization | loinc_la26415-2, MLPA | 0, Unknown | loinc_la46-8, Other",,,,,,[geneticonfirmation] = '1',,,,,,
loinc_81304_8_other,genetic_information,,text,Please indicate other test,BIOPORTAL:LOINC,,,,,,"[loinc_81304_8] = ""loinc_la46-8""",,,,,,
loinc_48018_6,genetic_information,,text,Gene ID (for example rs6025),BIOPORTAL:HGNC,Please search in the HGNC (HUGO Gene Nomenclature Committee) for the gene ID.,,,,,[geneticonfirmation] = '1',,,,,,
loinc_lp7824_8,genetic_information,,text,"For unvalidated variants, type in the variant:",,An unvalidated (HGVS) string that describes the variant change.,,,,,[geneticonfirmation] = '1',,,,,,
variant_expression,genetic_information,,checkbox,"Please choose the type of the variant's validated HGVS expression:
Sequence DNA changes are written as c._____
Amino acid changes are written as p._____
Genomic DNA changes are written as g._____ 

You only need to complete one type. ","chgvs, Sequence DNA change [c.HGVS], ex. c.202C>T | phgvs, Amino Acid Change [p.HGVS], ex. p.Leu861Pro | ghgvs, Genomic DNA change [g.HGVS], ex. g.323176682G>A | 1, other",We recommend using sequence DNA change expressions (c.HGVS) if possible.,,,,,[geneticonfirmation] = '1',,,,,,
change_hgvsexpress,genetic_information,,text,Indicate other changes,,,,,,,[variant_expression(1)] = '1',,,,,,
loinc_81290_9,genetic_information,,text,"Please indicate the genomic DNA sequence change as a validated HGVS expression (g.HGVS), ex.  g.323176682G>A, if applicable",,The specific change in the genomic DNA sequence encoded with a validated g.HGVS expression.,,,,,[variant_expression(ghgvs)] = '1',,,,,,
loinc_48004_6,genetic_information,,text,"Please indicate the DNA change as a validated HGVS expression (c.HGVS), ex. c.2582T>C,  if applicable",,The specific change in the DNA sequence at the nucleotide level with a validated c.HGVS expression,,,,,[variant_expression(chgvs)] = '1',,,,,,
loinc_48005_3,genetic_information,,text,"Please indicate protein change as a validated HGVS expression (p.HGVS), ex. p.(Leu861Pro) if applicable",,The specific change in the amino acid sequence resulting from a genetic variant as a validated p.HGVS expression,,,,,[variant_expression(phgvs)] = '1',,,,,,
variant_validation,genetic_information,,radio,"Please validate the variant in
 https://lhcforms.nlm.nih.gov/fhir/hgvs-validator/
Click on the link.  Enter the variant in the format Transcript:sequence variant:  NM_###:c.###

You can also search the mutation in ClinVar (ClinVar) or Varsome (Varsome).","yes, Yes, variant is validated | no, No, variant is not validated",Please use the links above to ensure validation of the expression you entered!,,,,,[loinc_81290_9] <> '' or [loinc_48004_6] <> '' or [loinc_48005_3] <> '',y,,,,,
geno_0000141,genetic_information,,dropdown,Pattern of inheritance,"geno_0000936, X-linked- XL | geno_0000148, Autosomal recessive -AR | geno_0000147, Autosomal dominant -AD | snomedct_74964007, Other - Please, specify the type of inheritance: | geno_0000889, Unknown","Choose ""Other"" to search for different patterns of inheritance.",,,,,[geneticonfirmation] = '1',,,,,,
geno_0000141_other,genetic_information,,text,The name of other type of inheritance [GENO],BIOPORTAL:GENO,,,,,,[geno_0000141] = 'snomedct_74964007',,,,,,
loinc_48019_4,genetic_information,,dropdown,What is the variant type or consequence?,"loinc_la9658-1, Wild type | loinc_la6692-3, Deletion | loinc_la6686-5, Duplication | loinc_la6687-3, Insertion | loinc_la6688-1, Insertion/Deletion | loinc_la6689-9, Inversion | loinc_la6690-7, Substitution | 1, Missense | 2, Nonsense | loinc_48019_4_other, Other | snomedct_261665006, Unknown","Choose ""Other"" to search for different mutation types, such as chromosomal abberations.",,,,,[geneticonfirmation] = '1',,,,,,
loinc_48019_4_other,genetic_information,,text,What is the other mutation type? [GENO],BIOPORTAL:GENO,,,,,,[loinc_48019_4] = 'loinc_48019_4_other',,,,,,
loinc_53034_5,genetic_information,,dropdown,"Zygosity, eg. homozygous, heterozygous","loinc_la6705-3, Homozygous | loinc_la6706-1, (simple) Heterozygous | loinc_la26217-2, Compound heterozygous | loinc_la6707-9, (X-linked) Hemizygous | loinc_la6703-8, Heteroplasmic | loinc_la6704-6, Homoplasmic | loinc_53034_5_other, Other","Choose ""Other"" to search for different zygosity types.",,,,,[geneticonfirmation] = '1',,,,,,
loinc_53034_5_other,genetic_information,,text,Please specify other zygosity [GENO],BIOPORTAL:GENO,,,,,,[loinc_53034_5] = 'loinc_53034_5_other',,,,,,
protein_funct,genetic_information,,radio,"What is the effect of the variant on protein function?
This may be described in the written report describing the variant. ","1, Loss of function | 2, Gain of function | 3, Double negative | 4, Other | 5, Unknown",,,,,,[geneticonfirmation] = '1',,,,,,
pther_prot_expr,genetic_information,,text,Please clarify other type,,,,,,,[protein_funct] = '4',,,,,,
loinc_53037_8,genetic_information,,dropdown,Clinical Significance [ACMG] or Classification,"loinc_la6668-3, Pathogenic | loinc_la26332-9, Likely pathogenic | loinc_la26333-7, Uncertain significance | loinc_la26334-5, Likely benign | loinc_la6675-8, Benign | loinc_la4489-6, Unknown",,,,,,[geneticonfirmation] = '1',,,,,,
clinician_verified,genetic_information,,yesno,Has this form been verified by the clinician?,,,,,,,,,,,,,
allergy_instruct,allergic_reactions,,descriptive,"ONLY COMPLETE THIS FORM IF THE PATIENT HAS AN ALLERGY
DO NOT INCLUDE 'SENSITIVITIES' (eg sensitivity to gluten, but not a true wheat allergy)",,,,,,,,,,,,,
completion_date_allergy,allergic_reactions,,text,Date of completing this form.,,,date_dmy,,,,,,,,,,
allergy_yes_no,allergic_reactions,,yesno,Does the patient have any allergies?,,,,,,,,,,,,,
food_allergy,allergic_reactions,,descriptive,Food Allergies,,,,,,,[allergy_yes_no] = '1',,,,,,
peanut_allergy,allergic_reactions,,radio,Food allergy to peanuts,"1, Clinical reaction | 2, Specific IgE positive/high | 3, Skin tests positive",,,,,,[allergy_yes_no] = '1',,,,,,
tree_nut_allergy,allergic_reactions,,radio,"Food allergy to tree nuts (almond, cashew, brazil nut, hazelnut, walnut, pecan, pistachio)","1, Clinical reaction | 2, Specific IgE positive/high | 3, Skin tests positive",,,,,,[allergy_yes_no] = '1',,,,,,
sea_product_allergy,allergic_reactions,,radio,"Food allergy to sea products (crab, shrimp, tuna, salmon, etc).","1, Clinical reaction | 2, Specific IgE positive/high | 3, Skin tests positive",,,,,,[allergy_yes_no] = '1',,,,,,
milk_allergy,allergic_reactions,,radio,Food allergy to milk,"1, Clinical reaction | 2, Specific IgE positive/high | 3, Skin tests positive",,,,,,[allergy_yes_no] = '1',,,,,,
allergy_yolk,allergic_reactions,,radio,Food allergy to egg yolk,"1, Clinical reaction | 2, Specific IgE positive/high | 3, Skin tests positive",,,,,,[allergy_yes_no] = '1',,,,,,
egg_white_allergy,allergic_reactions,,radio,Food allergy to egg whites,"1, Clinical reaction | 2, Specific IgE positive/high | 3, Skin tests positive",,,,,,[allergy_yes_no] = '1',,,,,,
other_food_allergy,allergic_reactions,,radio,Other food allergies - Please specify: {other_food_spec},"1, Clinical reaction | 2, Specific IgE positive/high | 3, Skin tests positive",,,,,,[allergy_yes_no] = '1',,,,,,
env_allergy,allergic_reactions,,descriptive,Environmental Allergies,,,,,,,[allergy_yes_no] = '1',,,,,,
cat_allergy,allergic_reactions,,radio,Cats,"1, Clinical reaction | 2, Specific IgE positive/high | 3, Skin tests positive",,,,,,[allergy_yes_no] = '1',,,,,,
dog_allergy,allergic_reactions,,radio,Dogs,"1, Clinical reaction | 2, Specific IgE positive/high | 3, Skin tests positive",,,,,,[allergy_yes_no] = '1',,,,,,
feather_allergy,allergic_reactions,,radio,Feathers,"1, Clinical reaction | 2, Specific IgE positive/high | 3, Skin tests positive",,,,,,[allergy_yes_no] = '1',,,,,,
mouse_allergy,allergic_reactions,,radio,Mice,"1, Clinical reaction | 2, Specific IgE positive/high | 3, Skin tests positive",,,,,,[allergy_yes_no] = '1',,,,,,
tree_allergy,allergic_reactions,,radio,Trees,"1, Clinical reaction | 2, Specific IgE positive/high | 3, Skin tests positive",,,,,,[allergy_yes_no] = '1',,,,,,
grass_allergy,allergic_reactions,,radio,Grasses,"1, Clinical reaction | 2, Specific IgE positive/high | 3, Skin tests positive",,,,,,[allergy_yes_no] = '1',,,,,,
weeds_allergy,allergic_reactions,,radio,Weeds,"1, Clinical reaction | 2, Specific IgE positive/high | 3, Skin tests positive",,,,,,[allergy_yes_no] = '1',,,,,,
dust_allergy,allergic_reactions,,radio,Dust Mites,"1, Clinical reaction | 2, Specific IgE positive/high | 3, Skin tests positive",,,,,,[allergy_yes_no] = '1',,,,,,
mold_allergy,allergic_reactions,,radio,Molds,"1, Clinical reaction | 2, Specific IgE positive/high | 3, Skin tests positive",,,,,,[allergy_yes_no] = '1',,,,,,
other_allergens,allergic_reactions,,radio,Other allergens that cause reactions - Please specify: {other_allergens_spec},"1, Clinical reaction | 2, Specific IgE positive/high | 3, Skin tests positive",,,,,,[allergy_yes_no] = '1',,,,,,
drug_allergies,allergic_reactions,,dropdown,How many drug allergies does this patient have?,"1, 0 | 2, 1 | 3, 2 | 4, 3 | 5, 4 | 6, 5",,,,,,[allergy_yes_no] = '1',,,,,,
drug_allergy,allergic_reactions,,radio,Drug Allergy - Please indicate the name of medication causing allergy: {drug_allergy_name_5},"1, Clinical reaction | 2, Specific IgE positive/high | 3, Skin tests positive",,,,,,[allergy_yes_no] = '1' and ( [drug_allergies] = '2' or [drug_allergies] = '3' or [drug_allergies] = '4' or [drug_allergies] = '5' or [drug_allergies] = '6'),,,,,,
drug_allergy_5,allergic_reactions,,radio,Drug Allergy - Please indicate the name of medication causing allergy: {drug_allergy_name_4},"1, Clinical reaction | 2, Specific IgE positive/high | 3, Skin tests positive",,,,,,[allergy_yes_no] = '1' and ( [drug_allergies] = '3' or [drug_allergies] = '4' or [drug_allergies] = '5' or [drug_allergies] = '6' ),,,,,,
drug_allergy_4,allergic_reactions,,radio,Drug Allergy - Please indicate the name of medication causing allergy: {drug_allergy_name_3},"1, Clinical reaction | 2, Specific IgE positive/high | 3, Skin tests positive",,,,,,[allergy_yes_no] = '1' and ( [drug_allergies] = '4' or [drug_allergies] = '5' or [drug_allergies] = '6' ),,,,,,
drug_allergy_3,allergic_reactions,,radio,Drug Allergy - Please indicate the name of medication causing allergy: {drug_allergy_name_2},"1, Clinical reaction | 2, Specific IgE positive/high | 3, Skin tests positive",,,,,,[allergy_yes_no] = '1' and ( [drug_allergies] = '5' or [drug_allergies] = '6'),,,,,,
drug_allergy_2,allergic_reactions,,radio,Drug Allergy - Please indicate the name of medication causing allergy: {drug_allergy_name},"1, Clinical reaction | 2, Specific IgE positive/high | 3, Skin tests positive",,,,,,[allergy_yes_no] = '1' and [drug_allergies] = '6',,,,,,
drug_allergy_name,allergic_reactions,,text,drugallergy_name_v2,,,,,,,,,,,,,
drug_allergy_name_2,allergic_reactions,,text,drugallergy_name_v2,,,,,,,,,,,,,
drug_allergy_name_3,allergic_reactions,,text,drugallergy_name_v2,,,,,,,,,,,,,
drug_allergy_name_4,allergic_reactions,,text,drugallergy_name_v2,,,,,,,,,,,,,
drug_allergy_name_5,allergic_reactions,,text,drugallergy_name_v2,,,,,,,,,,,,,
other_food_spec,allergic_reactions,,text,other_food_v2,,,,,,,,,,,,,
other_allergens_spec,allergic_reactions,,text,other_allergens_v2,,,,,,,,,,,,,
date_antimicrobial_form,antimicrobial_medications,,text,Date of completing this form.,,,date_dmy,,,,,,,,,,
procedure_9,antimicrobial_medications,,radio,"Has the patient required any antimicrobial medications in their lifetime? (antibiotics, antifungals, antivirals)","ncit_c94242, Yes | 0, No | 2, Unknown",,,,,,,,,,,,
abx_instructions,antimicrobial_medications,,descriptive,"Estimate how many courses of antibacterials the patient has needed.
Use the value when they have needed the most antibacterials in a time period.
eg if one year they needed 2 courses and another year they needed a course every month, record ""1 per month""",,,,,,,[procedure_9] = 'ncit_c94242',,,,,,
ab_lifetime,antimicrobial_medications,,dropdown,How many courses of antibacterials has the patient received?,"1, 0 | 2, 1 | 3, 2 | 4, 3 | 5, 4 | 6, 5 | 7, 6",,,,,,[procedure_9] = 'ncit_c94242',,,,,,
ab_lifetime_freq,antimicrobial_medications,,radio,Please choose the option,"1, per year, on average | 2, per month, on average | 3, total in their lifetime | 4, don't know",,,,,,[ab_lifetime] = '2' or [ab_lifetime] = '3' or [ab_lifetime] = '4' or [ab_lifetime] = '5' or [ab_lifetime] = '6' or [ab_lifetime] = '7',,,,,,
indicate_antimicrobials,antimicrobial_medications,,notes,Please indicate what antibacterials the patient has received in their life:,,,,,,,[ab_lifetime] = '2' or [ab_lifetime] = '3' or [ab_lifetime] = '4' or [ab_lifetime] = '5' or [ab_lifetime] = '6',,,,,,
abx_instructions_2,antimicrobial_medications,,descriptive,"Estimate how many courses of antivirals the patient has needed.
Use the value when they have needed the most antivirals in a time period.
eg if one year they needed 2 courses and another year they needed a course every month, record ""1 per month""",,,,,,,[procedure_9] = 'ncit_c94242',,,,,,
antiviral_lifetime,antimicrobial_medications,,dropdown,"Approximately, how many courses of antiviral treatment has the patient received?","1, 0 | 2, 1 | 3, 2 | 4, 3 | 5, 4 | 6, 5 | 7, 6",,,,,,[procedure_9] = 'ncit_c94242',,,,,,
ab_lifetime_freq_2,antimicrobial_medications,,radio,Please choose the option,"1, per year, on average | 2, per month, on average | 3, total in their lifetime | 4, don't know",,,,,,[antiviral_lifetime] = '2' or [antiviral_lifetime] = '3' or [antiviral_lifetime] = '4' or [antiviral_lifetime] = '5' or [antiviral_lifetime] = '6' or [antiviral_lifetime] = '7',,,,,,
antivirals_life,antimicrobial_medications,,notes,Please indicate what antivirals patient has received in their life:,,,,,,,[antiviral_lifetime] = '2' or [antiviral_lifetime] = '3' or [antiviral_lifetime] = '4' or [antiviral_lifetime] = '5' or [antiviral_lifetime] = '6' or [antiviral_lifetime] = '7',,,,,,
abx_instructions_3,antimicrobial_medications,,descriptive,"Estimate how many courses of antifungals the patient has needed.
Use the value when they have needed the most antifungals in a time period.
eg if one year they needed 2 courses and another year they needed a course every month, record ""1 per month""",,,,,,,[procedure_9] = 'ncit_c94242',,,,,,
antifungal_lifetime_2,antimicrobial_medications,,dropdown,"Approximately, how many courses of antifungal treatment has the patient received?","1, 0 | 2, 1 | 3, 2 | 4, 3 | 5, 4 | 6, 5 | 7, 6",,,,,,[procedure_9] = 'ncit_c94242',,,,,,
ab_lifetime_freq_3,antimicrobial_medications,,radio,Please choose the option,"1, per year, on average | 2, per month, on average | 3, total in their lifetime | 4, don't know",,,,,,[antifungal_lifetime_2] = '2' or [antifungal_lifetime_2] = '3' or [antifungal_lifetime_2] = '4' or [antifungal_lifetime_2] = '5' or [antifungal_lifetime_2] = '6' or [antifungal_lifetime_2] = '7',,,,,,
antifungal_life,antimicrobial_medications,,notes,Please indicate what antifungals the patient has recieved in their life:,,,,,,,[antifungal_lifetime_2] = '2' or [antifungal_lifetime_2] = '3' or [antifungal_lifetime_2] = '4' or [antifungal_lifetime_2] = '5' or [antifungal_lifetime_2] = '6' or [antifungal_lifetime_2] = '7',,,,,,
procedure_14,antimicrobial_medications,,radio,"Has the patient required any antimicrobial medications for prophylaxis in their lifetime? (antibiotics, antifungals, antivirals)","ncit_c94242, Yes | 0, No | 2, Unknown",,,,,,,,,,,,
antimicrob_proph,antimicrobial_medications,,checkbox,"Has the patient taken any antimicrobial medication for prophylaxis?
Include antibacterials, antifungals and antivirals.","1, Prophylaxis for recurrent bacterial infections | 2, Pneumocystis jirovecii pneumonia (PJP) prophylaxis | 3, Prophylaxis for recurrent fungal infections | 4, Prophylaxis for recurrent viral infections (CMV, HSV) | 5, Don't know",,,,,,[procedure_14] = 'ncit_c94242',,,,,,
indicate_antimicrobials_2,antimicrobial_medications,,notes,"Please indicate what antimicrobials the patient has received (antibiotics, antivirals, antibacterial, anti-fungals) for prophylaxis:",,,,,,,[antimicrob_proph(1)] = '1' or [antimicrob_proph(2)] = '1' or [antimicrob_proph(3)] = '1' or [antimicrob_proph(4)] = '1' or [antimicrob_proph(5)] = '1',,,,,,
ae_antiinfect,antimicrobial_medications,,radio,Did the patient experience any adverse reactions to antimicrobial medications?,"1, Yes | 0, No",,,,,,[procedure_9] = 'ncit_c94242',,,,,,
type_reaction_antiinfect,antimicrobial_medications,,checkbox,What type of reaction was observed?,"1, Allergic reaction (anaphylaxis, hives, oedema) | 2, GI symptoms (nausea, vomiting,diarrhea) | 3, Cardiovascular symptoms | 99, Other - Please specify",,,,,,[ae_antiinfect] = '1',,,,,,
other_antimicrob_effects,antimicrobial_medications,,checkbox,Other,"1, C.difficile | 2, Rash | 3, Steven Johnson syndrome/toxic epidermal necrolysis | 4, please specify {other_reaction_antiinf}",,,,,,[procedure_9] = 'ncit_c94242' and [type_reaction_antiinfect(99)] = '1',,,,,,
other_reaction_antiinf,antimicrobial_medications,,text,"Please, specify",,,,,,,,,,,,,
date_antimicrobial_form_v2_c31e26,antimicrobial_medications_annual_form_1,,text,Date of completing this form,,,date_dmy,,,,,,,,,,
procedure_9_v2,antimicrobial_medications_annual_form_1,,radio,"Has the patient required any antimicrobial medications in the past year? (antibiotics, antifungals, antivirals)","ncit_c94242, Yes | 0, No | 2, Unknown",,,,,,,,,,,,
abx_instructions_v2,antimicrobial_medications_annual_form_1,,descriptive,"Estimate how many courses of antibacterials the patient has needed.
Use the value when they have needed the most antibacterials in a time period.
eg if one year they needed 2 courses and another year they needed a course every month, record ""1 per month""",,,,,,,[procedure_9_v2] = 'ncit_c94242',,,,,,
ab_lifetime_v2,antimicrobial_medications_annual_form_1,,dropdown,How many courses of antibacterials has the patient received?,"1, 0 | 2, 1 | 3, 2 | 4, 3 | 5, 4 | 6, 5 | 7, 6",,,,,,[procedure_9_v2] = 'ncit_c94242',,,,,,
ab_lifetime_freq_v2,antimicrobial_medications_annual_form_1,,radio,Please choose the option,"1, per year, on average | 2, per month, on average | 4, don't know",,,,,,[ab_lifetime_v2] = '2' or [ab_lifetime_v2] = '3' or [ab_lifetime_v2] = '4' or [ab_lifetime_v2] = '5' or [ab_lifetime_v2] = '6' or [ab_lifetime_v2] = '7',,,,,,
indicate_antimicrobials_v2,antimicrobial_medications_annual_form_1,,notes,Please indicate what antibacterials the patient has received in the past year:,,,,,,,[ab_lifetime_v2] = '2' or [ab_lifetime_v2] = '3' or [ab_lifetime_v2] = '4' or [ab_lifetime_v2] = '5' or [ab_lifetime_v2] = '6',,,,,,
abx_instructions_2_v2,antimicrobial_medications_annual_form_1,,descriptive,"Estimate how many courses of antivirals the patient has needed.
Use the value when they have needed the most antivirals in a time period.
eg if one year they needed 2 courses and another year they needed a course every month, record ""1 per month""",,,,,,,[procedure_9_v2] = 'ncit_c94242',,,,,,
antiviral_lifetime_v2,antimicrobial_medications_annual_form_1,,dropdown,"Approximately, how many courses of antiviral treatment has the patient received?","1, 0 | 2, 1 | 3, 2 | 4, 3 | 5, 4 | 6, 5 | 7, 6",,,,,,[procedure_9_v2] = 'ncit_c94242',,,,,,
ab_lifetime_freq_2_v2,antimicrobial_medications_annual_form_1,,radio,Please choose the option,"1, per year, on average | 2, per month, on average | 4, don't know",,,,,,[antiviral_lifetime_v2] = '2' or [antiviral_lifetime_v2] = '3' or [antiviral_lifetime_v2] = '4' or [antiviral_lifetime_v2] = '5' or [antiviral_lifetime_v2] = '6' or [antiviral_lifetime_v2] = '7',,,,,,
antivirals_life_v2,antimicrobial_medications_annual_form_1,,notes,Please indicate what antivirals patient has received in the past year:,,,,,,,[antiviral_lifetime_v2] = '2' or [antiviral_lifetime_v2] = '3' or [antiviral_lifetime_v2] = '4' or [antiviral_lifetime_v2] = '5' or [antiviral_lifetime_v2] = '6' or [antiviral_lifetime_v2] = '7',,,,,,
abx_instructions_3_v2,antimicrobial_medications_annual_form_1,,descriptive,"Estimate how many courses of antifungals the patient has needed.
Use the value when they have needed the most antifungals in a time period.
eg if one year they needed 2 courses and another year they needed a course every month, record ""1 per month""",,,,,,,[procedure_9_v2] = 'ncit_c94242',,,,,,
antifungal_lifetime_2_v2,antimicrobial_medications_annual_form_1,,dropdown,"Approximately, how many courses of antifungal treatment has the patient received?","1, 0 | 2, 1 | 3, 2 | 4, 3 | 5, 4 | 6, 5 | 7, 6",,,,,,[procedure_9_v2] = 'ncit_c94242',,,,,,
ab_lifetime_freq_3_v2,antimicrobial_medications_annual_form_1,,radio,Please choose the option,"1, per year, on average | 2, per month, on average | 4, don't know",,,,,,[antifungal_lifetime_2_v2] = '2' or [antifungal_lifetime_2_v2] = '3' or [antifungal_lifetime_2_v2] = '4' or [antifungal_lifetime_2_v2] = '5' or [antifungal_lifetime_2_v2] = '6' or [antifungal_lifetime_2_v2] = '7',,,,,,
antifungal_life_v2,antimicrobial_medications_annual_form_1,,notes,Please indicate what antifungals the patient has recieved in the past year:,,,,,,,[antifungal_lifetime_2_v2] = '2' or [antifungal_lifetime_2_v2] = '3' or [antifungal_lifetime_2_v2] = '4' or [antifungal_lifetime_2_v2] = '5' or [antifungal_lifetime_2_v2] = '6' or [antifungal_lifetime_2_v2] = '7',,,,,,
procedure_9_v3,antimicrobial_medications_annual_form_1,,radio,"Has the patient required any antimicrobial medications for prophylaxis in the past year? (antibiotics, antifungals, antivirals)","ncit_c94242, Yes | 0, No | 2, don't know",,,,,,,,,,,,
antimicrob_proph_v2,antimicrobial_medications_annual_form_1,,checkbox,"Has the patient taken any antimicrobial medication for prophylaxis in the past year?
Include antibacterials, antifungals and antivirals.","1, Prophylaxis for recurrent bacterial infections | 2, Pneumocystis jirovecii pneumonia (PJP) prophylaxis | 3, Prophylaxis for recurrent fungal infections | 4, Prophylaxis for recurrent viral infections (CMV, HSV) | 5, don't know",,,,,,[procedure_9_v3] = 'ncit_c94242',,,,,,
indicate_antimicrobials_2_v2_1976bc,antimicrobial_medications_annual_form_1,,notes,"Please indicate what antimicrobials the patient has received (antibiotics, antivirals, antibacterial, anti-fungals) for prophylaxis in the past year:",,,,,,,[antimicrob_proph_v2(1)] = '1' or [antimicrob_proph_v2(2)] = '1' or [antimicrob_proph_v2(3)] = '1' or [antimicrob_proph_v2(4)] = '1' or [antimicrob_proph_v2(5)] = '1',,,,,,
ae_antiinfect_v2_0c4248,antimicrobial_medications_annual_form_1,,radio,Did the patient experience any adverse reactions to antimicrobial medications this year?,"1, Yes | 0, No",,,,,,[procedure_9_v2] = 'ncit_c94242',,,,,,
type_reaction_antiinfect_v2_68191e,antimicrobial_medications_annual_form_1,,checkbox,What type of reaction was observed?,"1, Allergic reaction (anaphylaxis, hives, oedema) | 2, GI symptoms (nausea, vomiting,diarrhea) | 3, Cardiovascular symptoms | 99, Other - Please specify",,,,,,[ae_antiinfect_v2_0c4248] = '1',,,,,,
other_antimicrob_effects_v2,antimicrobial_medications_annual_form_1,,checkbox,Other,"1, C.difficile | 2, Rash | 3, Steven Johnson syndrome/toxic epidermal necrolysis | 4, please specify {other_reaction_antiinf_v2_975169}",,,,,,[procedure_9_v2] = 'ncit_c94242' and [type_reaction_antiinfect_v2_68191e(99)] = '1',,,,,,
other_reaction_antiinf_v2_975169,antimicrobial_medications_annual_form_1,,text,"Please, specify",,,,,,,,,,,,,
date_antimicrobial_form_v2,antimicrobial_medications_annual_form,,text,Date of completing this form.,,,date_dmy,,,,,,,,,,
procedure_8_v2,antimicrobial_medications_annual_form,,radio,"Has the patient taken any antimicrobial medication for the infection treatment in the past year? (antibiotics, antifungals, antivirals)","ncit_c94242, Yes | 0, No | 2, don't know",,,,,,,,,,,,
courses_of_antimicrobials_v2,antimicrobial_medications_annual_form,,text,How many treatment courses of antimicrobials has the patient required for active infection in the past year?,,,integer,,,,[procedure_8_v2] = 'ncit_c94242',,,,,,
antimicrob_past_year_v2,antimicrobial_medications_annual_form,,notes,"Please indicate what antimicrobials that patient has received for active infection (antibiotics, antivirals, anti-fungals and systemic) in the past year:",,,,,,,[procedure_8_v2] = 'ncit_c94242',,,,,,
antimicrobial_purpose_v2,antimicrobial_medications_annual_form,,checkbox,What was the purpose of the antimicrobial? Check all that apply.,"1, Acute Infection | 2, Chronic Infection | 3, don't know",,,,,,[procedure_8_v2] = 'ncit_c94242',,,,,,@NONEOFTHEABOVE=4
outcome_antiinfect_v2,antimicrobial_medications_annual_form,,radio,What was the outcome of treatment of acute infection?,"1, Infection resolved | 2, Infection unresolved | 3, don't know",,,,,,[antimicrobial_purpose_v2(1)] = '1',,,,,,
outcome_antiinfect_chr_v2,antimicrobial_medications_annual_form,,radio,What was the outcome of treatment of chronic infection?,"1, Infection resolved | 2, Infection unresolved | 3, don't know",,,,,,[antimicrobial_purpose_v2(2)] = '1',,,,,,
procedure_14_v2,antimicrobial_medications_annual_form,,radio,"Has the patient taken any antimicrobial medication for the prophylaxis in the past year? (antibiotics, antifungals, antivirals)","ncit_c94242, Yes | 0, No | 2, don't know",,,,,,,,,,,,
courses_of_antimicrobials_2_v2,antimicrobial_medications_annual_form,,text,How many treatment courses of antimicrobials has the patient received for prophylaxis in the past year?,,,integer,,,,[procedure_8_v2] = 'ncit_c94242',,,,,,
indicate_antimicrobials_2_v2,antimicrobial_medications_annual_form,,notes,"Please indicate what antimicrobials that patient has received (antibiotics, antivirals, antibacterial, anti-fungals and systemic) for prophylaxis in the past year:",,,,,,,[procedure_8_v2] = 'ncit_c94242',,,,,,
ae_antiinfect_v2,antimicrobial_medications_annual_form,,radio,Did the patient experience any adverse reactions to antimicrobial medications?,"1, Yes | 0, No | 2, don't know",,,,,,[procedure_8_v2] = 'ncit_c94242',,,,,,
type_reaction_antiinfect_v2,antimicrobial_medications_annual_form,,checkbox,What type of reaction was observed?,"1, Allergic reaction (anaphylaxis, hives, oedema) | 2, GI symptoms (nausea, vomiting) | 3, Cardiovascular symptoms | 99, Other - Please specify: {other_reaction_antiinf_v2}",,,,,,[ae_antiinfect_v2] = '1',,,,,,
other_reaction_antiinf_v2,antimicrobial_medications_annual_form,,text,"Other reaction to medication, please describe:",,,,,,,[type_reaction_antiinfect_v2(99)]=1,,,,,,
date_ig_form,immunoglobulin_infusions,,text,Date of completing this form.,,,date_dmy,,,,,,,,,,
procedure_10,immunoglobulin_infusions,,radio,Has the patient ever received immunoglobulin (Ig) replacement therapy?,"ncit_c62710, Yes | 2, No | 3, don't know",,,,,,,,,,,,
currently_ig_therapy,immunoglobulin_infusions,,radio,Is the patient currently on Ig therapy?,"ncit_c62710, Yes | 2, No | 3, don't know",,,,,,[procedure_10] = 'ncit_c62710',,,,,,
date_ig_initiation,immunoglobulin_infusions,,descriptive,"What date was the Ig replacement therapy initiated? (estimate if necessary)
Month{iginitationmonth} Year{iginititationyear}",,! indicate month and year only : 01-M-Y,,,,,[procedure_10] = 'ncit_c62710' or [currently_ig_therapy] = 'ncit_c62710',,,,,,
iginitationmonth,immunoglobulin_infusions,,dropdown,Month,"01, January | 02, February | 03, March | 04, April | 05, May | 06, June | 07, July | 08, August | 09, September | 10, October | 11, November | 12, December | 13, Unknown",,,,,,,,,,,,
iginititationyear,immunoglobulin_infusions,,text,Year,,,integer,1900,2030,,,,,,,,
ig_termination,immunoglobulin_infusions,,descriptive,"What date was the Ig replacement therapy stopped? (estimate if necessary)
Month{igterminationmonth} Year{igterminationyear}",,! indicate month and year only : 01-M-Y,,,,,[currently_ig_therapy] = 2,,,,,,
igterminationmonth,immunoglobulin_infusions,,dropdown,Month,"01, January | 02, February | 03, March | 04, April | 05, May | 06, June | 07, July | 08, August | 09, September | 10, October | 11, November | 12, December | 13, Unknown",,,,,,,,,,,,
igterminationyear,immunoglobulin_infusions,,text,Year,,,integer,1900,2030,,,,,,,,
dose_gkg,immunoglobulin_infusions,,text,"What is the most recent monthly equivalent dose the patient has received (in g/kg/month)?

For example, if a 15 kg patient is on SCIG 30 g weekly:
They are receiving 30 g/week divided by 15 kg = 2 g/kg/week = 8 g/kg/month",,,number,,,,[procedure_10] = 'ncit_c62710' or [currently_ig_therapy] = 'ncit_c62710',,,,,,
current_iggrt,immunoglobulin_infusions,,checkbox,What route is currently being used for Ig replacement therapy for this patient?,"1, IV | 2, Subcutaneous | 3, Hyaluronidase-facilitated SC | 4, Intramuscular | 99, Other - Please specify {other_route_ig_replacement} | 5, don't know",,,,,,[currently_ig_therapy] = 'ncit_c62710',,,,,,
other_route_ig_replacement,immunoglobulin_infusions,,text,please specify,,,,,,,,,,,,,
ig_route,immunoglobulin_infusions,,checkbox,"What route has been used for Ig replacement therapy for this patient in the past?
Check all that apply","1, IV | 2, Subcutaneous | 3, Hyaluronidase-facilitated SC | 4, Intramuscular | 5, don't know | 99, Other - Please specify {ig_route_other}",,,,,,[procedure_10] = 'ncit_c62710' or [currently_ig_therapy] = 'ncit_c62710' or [currently_ig_therapy] = '2',,,,,,
ig_route_other,immunoglobulin_infusions,,text,Other IgG route,,,,,,,,,,,,,
frequency_ig,immunoglobulin_infusions,,text,"For current or the most recent IgG replacement, how frequently has it been given, in days?",,,integer,,,,[procedure_10] = 'ncit_c62710' or [currently_ig_therapy] = 'ncit_c62710',,,,,,
ivig_port,immunoglobulin_infusions,,radio,Was a central line placed specifically for Intavenous Immunoglobulin (IVIG)?,"1, Yes | 2, No | 3, don't know",,,,,,[current_iggrt(1)] = '1' or [ig_route(1)] = '1',,,,,,
reaction_ig,immunoglobulin_infusions,,radio,Did the patient experience an adverse reaction to the Ig replacement therapy?,"1, Yes | 2, No | 3, don't know",,,,,,[procedure_10] = 'ncit_c62710' or [currently_ig_therapy] = 'ncit_c62710',,,,,,
ar_ig,immunoglobulin_infusions,,checkbox,"What type of adverse reaction did the patient experience?
Check all that apply","1, Local reaction (pain, swelling) | 2, Anaphylaxis, hives, angioedema | 3, Flair up of underlying disease | 4, Fever | 99, Other - Please specify: {other_ar_ig} | 5, don't know",,,,,,[reaction_ig] = '1',,,,,,
other_ar_ig,immunoglobulin_infusions,,text,What other adverse reaction,,,,,,,,,,,,,
severity_ar,immunoglobulin_infusions,,radio,What was the severity of the adverse reaction?,"1, Mild (noted, but required no intervention) | 2, Moderate (required medical intervention) | 3, Severe (required hospitalization) | 4, don't know",,,,,,[reaction_ig] = '1',,,,,,
date_ig_form_v2,immunoglobulin_infusions_annual_form,,text,Date of completing this form.,,,date_dmy,,,,,,,,,,
currently_ig_therapy_v2,immunoglobulin_infusions_annual_form,,radio,Is the patient currently on immunoglobulin (Ig) replacement therapy?,"ncit_c62710, Yes | 2, No | 3, don't know",,,,,,,,,,,,
date_ig_initiation_v2,immunoglobulin_infusions_annual_form,,descriptive,"What date was the Ig replacement therapy initiated? (estimate if necessary)
Month{igreplaceinitialmonth} Year{igreplaceinitialyear}",,! indicate month and year only : 01-M-Y,,,,,[currently_ig_therapy_v2] = 'ncit_c62710',,,,,,
igreplaceinitialmonth,immunoglobulin_infusions_annual_form,,dropdown,Month,"01, January | 02, February | 03, March | 04, April | 05, May | 06, June | 07, July | 08, August | 09, September | 10, October | 11, November | 12, December | 13, Unknown",,,,,,,,,,,,
igreplaceinitialyear,immunoglobulin_infusions_annual_form,,text,Year,,,integer,1900,2030,,,,,,,,
ig_termination_v2,immunoglobulin_infusions_annual_form,,descriptive,"What date was the Ig replacement therapy stopped? (estimate if necessary)
Month{igreplacestopmonth} Year{igreplacestopyear}",,! indicate month and year only : 01-M-Y,,,,,[currently_ig_therapy_v2] = 2,,,,,,
igreplacestopmonth,immunoglobulin_infusions_annual_form,,dropdown,Month,"01, January | 02, February | 03, March | 04, April | 05, May | 06, June | 07, July | 08, August | 09, September | 10, October | 11, November | 12, December | 13, Unknown",,,,,,,,,,,,
igreplacestopyear,immunoglobulin_infusions_annual_form,,text,Year,,,integer,1900,2030,,,,,,,,
dose_gkg_v2,immunoglobulin_infusions_annual_form,,text,"What is the most recent monthly equivalent dose the patient has received (in g/kg/month)?

For example, if a 15 kg patient is on SCIG 30 g weekly:
They are receiving 30 g/week divided by 15 kg = 2 g/kg/week = 8 g/kg/month",,,number,,,,[currently_ig_therapy_v2] = 'ncit_c62710',,,,,,
current_iggrt_v2,immunoglobulin_infusions_annual_form,,checkbox,What route is currently being used for Ig replacement therapy for this patient?,"1, IV | 2, Subcutaneous | 3, Hyaluronidase-facilitated SC | 4, Intramuscular | 99, Other - Please specify {current_route_ig} | 5, don't know",,,,,,[currently_ig_therapy_v2] = 'ncit_c62710',,,,,,
current_route_ig,immunoglobulin_infusions_annual_form,,text,please specify,,,,,,,,,,,,,
frequency_ig_v2,immunoglobulin_infusions_annual_form,,text,"For current or the most recent IgG replacement, how frequently has it been given, in days?",,,integer,,,,[currently_ig_therapy_v2] = 'ncit_c62710',,,,,,
ivig_port_v2,immunoglobulin_infusions_annual_form,,radio,Was a central line placed specifically for IVIG?,"1, Yes | 2, No | 3, don't know",,,,,,[current_iggrt_v2(1)] = '1',,,,,,
reaction_ig_v2,immunoglobulin_infusions_annual_form,,radio,Did the patient experience an adverse reaction to the Ig replacement therapy?,"1, Yes | 2, No | 3, don't know",,,,,,[currently_ig_therapy_v2] = 'ncit_c62710',,,,,,
ar_ig_v2,immunoglobulin_infusions_annual_form,,checkbox,"What type of adverse reaction did the patient experience?
Check all that apply","1, Local reaction (pain, swelling) | 2, Anaphylaxis, hives, angioedema | 3, Flair up of underlying disease | 4, Fever | 99, Other - Please specify: {other_ar_ig_v2} | 5, don't know",,,,,,[reaction_ig_v2] = '1',,,,,,
other_ar_ig_v2,immunoglobulin_infusions_annual_form,,text,What other adverse reaction,,,,,,,,,,,,,
severity_ar_v2,immunoglobulin_infusions_annual_form,,radio,What was the severity of the adverse reaction?,"1, Mild (noted, but required no intervention) | 2, Moderate (required medical intervention) | 3, Severe (required hospitalization) | 4, don't know",,,,,,[reaction_ig_v2] = '1',,,,,,
date_transfusion_form,transfusion_treatments,,text,Date of completing this form.,,,date_dmy,,,,,,,,,,
procedure_11,transfusion_treatments,,radio,Has the patient received a blood transfusion?,"ncit_c15192, Yes | 0, No | 2, don't know",,,,,,,,,,,,
procedure_11_type1,transfusion_treatments,,checkbox,"Please, select the types of transfusion the patient has ever received ","ncit_c15409, Red Blood Cells | ncit_c15366, Platelets | ncit_c116475, Plasma | ncit_c62749, Whole Blood | snomedct_35108008, Granulocytes | snomedct_261665006, Unknown Type | loinc_la46-8, Other {other_transfusion}",You can select multiple by selecting one.,,,,,[procedure_11] = 'ncit_c15192',,,,,,@NONEOFTHEABOVE=6
other_transfusion,transfusion_treatments,,text,Other,,,,,,,,,,,,,
ad_ev_transf,transfusion_treatments,,notes,"Please, describe if patient had any adverse event after transfusion",,,,,,,[procedure_11] = 'ncit_c15192',,,,,,
completion_date_immunmodmed,immunomodulator_medication,,text,"Date of completing this form.	

",,,date_dmy,,,,,,,,,,
procedure_12,immunomodulator_medication,"Please complete a separate form for each immunomodulator. 

Immunomodulators are medications such as: 
1. glucocorticoids, eg. prednisone
2. biologics, eg. rituximab, infliximab; 
3. cyclosporine, sirolimus, tacrolimus, methotrexate etc.
4. check-point inhibitor: eg. ruxolitinib

",radio,Has the patient ever received an immunomodulator?,"ncit_c116540, Yes | 0, No",,,,,,,,,,,,
procedure_12_date,immunomodulator_medication,,descriptive,"When was the immunomodulator started?  Estimate if necessary
Month{immunomodperscribemonth} Year{immunomodperscribeyear}",,! indicate month and year only : 01-M-Y,,,,,[procedure_12] = 'ncit_c116540',,,,,,
immunomodperscribemonth,immunomodulator_medication,,dropdown,Month,"01, January | 02, February | 03, March | 04, April | 05, May | 06, June | 07, July | 08, August | 09, September | 10, October | 11, November | 12, December | 13, Unknown",,,,,,,,,,,,
immunomodperscribeyear,immunomodulator_medication,,text,year,,,integer,1900,2030,,,,,,,,
procedure_12_name,immunomodulator_medication,,text,Which Immunmodulator therapy was given?,,Please specify as much as possible.,,,,,[procedure_12] = 'ncit_c116540',,,,,,
imm_purpose,immunomodulator_medication,,radio,"Why was the immunomodulator medication prescribed?

If used for more than one indication, complete separate forms for each indication. ","1, Treat Disease - Please specify the disease: {tx_disease} | 2, Prophylaxis - Please specify the type of prophylaxis: {prophylaxis} | 3, Hematopoietic stem cell transplant | 4, Organ transplant | 5, Other - Please specify why the immunomodulator medication was prescribed: {other_imm_tx} | 6, don't know",,,,,,[procedure_12] = 'ncit_c116540',,,,,,@NONEOFTHEABOVE=8
other_imm_tx,immunomodulator_medication,,text,,,,,,,,,,,,,,
nt_improvement,immunomodulator_medication,,radio,"After administration, did the patient experience improvement?","1, Yes | 0, No | 2, don't know",,,,,,[procedure_12] = 'ncit_c116540',,,,,,
reaction_nt,immunomodulator_medication,,radio,"After administration, did the patient experience any adverse reactions to the immunomodulator medication?","1, Yes | 0, No | 2, Unknown",,,,,,[procedure_12] = 'ncit_c116540',,,,,,
type_ar,immunomodulator_medication,,checkbox,What type of adverse reaction did the patient experience?,"1, Allergic reaction (anaphylaxis, hives, oedema) | 2, GI symptoms (nausea, vomiting) | 3, Cardiovascular symptoms | 4, Other - Please specify: {rxn_immunomodulator} | 5, don't know",,,,,,[procedure_12] = 'ncit_c116540' and [reaction_nt] = '1',,,,,,
tx_disease,immunomodulator_medication,,text,"Please, indicate the type of disease",,,,,,,,,,,,,
prophylaxis,immunomodulator_medication,,text,Type of prophylaxis,,,,,,,,,,,,,
rxn_immunomodulator,immunomodulator_medication,,text,rxn_immunomodulator,,,,,,,[type_ar(4)]=1,,,,,,
completion_date_surgery,surgeries_and_procedures,,text,Date of completing this form.,,,date_dmy,today,today,,,,,,,,
sx_instruct,surgeries_and_procedures,,descriptive,"Please complete a separate form for each surgery or procedure. 

Only include surgeries/procedures related to the patient's immune disorder. 
eg do not include regular screening colonoscopies, surgeries for traumas, etc",,,,,,,,,,,,,
procedure_13,surgeries_and_procedures,,radio,"Has the patient received any surgical treatment or procedure (ex. splenectomy) ?
","ncit_c15329, Yes | 0, No | 2, don't know",,,,,,,,,,,,
procedure_13_date,surgeries_and_procedures,,descriptive,"Please indicate the date of the procedure
Month{surgeryprocmonth} Year{surgeryprocyear}",,! indicate month and year only : 01-M-Y,,,,,[procedure_13] = 'ncit_c15329',,,,,,
surgeryprocmonth,surgeries_and_procedures,,dropdown,Month,"01, January | 02, February | 03, March | 04, April | 05, May | 06, June | 07, July | 08, August | 09, September | 10, October | 11, November | 12, December | 13, Unknown",,,,,,,,,,,,
surgeryprocyear,surgeries_and_procedures,,text,Year,,,,,,,,,,,,,
surg_proced,surgeries_and_procedures,,notes,Please indicate what surgical procedure was done and why,,,,,,,[procedure_13] = 'ncit_c15329',,,,,,
nutritional_form,nutritional_support,,text,Date of completing this form.,,,date_dmy,,,,,,,,,,
procedure_15,nutritional_support,,radio,"Has the patient ever required supplemental nutritional support? (supplemental formulas, nasogastric (NG) gastrostomy (G) tube feeds, etc.)","1, Yes | 0, No | 2, don't know",,,,,,,,,,,,
procedure_15_type,nutritional_support,,checkbox,"What types of nutritional support has the patient required?
Only one type of nutritional support can be completed at a time. Use multiple forms as required.","1, Supplementation by mouth (eg. formula, high calorie supplements) | 2, NG tube feeds | 3, G tube feeds | 4, GastroJejunal (GJ) tube feeds | 5, Parenteral  (PN), IV nutrition | 99, Other - Please specify: {other_nutrition}",,,,,,[procedure_15] = '1',,,,,,
other_nutrition,nutritional_support,,text,other nutrition,,,,,,,,,,,,,
procedure_15_start,nutritional_support,,descriptive,"When did the nutritional support begin?
Month{nutritionsupportstartmonth} Year{nutritionsupportstartyear}",,! indicate month and year only : 01-M-Y,,,,,[procedure_15_type(1)] = '1' or [procedure_15_type(2)] = '1' or [procedure_15_type(3)] = '1' or [procedure_15_type(4)] = '1' or [procedure_15_type(5)] = '1' or [procedure_15_type(99)] = '1',,,,,,
nutritionsupportstartmonth,nutritional_support,,dropdown,Month,"01, January | 02, February | 03, March | 04, April | 05, May | 06, June | 07, July | 08, August | 09, September | 10, October | 11, November | 12, December | 13, Unknown",,,,,,[procedure_15_type(1)] = '1' or [procedure_15_type(2)] = '1' or [procedure_15_type(3)] = '1' or [procedure_15_type(4)] = '1' or [procedure_15_type(5)] = '1' or [procedure_15_type(99)] = '1',,,,,,
nutritionsupportstartyear,nutritional_support,,text,Year,,,integer,1900,2030,,[procedure_15_type(1)] = '1' or [procedure_15_type(2)] = '1' or [procedure_15_type(3)] = '1' or [procedure_15_type(4)] = '1' or [procedure_15_type(5)] = '1' or [procedure_15_type(99)] = '1',,,,,,
nutrition_still_needed,nutritional_support,,radio,Is the nutritional support still needed?,"1, Yes | 2, No | 3, don't know",,,,,,[procedure_15_type(1)] = '1' or [procedure_15_type(2)] = '1' or [procedure_15_type(3)] = '1' or [procedure_15_type(4)] = '1' or [procedure_15_type(5)] = '1' or [procedure_15_type(99)] = '1',,,,,,
n_support_end,nutritional_support,,descriptive,"When did the nutritional support end? 
Month {month_nutrition_end} Year {year_nutrition_end}",,,,,,,[nutrition_still_needed] = '2',,,,,,
month_nutrition_end,nutritional_support,,dropdown,Month,"1, January | 2, February | 3, March | 4, April | 5, May | 6, June | 7, July | 8, August | 9, September | 10, October | 11, November | 12, December",,,,,,[nutrition_still_needed] = '2',,,,,,
year_nutrition_end,nutritional_support,,text,Year,,,integer,,,,[nutrition_still_needed] = '2',,,,,,
date_respiratory_support,respiratory_support,,text,Date of completing this form.,,,date_dmy,,,,,,,,,,
procedure_16,respiratory_support,,radio,Has the patient ever received respiratory support?,"ncit_c15322, Yes | 0, No | 2, don't know",,,,,,,,,,,,
procedure_16_type,respiratory_support,,checkbox,What type of respiratory support has the patient received?,"ncit_c171507, ECMO (extracorporeal membrane oxygenation) | ncit_c37981, Intubation | ncit_c124040, Continuous Positive Airway Pressure (CPAP) | ncit_c124039, Bilevel Positive Airway Pressure (BiPAP) | ncit_c94624, Oxygen | 99, Other - Please specify: {resp_other}",,,,,,[procedure_16] = 'ncit_c15322',,,,,,
resp_other,respiratory_support,,text,respiratory other,BIOPORTAL:NCIT,,,,,,,,,,,,
procedure_16_start,respiratory_support,,descriptive,"When did the respiratory support begin?
Month{respstartmonth} Year{respstartyear} ",,! indicate month and year only : 01-M-Y,,,,,[procedure_16] = 'ncit_c15322',,,,,,
respstartmonth,respiratory_support,,dropdown,Month,"01, January | 02, February | 03, March | 04, April | 05, May | 06, June | 07, July | 08, August | 09, September | 10, October | 11, November | 12, December | 13, Unknown",,,,,,,,,,,,
respstartyear,respiratory_support,,text,Year,,,integer,1900,2030,,,,,,,,
resp_support_needed,respiratory_support,,radio,Is the respiratory support still needed?,"1, Yes | 2, No | 3, don't know",,,,,,[procedure_16] = 'ncit_c15322',,,,,,
procedure_16_end,respiratory_support,,descriptive,"When did the respiratory support end?
Month{respendmonth} Year{respendyear}",,! indicate month and year only : 01-M-Y,,,,,[resp_support_needed]=2,,,,,,
respendmonth,respiratory_support,,dropdown,Month,"01, January | 02, February | 03, March | 04, April | 05, May | 06, June | 07, July | 08, August | 09, September | 10, October | 11, November | 12, December | 13, Unknown",,,,,,,,,,,,
respendyear,respiratory_support,,text,Year,,,integer,1900,2030,,,,,,,,
completion_date_hsct,hematopoietic_stem_cells_transplantation,,text,Date of completing this form.,,,date_dmy,,,,,,,,,,
procedure_17,hematopoietic_stem_cells_transplantation,Complete a different form for each HSCT,radio,Has the patient undergone a Hematopoietic Stem Cell transplantation (HSCT)?,"ncit_c15431, Yes | 0, No | 2, don't know",,,,,,,,,,,,
what_transplant_number,hematopoietic_stem_cells_transplantation,,radio,"Enter the HSCT you are completing this form for.
Please complete a form for each transplant.
","1, First transplant | 2, Second transplant | 3, Third transplant | 99, Other - Please specify: {transplant_number}",,,,,,[procedure_17] = 'ncit_c15431',,,,,,
transplant_number,hematopoietic_stem_cells_transplantation,,text,transplant_number,,,,,,,,,,,,,
reason_sct,hematopoietic_stem_cells_transplantation,,checkbox,What were the most significant reasons for HSCT?,"1, Immune deficiency | 2, Malignancy | 3, Autoimmunity | 4, Other {other_reason_hsct} | 5, don't know",,,,,,[procedure_17] = 'ncit_c15431',,,,,,
other_reason_hsct,hematopoietic_stem_cells_transplantation,,notes,Other reason for HSCT,,,,,,,,,,,,,
procedure_17_date,hematopoietic_stem_cells_transplantation,,descriptive,"What is day 0 of the HSCT?
Month{day0month} Year{day0year}",,! indicate month and year only : 01-M-Y,,,,,[procedure_17] = 'ncit_c15431',,,,,,
day0month,hematopoietic_stem_cells_transplantation,,dropdown,Month,"01, January | 02, February | 03, March | 04, April | 05, May | 06, June | 07, July | 08, August | 09, September | 10, October | 11, November | 12, December | 13, Unknown",,,,,,,,,,,,
day0year,hematopoietic_stem_cells_transplantation,,text,Year,,,integer,1900,2030,,,,,,,,
donor_relationship,hematopoietic_stem_cells_transplantation,,radio,Please indicate who the donor was:,"1, Sibling donor | 2, Mother | 3, Father | 4, Other relative | 5, Unrelated | 6, don't know",,,,,,[procedure_17] = 'ncit_c15431',,,,,,
match_level,hematopoietic_stem_cells_transplantation,,radio,Please indicate the Human Leukocyte Antigens (HLA) match,"1, 9/10 | 2, 10/10 | 3, Haploidentical | 4, Umbilical cord blood | 5, Other {hla_match} | 6, don't know",,,,,,[procedure_17] = 'ncit_c15431',,RH,,,,
hla_match,hematopoietic_stem_cells_transplantation,,text,What other type of HLA match,,,,,,,[match_level] = '5',,RH,,,,
source_graft,hematopoietic_stem_cells_transplantation,,radio,What is the source of graft?,"1, Bone marrow | 2, Mobilized peripheral blood stem cells | 3, Umbilical cord blood | loinc_Ia46-8, Other {other_graft} | 5, don't know",,,,,,[procedure_17] = 'ncit_c15431',,,,,,
other_graft,hematopoietic_stem_cells_transplantation,,text,other,,,,,,,,,,,,,
stem_cell_purification,hematopoietic_stem_cells_transplantation,,radio,Please indicate the Stem Cells manipulation:,"1, Unfractionated | 2, CD34 Enriched | 3, T Cell Depleted | 4, don't know",,,,,,[procedure_17] = 'ncit_c15431',,,,,,
what_conditioning_used,hematopoietic_stem_cells_transplantation,,radio,What type of conditioning was used?,"1, Myeloablative | 2, Reduced Intensity conditioning | 3, Immunosuppression only | 4, No conditioning | 5, Other {other_conditioning} | 6, don't know",,,,,,[procedure_17] = 'ncit_c15431',,,,,,
other_conditioning,hematopoietic_stem_cells_transplantation,,text,What other type of conditioning,,,,,,,,,,,,,
radiation_conditioning,hematopoietic_stem_cells_transplantation,,radio,Was radiation used during conditioning?,"1, Yes | 0, No | 2, don't know",,,,,,[procedure_17] = 'ncit_c15431',,,,,,
did_engraftment_occur,hematopoietic_stem_cells_transplantation,,radio,Did the patient have graft failure?,"1, Yes | 0, No | 2, don't know",,,,,,[procedure_17] = 'ncit_c15431',,,,,,
gvhd,hematopoietic_stem_cells_transplantation,,radio,Did the patient experience Graft vs Host Disease (GVHD)?,"mondo_0013730, Yes | 0, No",,,,,,[procedure_17] = 'ncit_c15431',,,,,,
type_gvhd,hematopoietic_stem_cells_transplantation,,checkbox,Please indicate the type of GVHD,"1, Acute grade I or II | 2, Acute grade III | 3, Acute grade IV | 4, Chronic | 5, Other {other_gvhd}",,,,,,[gvhd] = 'mondo_0013730',,,,,,
other_gvhd,hematopoietic_stem_cells_transplantation,,text,Please specify what other type of GVHD the patient experienced:,BIOPORTAL:SNOMEDCT,,,,,,[type_gvhd(5)] = '1',,,,,,
hct_complic,hematopoietic_stem_cells_transplantation,,notes,Please describe any other features or complications of Hematopoietic Stem Cell Transplantation (HSCT),,,,,,,[procedure_17] = 'ncit_c15431',,,,,,
hct_benefit,hematopoietic_stem_cells_transplantation,,dropdown,Was there benefit from HCT?,"1, Yes | 2, No | 3, Partial | 4, Cannot be evaluated | 5, Unknown",,,,,,,,,,,,
sct_not_performed,hematopoietic_stem_cells_transplantation,,radio,Was a transplant considered and not performed?,"1, Yes | 0, No",,,,,,[procedure_17] = '0' or [procedure_17] = '2',,,,,,
reason_not_hsct,hematopoietic_stem_cells_transplantation,,checkbox,"If a transplant was considered and not performed, why was it not performed?","1, Lack of donor | 2, Age or condition of the patient | 3, Unfavorable probability of success | 4, Patient preference | 99, Other - Please specify: {other_not_hsct} | 5, don't know",,,,,,[sct_not_performed] = '1',,,,,,
other_not_hsct,hematopoietic_stem_cells_transplantation,,text,"Other reason, HSCT is not performed",,,,,,,,,,,,,
completion_date_sot,solid_organ_transplantation_therapy,,text,Date of completing this form.,,,date_dmy,,,,,,,,,,
procedure_18,solid_organ_transplantation_therapy,"Please complete a separate form for each solid organ transplant (heart, kidney, liver, lung, pancreas, or intestine)",radio,Has the patient undergone a solid organ transplant?,"ncit_c191377, Yes | 0, No | 2, don't know",,,,,,,,,,,,
procedure_18_date,solid_organ_transplantation_therapy,,descriptive,"What is the date of solid organ transplant?
Month{sotmonth} Year{sotyear} ",,! indicate month and year only : 01-M-Y,,,,,[procedure_18] = 'ncit_c191377',,,,,,
sotmonth,solid_organ_transplantation_therapy,,dropdown,Month,"01, January | 02, February | 03, March | 04, April | 05, May | 06, June | 07, July | 08, August | 09, September | 10, October | 11, November | 12, December | 13, Unknown",,,,,,,,,,,,
sotyear,solid_organ_transplantation_therapy,,text,Year,,,integer,1900,2030,,,,,,,,
number_transplant,solid_organ_transplantation_therapy,,radio,What solid organ transplant number is this?,"1, First transplant | 2, Second transplant | 99, Other - Please specify: {transplant_number_organ}",,,,,,[procedure_18] = 'ncit_c191377',,,,,,
transplant_number_organ,solid_organ_transplantation_therapy,,text,transplant_number,,,,,,,,,,,,,
reason_solid_transplant,solid_organ_transplantation_therapy,,radio,What is the most significant reason for a transplant?,"1, Thymic aplasia | 2, Organ failure or damage | 3, Congenital abnormality | 99, Other {other_reason_solid} | 5, don't know",,,,,,[procedure_18] = 'ncit_c191377',,,,,,
other_reason_solid,solid_organ_transplantation_therapy,,text,What is the other reason for solid transplant,"1,",,,,,,,,,,,,
solid_donor_relation,solid_organ_transplantation_therapy,,radio,Please indicate who the donor was,"1, Cadaver | 2, Living Related | 3, Living Unrelated | 4, don't know",,,,,,[procedure_18] = 'ncit_c191377',,,,,,
source_solid_organ,solid_organ_transplantation_therapy,,checkbox,What solid organ was transplanted?,"1, Kidney | 2, Liver | 3, Lung | 4, Heart | 5, Cornea | 6, Thymus | 7, Intestines | 99, Other - Please specify: {other_solid_organ}",,,,,,[procedure_18] = 'ncit_c191377',,,,,,
other_solid_organ,solid_organ_transplantation_therapy,,text,What other organ:,,,,,,,,,RH,,,,
solid_organ_outcome,solid_organ_transplantation_therapy,,radio,What was the outcome?,"1, Stable with good function | 2, Stable with partial function | 3, Not stable/re-transplant probable | 4, Rejected | 5, don't know",,,,,,[procedure_18] = 'ncit_c191377',,,,,,
transplant_not_performed,solid_organ_transplantation_therapy,,radio,Was a transplant considered and not performed?,"1, Yes | 0, No",,,,,,[procedure_18] = '2',,RH,,,,
not_organ_transplant,solid_organ_transplantation_therapy,,checkbox,What is the reason for not performing the transplant?,"1, Lack of donor | 2, Age or condition of the patient | 3, Unfavorable probability of success | 4, Patient preference | 5, Not eligible due to medical status (eg. alloantibodies) | 99, Other - Please specify: {other_not_organ_transplant} | 6, don't know",,,,,,[transplant_not_performed] = '1',,,,,,
other_not_organ_transplant,solid_organ_transplantation_therapy,,text,What is the other reason for not performing a solid organ transplant,,,,,,,,,RH,,,,
please_describe_the_reason,solid_organ_transplantation_therapy,,notes,"Please, describe any additional comments ",,,,,,,[procedure_18] = 'ncit_c191377',,,,,,
completion_date_gene,gene_therapy,,text,Date of completing this form.,,,date_dmy,,,,,,,,,,
procedure_19,gene_therapy,,radio,Has the patient undergone gene therapy?,"ncit_c15238, Yes | 0, No | 2, don't know",,,,,,,,,,,,
procedure_19_date,gene_therapy,,descriptive,"What is the date of gene therapy?
Month{genethmonth} Year {genethyear}",,! indicate month and year only : 01-M-Y,,,,,[procedure_19] = 'ncit_c15238',,,,,,
genethmonth,gene_therapy,,dropdown,Month,"01, January | 02, February | 03, March | 04, April | 05, May | 06, June | 07, July | 08, August | 09, September | 10, October | 11, November | 12, December | 13, Unknown",,,,,,,,,,,,
genethyear,gene_therapy,,text,Year,,,integer,1900,2030,,,,,,,,
specify_gene,gene_therapy,,text,Please specify the gene:,,,,,,,[procedure_19] = 'ncit_c15238',,,,,,
vector_type,gene_therapy,,radio,Please specify the vector type:,"1, Gamma-retrovirus | 2, Lentivirus | 3, CRISPR (Clustered Regularly Interspaced Short Palindromic Repeats) | 4, Base editing | 5, Prime editing | 6, Other - Please specify: {other_vector_type} | 7, don't know",,,,,,[procedure_19] = 'ncit_c15238',,,,,,
other_vector_type,gene_therapy,,text,Other vector type:,,,,,,,,,,,,,
clin_trial_gen,gene_therapy,,notes,"Please describe if the gene therapy was done in a clinical trial or using a commercial treatment, and where the treatment was done. If done in a clinical trial, name of the clinical trial.",,,,,,,[procedure_19] = 'ncit_c15238',,,,,,
results_gene_therapy,gene_therapy,,radio,What are the results of the treatment?,"1, Full correction | 2, Partial correction | 3, Disease not corrected | 99, Other - Please specify: {other_results_gene_therapy} | 5, don't know",,,,,,[procedure_19] = 'ncit_c15238',,,,,,
other_results_gene_therapy,gene_therapy,,text,What other results of gene therapy occurred?,,,,,,,[results_gene_therapy] = 99,,,,,,
gene_complication,gene_therapy,,radio,Did the patient have any complications?,"1, Yes | 0, No",,,,,,[procedure_19] = 'ncit_c15238',,,,,,
type_gene_complication,gene_therapy,,checkbox,Please describe the complications,"1, Myelodysplasia | 2, Autoimmunity | 3, Leukemia | 99, Other - Please specify: {other_gene_complication} | 5, don't know",,,,,,[gene_complication] = '1',,,,,,
other_gene_complication,gene_therapy,,text,Please describe other complications,,,,,,,,,,,,,
completion_date_death,death_form,,text,Date of completing this form.,,,date_dmy,,,,,,,,,,completion_date_death
died_yesorno,death_form,,yesno,Has this patient died?,,,,,,,,,,,,,
snomedct_398299004,death_form,,descriptive,"Please, indicate the date of death 
Month{deathmonth} Year{deathyear}",,! indicate month and year only : 01-M-Y,,,,,[died_yesorno] = '1',,,,,,
deathmonth,death_form,,dropdown,Month,"01, January | 02, February | 03, March | 04, April | 05, May | 06, June | 07, July | 08, August | 09, September | 10, October | 11, November | 12, December | 13, Unknown",,,,,,[died_yesorno] = '1',,,,,,
deathyear,death_form,,text,Year,,,integer,1900,2030,,[died_yesorno] = '1',,,,,,
snomedct_184305005,death_form,,checkbox,"Please, indicate the cause(s) of death","snomedct_58606001, Immunodeficiency | mondo_0005070, Malignancy | mondo_0005550, Infection | 4, Autoimmunity ( to code) | loinc_Ia46-8, Other | snomedct_261665006, Unknown",,,,,,[died_yesorno] = '1',,,,,,
snomedct_184305005_other,death_form,,text,"Please, describe the possible cause of death searching in MONDO.",BIOPORTAL:MONDO,,,,,,[died_yesorno] = '1' and [snomedct_184305005(loinc_Ia46-8)] = '1',,,,,,
unknown_death,death_form,,notes,Please describe the situation if the cause of death is unknown,,,,,,,[died_yesorno] = '1' and [snomedct_184305005(snomedct_261665006)] = '1',,,,,,
iei_2022_classification_ht_v2,patient_diagnosiscarrier_status_main,,descriptive,"For detailed information, please visit ___ the 2024 IEI Classification from the IUIS",,,,,,,,,,,,,
iei_deficiency_v2,patient_diagnosiscarrier_status_main,,dropdown,Please choose the IEI deficiency diagnosis or carrier status for participant,"id_cellular_humoral, Immunodeficiencies affecting cellular and humoral immunity | cid, Combined immunodeficiencies with associated or syndromic features | antibody_deficiencies, Predominantly Antibody Deficiencies | def_immune_dysreg, Diseases of Immune Dysregulation | cong_phacocyte_defects, Congenital defects of phagocyte number or function | def_intrins_innate_imm, Defects in intrinsic and innate immunity | autoinflam_disorders, Autoinflammatory Disorders | compl_deficiencies, Complement Deficiencies | bone_marrow_failure, Bone marrow failure | other, Other",Select a group to view the subgroup or list of diseases associated with that category.,,,,,,,,,,,
id_cellular_humoral_v2,patient_diagnosiscarrier_status_main,,dropdown,Select a subgroup to view the list of diseases associated with that category.,"t_b_plus_scid, T-B+ SCID | t_b_minus_scid, T-B- SCID | combined_id_less_prof, Combined Immunodeficiencies Generally Less Profound than Severe Combined Immunodeficiency",,,,,,"[iei_deficiency_v2] = ""id_cellular_humoral""",,,,,,
t_b_plus_scid_v2,patient_diagnosiscarrier_status_main,,dropdown,Please select the appropriate disease from T-B+ SCID,"mondo_0012426, CD3z deficiency | mondo_0014280, CD3d deficiency | mondo_0014278, CD3e deficiency | mondo_0014168, Coronin-1A deficiency | mondo_0010315, gc deficiency (common gamma chain SCID, CD132 deficiency) | mondo_0012163, IL7Ra deficiency | mondo_0800140, ITPKB deficiency | mondo_0010938, JAK3 deficiency | mondo_0044721, LAT deficiency | mondo_0030302, SLP76 deficiency | mondo_0014254, PAX1 deficiency | mondo_0800104, CD45 deficiency",,,,,,"[id_cellular_humoral_v2] = ""t_b_plus_scid""",,,,,,
t_b_minus_scid_v2,patient_diagnosiscarrier_status_main,,dropdown,Please select the appropriate disease from T-B- SCID,"mondo_0007064, Adenosine deaminase (ADA) deficiency | mondo_0009973, Reticular dysgenesis | mondo_0011338, DCLRE1C (Artemis) deficiency | mondo_0011225, DCLRE1C (Artemis) deficiency | mondo_0011686, DNA ligase IV deficiency | mondo_0012650, Cernunnos/XLF deficiency | nudcd3_deficiency, NUDCD3 deficiency | mondo_0014423, DNA PKcs deficiency | mondo_0033554, Activated RAC2 defect | mondo_0000572, RAG1 deficiency | mondo_0000573, RAG2 deficiency",,,,,,"[id_cellular_humoral_v2] = ""t_b_minus_scid""",,,,,,
combined_id_less_prof_v2,patient_diagnosiscarrier_status_main,,dropdown,Please select the appropriate disease from Combined Immunodeficiencies Generally Less Profound than Severe Combined Immunodeficiency,"mondo_0009434, MHC class I deficiency | mondo_0014491, BCL10 deficiency | mondo_0014081, CARD11 deficiency (LOF) | mondo_0014276, CD3g deficiency | mondo_0011735, CD40 deficiency | mondo_0010626, CD40 ligand deficiency (CD154) | mondo_0012161, CD8 deficiency | mondo_0859154, CHUK deficiency | mondo_0013334, CHUK deficiency | mondo_0800136, COPG1 deficiency | mondo_0014637, DOCK2 deficiency | mondo_0009478, DOCK8 deficiency | mondo_0030898, FCHO1 deficiency | mondo_0958194, FOXI3 Haploinsufficiency | mondo_0009413, ICOS deficiency | mondo_0011864, ICOS deficiency | mondo_0970993, ICOLG deficiency | mondo_0014267, IKBKB deficiency (AR) | mondo_0014810, Ikaros deficiency | mondo_0800139, IKZF2 deficiency (AD / AR) | mondo_0014338, IL-21 deficiency | mondo_0014082, IL-21R deficiency | irf4_multimorphic_r95t, IRF4 multimorphic R95T | mondo_0013081, ITK deficiency | mondo_0014334, LCK deficiency | mondo_0014197, MALT1 deficiency | mondo_0800141, MAN2B2 deficiency | mondo_0957535, NIK deficiency | mondo_0010514, Moesin deficiency | nfatc1_deficiency, NFATC1 deficiency | mondo_0970994, Polymerase d 1 deficiency | pold2_deficiency, Polymerase d 2 deficiency | pold3_deficiency, Polymerase d 3 deficiency | mondo_0859276, PRIM1 | mondo_0971001, PSMB10 associated Omenn Syndrome | mondo_0030498, c-Rel deficiency | mondo_0032659, RelA haplosufficiency | mondo_0054696, RelB deficiency | mondo_0971005, MHC class II deficiency group A | mondo_0971013, MHC class II deficiency group B | mondo_0971014, MHC class II deficiency group C | mondo_0971015, MHC class II deficiency group D | mondo_0017925, Rhoh Deficiency | mondo_0024781, SASH3 deficiency | mondo_0013934, MST1 deficiency | mondo_0971006, MHC class I deficiency (TAP1) | mondo_0971011, MHC class I deficiency (TAP2) | mondo_0971012, MHC class I deficiency (TAPBP) | mondo_0014760, TFRC deficiency | mondo_0014268, OX40 deficiency | mondo_0014160, TCR? deficiency | mondo_0010023, ZAP-70 deficiency (ZAP70 LOF) | mondo_0014861, ZAP70 combined hypomorphic GOF",,,,,,"[id_cellular_humoral_v2] = ""combined_id_less_prof""",,,,,,
cid_v2,patient_diagnosiscarrier_status_main,,dropdown,Select a subgroup to view the list of diseases associated with that category.,"immunodef_thrombocyt, Immunodeficiency with Congenital Thrombocytopenia | dna_repair_defects, DNA Repair Defects other than those listed in Table 1 | thymic_defects_anom, Thymic Defects with Additional Congenital Anomalies | immuno_osseous_dys, Immuno-osseous Dysplasias | hyper_ige_syndromes, Hyper IgE Syndromes (HIES) | defects_vit_b12_folate, Defects of Vitamin B12 and Folate Metabolism | eda_id_immunodef, Anhidrotic Ectodermodysplasia with Immunodeficiency (EDA-ID) | calcium_channel_def, Calcium Channel Defects | other_combined_id, Other Combined Immunodeficiencies with Syndromic Features",,,,,,"[iei_deficiency_v2] = ""cid""",,,,,,
immunodef_thrombocyt_v2,patient_diagnosiscarrier_status_main,,dropdown,Please select the appropriate disease from Immunodeficiency with Congenital Thrombocytopenia,"mondo_0060583, ARPC1B deficiency | ikzf2_dn, IKZF2 DN | mondo_0010518, Wiskott-Aldrich syndrome (WAS LOF) | mondo_0013779, WIP deficiency",,,,,,"[cid_v2] = ""immunodef_thrombocyt""",,,,,,
dna_repair_defects_v2,patient_diagnosiscarrier_status_main,,dropdown,Please select the appropriate disease from DNA Repair Defects other than those listed in Table 1,"mondo_0016419, Ataxia-telangiectasia | mondo_0008840, Ataxia-telangiectasia | mondo_0008876, Bloom Syndrome | mondo_0014828, Immunodeficiency with centromeric instability and facial anomalies (ICF3) | mondo_0009454, Immunodeficiency with centromeric instability and facial anomalies (ICF1) | gins4_deficiency, GINS4 deficiency | mondo_0014829, Immunodeficiency with centromeric instability and facial anomalies (ICF4) | mondo_0030693, Ligase I deficiency | mondo_0030266, MCM10 deficiency | mondo_0012383, MCM4 deficiency | mondo_0009623, Nijmegen breakage syndrome | mondo_0014984, NSMCE3 deficiency | mondo_0030843, PMS2 Deficiency | mondo_0013699, PMS2 Deficiency | mondo_0010523, X-linked reticulate pigmentary disorder-POLA1 | mondo_0014058, POLE1 (Polymerase ? subunit 1) deficiency (FILS syndrome) | mondo_0800128, POLE2 (Polymerase ? subunit 2) deficiency | mondo_0013118, RAD50 deficiency | mondo_0009955, Rapadilino Syndrome | mondo_0016369, Rothmund-Thomson syndrome type 2 | mondo_0009039, Baller-Gerold Syndrome | mondo_0012764, RNF168 deficiency (RIDDLE Syndrome) | mondo_0013553, Immunodeficiency with centromeric instability and facial anomalies (ICF2)",,,,,,"[cid_v2] = ""dna_repair_defects""",,,,,,
thymic_defects_anom_v2,patient_diagnosiscarrier_status_main,,dropdown,Please select the appropriate disease from Thymic Defects with Additional Congenital Anomalies,"mondo_0007838, Chromosome 11q deletion syndrome (Jacobsen syndrome) | mondo_0008965, CHARGE syndrome due to CHD7 deficiency | mondo_0011055, Chromosome 10p13-p14 deletion Syndrome (10p13-p14DS) | mondo_0011132, Winged helix FOXN1 deficiency (Nude SCID) | mondo_0032928, FOXN1 Haplosufficiency | mondo_0008564, Chromosome 22q11.2 deletion Syndrome (22q11.2DS) (AKA DiGeorge/velocardiofacial syndrome) | charge_syndrome_sema3e, CHARGE syndrome due to SEMA3E deficiency",,,,,,"[cid_v2] = ""thymic_defects_anom""",,,,,,
immuno_osseous_dys_v2,patient_diagnosiscarrier_status_main,,dropdown,Please select the appropriate disease from Immuno-osseous Dysplasias,"mondo_0044312, Immunoskeletal dysplasia with neurodevelopmental abnormalities (EXTL3 Deficiency) | mondo_0020856, MYSM1 deficiency | mondo_0009595, Cartilage hair hypoplasia (CHH) | mondo_0009191, MOPD1 deficiency (Roifman syndrome) | mondo_0008871, MOPD1 deficiency (Roifman syndrome) | mondo_0009458, Schimke Immuno-osseous Dysplasia",,,,,,"[cid_v2] = ""immuno_osseous_dys""",,,,,,
hyper_ige_syndromes_v2,patient_diagnosiscarrier_status_main,,dropdown,Please select the appropriate disease from Hyper IgE Syndromes (HIES),"mondo_0054697, CARD11 DN LOF | mondo_0958120, ERBIN deficiency | mondo_0030069, IL6 receptor deficiency | mondo_0800131, IL6 signal transducer (IL6ST) deficiency (AR) | mondo_0032796, IL6 signal transducer (IL6ST) deficiency (AD) | mondo_0014353, PGM3 deficiency | mondo_0009735, Comel-Netherton syndrome | mondo_0014414, AD-HIES Job syndrome | mondo_0957807, STAT6 disorder | mondo_0012212, Loeys Dietz syndrome due to TGFBR1 deficiency | mondo_0012427, Loeys Dietz syndrome due to TGFBR2 deficiency | mondo_0032654, ZNF341 deficiency AR-HIES",,,,,,"[cid_v2] = ""hyper_ige_syndromes""",,,,,,
defects_vit_b12_folate_v2,patient_diagnosiscarrier_status_main,,dropdown,Please select the appropriate disease from Defects of Vitamin B12 and Folate Metabolism,"mondo_0060611, Methylene-tetrahydrofolate dehydrogenase 1 (MTHFD1) deficiency | mondo_0957955, Folate malabsorption | mondo_0009238, SLC46A1/PCFT deficiency causing hereditary folate malabsorption | mondo_0010149, Transcobalamin 2 deficiency",,,,,,"[cid_v2] = ""defects_vit_b12_folate""",,,,,,
eda_id_immunodef_v2,patient_diagnosiscarrier_status_main,,dropdown,Please select the appropriate disease from Anhidrotic Ectodermodysplasia with Immunodeficiency (EDA-ID),"mondo_0032599, EDA-ID due to IKBKB GOF mutation | mondo_0020740, EDA-ID due to NEMO/IKBKG deficiency (ectodermal dysplasia, immune deficiency) | mondo_0012806, EDA-ID due to IKBA GOF",,,,,,"[cid_v2] = ""eda_id_immunodef""",,,,,,
calcium_channel_def_v2,patient_diagnosiscarrier_status_main,,dropdown,Please select the appropriate disease from Calcium Channel Defects,"mondo_0800134, CRACR2A deficiency | mondo_0859311, ITPR3 | mondo_0014383, ORAI-1 deficiency | mondo_0013008, STIM1 deficiency",,,,,,"[cid_v2] = ""calcium_channel_def""",,,,,,
other_combined_id_v2,patient_diagnosiscarrier_status_main,,dropdown,Please select the appropriate disease from Other Combined Immunodeficiencies with Syndromic Features,"mondo_0014981, BCL11B deficiency | mondo_0009337, Hennekam-lymphangiectasia-lymphedema syndrome due to CCBE1 deficiency | cd28_deficiency, CD28 deficiency | mondo_0014714, DIAPH1 deficiency | mondo_0009452, Vici syndrome due to EPG5 deficiency | mondo_0014454, Hennekam-lymphangiectasia-lymphedema syndrome due to FAT4 deficiency | mondo_0030333, AIOLOS deficiency | mondo_0010465, Kabuki Syndrome 2 due to KDM6A deficiency | mondo_0011518, Widemann-Steiner syndrome | mondo_0007843, Kabuki Syndrome 1 due to KMT2D deficiency | mondo_0060591, NFE2L2 GOF | mondo_0013171, Purine nucleoside phosphorylase (PNP) deficiency | mondo_0014389, HOIL1 deficiency | mondo_0957981, HOIP deficiency | mondo_0013818, Tricho-hepato-enteric syndrome due to SKIV2L mutations | mondo_0009338, Hepatic veno-occlusive disease with immunodeficiency (VODI) | mondo_0100211, STAT5b deficiency (AR) | mondo_0100219, STAT5b deficiency (AD) | mondo_0024541, Tricho-hepato-enteric syndrome due to TTC37 mutations | mondo_0800030, Immunodeficiency with multiple intestinal atresias | mondo_0014317, BMFS2 (Hebo deficiency) | flt3l_deficiency, FLT3L deficiency | ptcra_deficiency, PTCRA deficiency | mondo_0033203, SGPL1 deficiency",,,,,,"[cid_v2] = ""other_combined_id""",,,,,,
antibody_deficiencies_v2,patient_diagnosiscarrier_status_main,,dropdown,Select a subgroup to view the list of diseases associated with that category.,"agammaglobulinemia, Agammaglobulinemia | severe_reduction_b, Severe Reduction in All Serum Immunoglobulin Isotypes with Profoundly Decreased or Absent B Cells, Agammaglobulinemia | cvid_phenotype, CVID Phenotype | severe_reduction_igm, Severe Reduction in at Least 2 Serum Immunoglobulin Isotypes with Normal or Low Number of B Cells, CVID Phenotype | severe_red_igg_iga, Severe Reduction in Serum IgG and IgA with Normal/Elevated IgM and Normal Numbers of B Cells, Hyper IgM | isotype_lichain_def, Isotype, Light Chain, or Functional Deficiencies with Generally Normal Numbers of B Cells",,,,,,"[iei_deficiency_v2] = ""antibody_deficiencies""",,,,,,
agammaglobulinemia_v2,patient_diagnosiscarrier_status_main,,dropdown,Please select the appropriate disease from Agammaglobulinemia,"mondo_0013289, BLNK deficiency | mondo_0010421, BTK deficiency, X-linked agammaglobulinemia (XLA) | mondo_0013288, Iga deficiency | mondo_0012987, Igb deficiency | mondo_0030528, FNIP1 deficiency | mondo_0020729, m heavy chain deficiency | mondo_0013287, l5 deficiency | mondo_0023655, PIK3CD deficiency (AR) | mondo_0014083, PIK3R1 deficiency (AR) | mondo_0030519, SLC39A7 (ZIP7) deficiency | mondo_0030529, Pu.1 deficiency | mondo_0014840, E47 transcription factor deficiency (AD) | mondo_0859234, E47 transcription factor deficiency (AR) | mondo_0012243, Hoffman syndrome/TOP2B deficiency",,autocomplete,,,,"[antibody_deficiencies_v2] = ""agammaglobulinemia""",,,,,,
severe_reduction_b_v2,patient_diagnosiscarrier_status_main,,dropdown,"Please select the appropriate disease from Severe Reduction in All Serum Immunoglobulin Isotypes with Profoundly Decreased or Absent B Cells, Agammaglobulinemia","mondo_0100299, PAX5 deficiency",,,,,,"[antibody_deficiencies_v2] = ""severe_reduction_b""",,,,,,
cvid_phenotype_v2,patient_diagnosiscarrier_status_main,,dropdown,Please select the appropriate disease from CVID Phenotype,"mondo_0032763, ARHGEF1 deficiency | mondo_0010504, ATP6AP1 deficiency | mondo_0013283, CD19 deficiency | mondo_0013285, CD20 deficiency | mondo_0013862, CD21 deficiency | mondo_0013286, CD81 deficiency | mondo_0014810, IKAROS haplosufficiency | mondo_0054691, IRF2BP2 deficiency | mondo_0011629, Mannosyl-oligosaccharide glucosidase deficiency (MOGS) | mondo_0014697, NFKB1 deficiency | mondo_0014260, NFKB2 deficiency | mondo_0014222, PIK3CD mutation (GOF) APDS1 (AD) | mondo_0030717, PIK3CG deficiency | mondo_0014453, PIK3R1 deficiency (LOF) APDS2 | mondo_0800146, POU2AF1 deficiency | pten_deficiency, PTEN Deficiency (LOF) | mondo_0033555, RAC2 deficiency (AR) | mondo_0958013, SEC61A1 deficiency | mondo_0010296, SH3KBP1 (CIN85) deficiency | mondo_0009413, TACI deficiency | mondo_0013284, BAFF receptor deficiency | tweak_deficiency, TWEAK deficiency | mondo_0014487, TRNT1 deficiency | cvid_no_genedef_specified, Common variable immune deficiency with no gene defect specified (CVID)",,,,,,"[antibody_deficiencies_v2] = ""cvid_phenotype""",,,,,,
severe_reduction_igm_v2,patient_diagnosiscarrier_status_main,,dropdown,"Please select the appropriate disease from Severe Reduction in at Least 2 Serum Immunoglobulin Isotypes with Normal or Low Number of B Cells, CVID Phenotype","mondo_0030893, KARS1 deficiency",,,,,,"[antibody_deficiencies_v2] = ""severe_reduction_igm""",,,,,,
severe_red_igg_iga_v2,patient_diagnosiscarrier_status_main,,dropdown,"Please select the appropriate disease from Severe Reduction in Serum IgG and IgA with Normal/Elevated IgM and Normal Numbers of B Cells, Hyper IgM","mondo_0011528, AID deficiency | mondo_0030798, CTNNBL1 deficiency | ino80, INO80 | mondo_0030841, MSH6 | mondo_0800149, TNFSF13 (APRIL) deficiency | mondo_0011971, UNG deficiency",,,,,,"[antibody_deficiencies_v2] = ""severe_red_igg_iga""",,,,,,
isotype_lichain_def_v2,patient_diagnosiscarrier_status_main,,dropdown,"Please select the appropriate disease from Isotype, Light Chain, or Functional Deficiencies with Generally Normal Numbers of B Cells","mondo_0019464, Ig heavy chain mutations and deletions | mondo_0014645, CARD11 GOF | mondo_0013576, Kappa chain deficiency / IgG subclass deficiency with IgA deficiency | mondo_0001901, Isolated IgG subclass deficiency | mondo_0001341, Selective IgA deficiency | mondo_0019093, Specific antibody deficiency with normal Ig levels and normal B cells | mondo_0015698, Transient hypogammaglobuliemia of infancy | mondo_0018039, Selective IgM deficiency",,,,,,"[antibody_deficiencies_v2] = ""isotype_lichain_def""",,,,,,
def_immune_dysreg_v2,patient_diagnosiscarrier_status_main,,dropdown,Select a subgroup to view the list of diseases associated with that category.,"fam_hemophagocytic, Familial Hemophagocytic Lymphohistiocytosis (FHL syndromes) | fhl_syndromes_hypopig, FHL Syndromes with Hypopigmentation | regulatory_t_cell_def, Regulatory T Cell Defects | autoimmunity_lymphop, Autoimmunity with or without Lymphoproliferation | immune_dysreg_colitis, Immune Dysregulation with Colitis | autoimmune_lymphoprol, Autoimmune Lymphoproliferative Syndrome (ALPS, Canale Smith syndrome) | suscept_ebv_lymph, Susceptibility to EBV and Lymphoproliferative Conditions",,,,,,"[iei_deficiency_v2] = ""def_immune_dysreg""",,,,,,
fam_hemophagocytic_v2,patient_diagnosiscarrier_status_main,,dropdown,Please select the appropriate disease from Familial Hemophagocytic Lymphohistiocytosis (FHL syndromes),"faap24_deficiency, FAAP24 deficiency | mondo_0011337, Perforin deficiency (FHL2) | mondo_0800147, RHOG deficiency | mondo_0009109, Lysinuric protein intolerance SLC7A7 deficiency | mondo_0011336, Syntaxin 11 deficiency (FHL4) | mondo_0013135, STXBP2 / Munc18-2 deficiency (FHL5) | mondo_0012146, UNC13D / Munc13-4 deficiency (FHL3) | mondo_0957229, DPP9 deficiency",,,,,,"[def_immune_dysreg_v2] = ""fam_hemophagocytic""",,,,,,
fhl_syndromes_hypopig_v2,patient_diagnosiscarrier_status_main,,dropdown,Please select the appropriate disease from FHL Syndromes with Hypopigmentation,"mondo_0011997, Hermansky-Pudlak syndrome, type 2 | mondo_0014885, Hermansky-Pudlak syndrome, type 10 | gimap6_deficiency, GIMAP6 deficiency | mondo_0008963, Chediak-Higashi syndrome | mondo_0011872, Griscelli syndrome, type 2",,,,,,"[def_immune_dysreg_v2] = ""fhl_syndromes_hypopig""",,,,,,
regulatory_t_cell_def_v2,patient_diagnosiscarrier_status_main,,dropdown,Please select the appropriate disease from Regulatory T Cell Defects,"mondo_0032723, BACH2 deficiency | mondo_0014493, CTLA4 deficiency (ALPSV) | mondo_0030457, DEF6 deficiency | mondo_0008260, FERMT1 deficiency (Kindler syndrome) | mondo_0010580, IPEX, immune dysregulation, polyendocrinopathy, enteropathy X-linked | mondo_0014810, Ikaros GOF | mondo_0011664, CD25 deficiency | mondo_0032782, CD122 deficiency | mondo_0013863, LRBA deficiency | mondo_0007686, NBEAL2 deficiency | mondo_0014414, STAT3 GOF mutation",,,,,,"[def_immune_dysreg_v2] = ""regulatory_t_cell_def""",,,,,,
autoimmunity_lymphop_v2,patient_diagnosiscarrier_status_main,,dropdown,Please select the appropriate disease from Autoimmunity with or without Lymphoproliferation,"mondo_0009411, APECED (APS-1), autoimmune polyendocrinopathy with candidiasis and ectodermal dystrophy | mondo_0957920, ARPC5 deficiency | mondo_0957388, CBLB deficiency | pd_l1_deficiency, PD-L1 deficiency | ire1a_deficiency, IRE1a deficiency | mondo_0030397, GIMAP5 deficiency | mondo_0013245, ITCH deficiency | mondo_0033558, JAK1 GOF | mondo_0032920, LACC1 deficiency | mondo_0859369, NFAT1 deficiency | mondo_0021571, PD1 deficiency | mondo_0008221, Prolidase deficiency | mondo_0957790, PLCG1 GOF disease | sh2b3_deficiency, SH2B3 deficiency | mondo_0800130, SOCS1 deficiency | mondo_0859083, TLR7 deficiency (AD) | tripeptidyl_peptidase_ii_deficiency, Tripeptidyl-Peptidase II Deficiency | mondo_0013920, TRAF3 haplosufficiency | mondo_0024563, UNC93B1 deficiency",,,,,,"[def_immune_dysreg_v2] = ""autoimmunity_lymphop""",,,,,,
immune_dysreg_colitis_v2,patient_diagnosiscarrier_status_main,,dropdown,Please select the appropriate disease from Immune Dysregulation with Colitis,"mondo_0957494, DOCK11 deficiency | mondo_0024770, ELF deficiency | mondo_0016542, IL-10 deficiency | mondo_0013153, IL-10Ra deficiency | mondo_0012941, IL-10Rb deficiency | nfat5_haploinsufficiency, NFAT5 haploinsufficiency | mondo_0007856, iRHOM deficiency | mondo_0020849, RIPK1 deficiency (AR) | mondo_0032601, TGFB1 deficiency",,,,,,"[def_immune_dysreg_v2] = ""immune_dysreg_colitis""",,,,,,
autoimmune_lymphoprol_v2,patient_diagnosiscarrier_status_main,,dropdown,"Please select the appropriate disease from Autoimmune Lymphoproliferative Syndrome (ALPS, Canale Smith syndrome)","mondo_0011383, ALPS-Caspase10 | mondo_0011804, ALPS-Caspase 8 | mondo_0013408, FADD deficiency | mondo_0011158, ALPS-FAS (AD / AR) | alps_faslg, ALPS-FASLG",,,,,,"[def_immune_dysreg_v2] = ""autoimmune_lymphoprol""",,,,,,
suscept_ebv_lymph_v2,patient_diagnosiscarrier_status_main,,dropdown,Please select the appropriate disease from Susceptibility to EBV and Lymphoproliferative Conditions,"mondo_0029134, RLTPR (CARMIL2) deficiency | mondo_0014054, CD27 deficiency | mondo_0034054, CD70 deficiency | mondo_0014391, CTPS1 deficiency | il_27ra_deficiency, IL-27RA deficiency | mondo_0010455, MAGT1 deficiency (XMEN) | mondo_8000024, PRKCD deficiency | mondo_0032803, RASGRP1 deficiency | mondo_0024551, SH2D1A (SAP) deficiency (XLP1) | mondo_0018881, TET2 deficiency | mondo_0030858, TET2 deficiency | cd137_deficiency_41bb, CD137 deficiency (41BB) | 4-1_bbl_deficiency, 4-1 BBL deficiency | mondo_0010385, XIAP deficiency (XLP2)",,,,,,"[def_immune_dysreg_v2] = ""suscept_ebv_lymph""",,,,,,
cong_phacocyte_defects_v2,patient_diagnosiscarrier_status_main,,dropdown,Select a subgroup to view the list of diseases associated with that category.,"congenital_neutropen, Congenital Neutropenias | defects_of_motility, Defects of Motility | defects_resp_burst, Defects of Respiratory Burst | other_non_lymphoid_def, Other Non-Lymphoid Defects",,,,,,"[iei_deficiency_v2] = ""cong_phacocyte_defects""",,,,,,
congenital_neutropen_v2,patient_diagnosiscarrier_status_main,,dropdown,Please select the appropriate disease from Congenital Neutropenias,"mondo_0009842, Specific granule deficiency | mondo_0014561, 3-Methylglutaconic aciduria (AR) | mondo_0859237, 3-Methylglutaconic aciduria (AD) | mondo_0014865, G-CSF receptor deficiency | mondo_0030374, CXCR2 deficiency | dbf4_deficiency, DBF4 deficiency | dnjac21_deficiency, Schwachman Diamond syndrome due to DNAJC21 deficiency | sbds_deficiency, Shwachman-Diamond Syndrome due to SBDS deficiency | mondo_0044205, Schwachman Diamond syndrome due to EFL1 deficiency | mondo_0042490, Elastase deficiency (SCN1) | mondo_0012930, G6PC3 deficiency (SCN4) | mondo_0009288, Glycogen storage disease type 1b | mondo_0013139, GFI 1 deficiency (SCN2) | mondo_0011922, GFI 1 deficiency (SCN2) | mondo_0012548, HAX1 deficiency (Kostmann Disease) (SCN3) | mondo_0009305, HYOU1 deficiency | mondo_0014456, JAGN1 deficiency | mondo_0012559, P14/LAMTOR2 deficiency | mondo_0044208, SMARCD2 deficiency | srp19_deficiency, SRP19 deficiency | mondo_0032899, SRP54 deficiency | srpra_deficiency, SRPRA deficiency | mondo_0010543, Barth Syndrome (3-Methylglutaconic aciduria type II) | mondo_0011405, Clericuzio syndrome (Poikiloderma with neutropenia) | mondo_0008999, Cohen syndrome | mondo_0014118, VPS45 deficiency (SCN5) | mondo_0010294, X-linked neutropenia/myelodysplasia WAS GOF",,,,,,"[cong_phacocyte_defects_v2] = ""congenital_neutropen""",,,,,,
defects_of_motility_v2,patient_diagnosiscarrier_status_main,,dropdown,Please select the appropriate disease from Defects of Motility,"mondo_0009470, b actin deficiency | mondo_0009060, CCR2 deficiency | mondo_0044207, CEBPE defects | mondo_0009061, Cystic fibrosis | mondo_0009490, Papillon-Lefèvre Syndrome | mondo_0013016, Leukocyte adhesion deficiency type 3 (LAD3) | mondo_0018643, Localized juvenile periodontitis | mondo_0007293, Leukocyte adhesion deficiency type 1 (LAD1) | mondo_0030013, Neutropenia with combined immune deficiency due to MKL1 deficiency | mondo_0011988, Rac 2 deficiency (LOF) | mondo_0009953, Leukocyte adhesion deficiency type 2 (LAD2) | mondo_0007883, WDR1 deficiency (Lazy leukocyte)",,,,,,"[cong_phacocyte_defects_v2] = ""defects_of_motility""",,,,,,
defects_resp_burst_v2,patient_diagnosiscarrier_status_main,,dropdown,Please select the appropriate disease from Defects of Respiratory Burst,"mondo_0009308, Autosomal recessive CGD p22phox | mondo_0010389, X-linked chronic granulomatous disease (CGD), gp91phox | mondo_0030066, Autosomal recessive CGD EROS | mondo_0010480, G6PD deficiency Class I | mondo_0009309, Autosomal recessive CGD p47phox | mondo_0009310, Autosomal recessive CGD p67phox | mondo_0013507, Autosomal recessive CGD p40phox",,,,,,"[cong_phacocyte_defects_v2] = ""defects_resp_burst""",,,,,,
other_non_lymphoid_def_v2,patient_diagnosiscarrier_status_main,,dropdown,Please select the appropriate disease from Other Non-Lymphoid Defects,"mondo_0010424, Congenital pulmonary alveolar proteinosis due to CSF2RA mutations | mondo_0013712, Congenital pulmonary alveolar proteinosis due to CSF2RB mutations | mondo_0013607, GATA2 deficiency (MonoMac syndrome)",,,,,,"[cong_phacocyte_defects_v2] = ""other_non_lymphoid_def""",,,,,,
def_intrins_innate_imm_v2,patient_diagnosiscarrier_status_main,,dropdown,Select a subgroup to view the list of diseases associated with that category.,"mendelian_suscept_msmd, Mendelian Susceptibility to Mycobacterial Disease (MSMD) | epidermodysplasia_vern, Epidermodysplasia Verruciformis (HPV) | predisp_severe_viral, Predisposition to Severe Viral Infection | herpes_simplex_enceph, Herpes Simplex Encephalitis (HSE) | predisp_inv_fungal, Predisposition to Invasive Fungal Infections | predisp_mucocut_cand, Predisposition to Mucocutaneous Candidiasis | tlr_signaling_path_def, TLR Signaling Pathway Deficiency | other_iei_non_hemo, Other Inborn Errors of Immunity Related to Non-Hematopoietic Tissues | other_iei_leuk, Other Inborn Errors of Immunity Related to Leukocytes",,,,,,"[iei_deficiency_v2] = ""def_intrins_innate_imm""",,,,,,
mendelian_suscept_msmd_v2,patient_diagnosiscarrier_status_main,,dropdown,Please select the appropriate disease from Mendelian Susceptibility to Mycobacterial Disease (MSMD),"mondo_0010389, Macrophage gp91 phox deficiency | mondo_0033541, IFNG deficiency | mondo_0008856, IFN-g receptor 1 deficiency (AR) | mondo_0014429, IFN-g receptor 1 deficiency (AD) | mondo_0013953, IFN-g receptor 2 deficiency | mondo_0013954, IL-12p40 (IL-12 and IL-23) deficiency | mondo_0013955, IL-12 and IL-23 receptor b1 chain deficiency | il_12rb2_deficiency, IL-12Rb2 deficiency | il_23r_deficiency, IL-23R deficiency | mondo_0958011, IRF1 deficiency | mondo_0013957, IRF8 deficiency (AD) | mondo_0009194, IRF8 deficiency (AR) | mondo_0014502, ISG15 deficiency | mondo_0033558, JAK1 (LOF) | mondo_0958030, MCTS1 deficiency | mondo_0014710, RORgt deficiency | mondo_0030448, SPPL2a deficiency | mondo_0013956, STAT1 deficiency (AD LOF) | mondo_0030483, TBX21 deficiency | mondo_0012682, Tyk2 deficiency / P1104A TYK2 homozygosity",,,,,,"[def_intrins_innate_imm_v2] = ""mendelian_suscept_msmd""",,,,,,
epidermodysplasia_vern_v2,patient_diagnosiscarrier_status_main,,dropdown,Please select the appropriate disease from Epidermodysplasia Verruciformis (HPV),"mondo_0032644, CIB1 deficiency | mondo_8000006, WHIM (Warts, Hypogammaglobulinemia, infections, Myelokathexis) syndrome | mondo_0100045, EVER1 deficiency | mondo_0032614, EVER2 deficiency",,,,,,"[def_intrins_innate_imm_v2] = ""epidermodysplasia_vern""",,,,,,
predispo_severe_viral_v2,patient_diagnosiscarrier_status_main,,dropdown,Please select the appropriate disease from Predisposition to Severe Viral Infection,"mondo_0014313, CD16 deficiency | mondo_0030692, MDA5 deficiency (LOF) | mondo_0030970, IFNAR1 deficiency | mondo_0014727, IFNAR2 deficiency | mondo_0014597, IRF7 deficiency | mondo_0032848, IRF9 deficiency | nos2_deficiency, NOS2 deficiency | mondo_0020840, OAS1 deficiency | oas2_deficiency, OAS2 deficiency | mondo_0009910, RNA polymerase III deficiency due to POLR3A defects | polr3c_deficiency, RNA polymerase III deficiency due to POLR3C defects | mondo_0030813, RNA polymerase III deficiency due to POLR3F defects | mondo_0011098, RNASEL deficiency | mondo_0013427, STAT1 deficiency (AR LOF) | mondo_0014715, STAT2 deficiency | mondo_0026767, TLR7 deficiency (X-Linked) | mondo_0030491, ZNFX1 deficiency",,,,,,"[def_intrins_innate_imm_v2] = ""predisp_severe_viral""",,,,,,
herpes_simplex_enceph_v2,patient_diagnosiscarrier_status_main,,dropdown,Please select the appropriate disease from Herpes Simplex Encephalitis (HSE),"atg4a_deficiency, ATG4A | mondo_0030334, DBR1 deficiency | gtf3a_deficiency, GTF3A deficiency | ikbke_deficiency, IKBKE deficiency | mondo_0014680, IRF3 deficiency | map1lc3b2_deficiency, MAP1LC3B2 | ripk3_deficiency, RIPK3 deficiency | mondo_0030313, SNORA31 deficiency | mondo_0054754, TBK1 deficiency (AD) | mondo_0013921, TRIF deficiency (AD / AR) | mondo_0800187, TLR3 deficiency (AD / AR) | mondo_0013920, TRAF3 deficiency | mondo_0024563, UNC93B1 deficiency","! For TRIF deficiency and TLR3 deficiency, please specify the zygosity (AR /AD ) in the genetic information sheet!",,,,,"[def_intrins_innate_imm_v2] = ""herpes_simplex_enceph""",,,,,,
predisp_inv_fungal_v2,patient_diagnosiscarrier_status_main,,dropdown,Please select the appropriate disease from Predisposition to Invasive Fungal Infections,"mondo_0008905, CARD9 deficiency",,,,,,"[def_intrins_innate_imm_v2] = ""predisp_inv_fungal""",,,,,,
predispo_mucocut_cand_v2,patient_diagnosiscarrier_status_main,,dropdown,Please select the appropriate disease from Predisposition to Mucocutaneous Candidiasis,"mondo_0013503, IL-17F deficiency | mondo_0013500, IL-17RA deficiency | mondo_0014642, IL-17RC deficiency | mondo_0800142, MAPK8 deficiency | mondo_0013599, STAT1 GOF | mondo_0014230, ACT1 deficiency",,,,,,"[def_intrins_innate_imm_v2] = ""predisp_mucocut_cand""",,,,,,
tlr_signaling_path_def_v2,patient_diagnosiscarrier_status_main,,dropdown,Please select the appropriate disease from TLR Signaling Pathway Deficiency,"tlr4_deficiency, TLR4 deficiency | md2_deficiency, MD2 deficiency | irak1_deficiency, IRAK1 deficiency | irak4_disorder, IRAK4 disorder | mondo_0011888, IRAK4 deficiency | mondo_0012839, MyD88 deficiency | mondo_0013723, TIRAP deficiency | mondo_0024777, TLR8 disease",,,,,,"[def_intrins_innate_imm_v2] = ""tlr_signaling_path_def""",,,,,,
other_iei_non_hemo_v2,patient_diagnosiscarrier_status_main,,dropdown,Please select the appropriate disease from Other Inborn Errors of Immunity Related to Non-Hematopoietic Tissues,"mondo_0012931, Trypanosomiasis susceptibility | mondo_0012676, CLCN7 deficiency associated osteopetrosis (AR) | mondo_0008156, CLCN7 deficiency associated osteopetrosis (AD) | mondo_0013536, Isolated congenital asplenia (ICA) due to HMOX deficiency | mondo_0014659, Acute liver failure due to NBAS deficiency | mondo_0007728, NCSTN deficiency hidradenitis suppurativa | mondo_0009817, OSTM1 deficiency associated osteopetrosis | mondo_0012679, PLEKHM1 deficiency associated osteopetrosis | mondo_0024516, PSEN deficiency hidradenitis suppurativa | mondo_0013397, PSENEN deficiency hidradenitis suppurativa | mondo_0011953, Acute necrotizing encephalopathy | mondo_0010066, Isolated congenital asplenia (ICA) due to RPSA deficiency | mondo_0014040, SNX10 deficiency associated osteopetrosis | mondo_0009815, TCIRG1 deficiency associated osteopetrosis | mondo_0012859, TNFRSF11A deficiency associated osteopetrosis | mondo_0009816, TNFSF11 deficiency associated osteopetrosis",,,,,,"[def_intrins_innate_imm_v2] = ""other_iei_non_hemo""",,,,,,
other_iei_leuk_v2,patient_diagnosiscarrier_status_main,,dropdown,Please select the appropriate disease from Other Inborn Errors of Immunity Related to Leukocytes,"mondo_0032809, IL-18BP deficiency | irf4_haplosufficiency, IRF4 haplosufficiency",,,,,,"[def_intrins_innate_imm_v2] = ""other_iei_leuk""",,,,,,
autoinflam_disorders_v2,patient_diagnosiscarrier_status_main,,dropdown,Select a subgroup to view the list of diseases associated with that category.,"type_1_interferonopath, Type 1 Interferonopathies | defects_affect_inflam, Defects Affecting the Inflammasome | non_inflam_related, Non-Inflammasome Related Conditions",,,,,,"[iei_deficiency_v2] = ""autoinflam_disorders""",,,,,,
type_1_interferonopath_v2,patient_diagnosiscarrier_status_main,,dropdown,Please select the appropriate disease from Type 1 Interferonopathies,"mondo_0011939, Spondyloenchondro-dysplasia with immune dysregulation (SPENCD) | mondo_0014306, ADA2 deficiency | mondo_0014007, ADAR1 deficiency (AGS6) | mondo_0014958, ATAD3A deficiency (AD) | mondo_0032931, ATAD3A deficiency (AR) | mondo_0030378, C2orf69 deficiency | mondo_0014757, CDC42 defects | mondo_0013743, DNASE1L3 deficiency | mondo_0800132, DNASE2 deficiency | mondo_0014367, Aicardi-Goutieres syndrome 7 (AGS7) | mondo_0030361, LSM11 deficiency | mondo_0020840, OAS1 GOF | mondo_0032659, RELA interferonopathy | mondo_0012472, RNASEH2A deficiency, AGS4 | mondo_0012429, RNASEH2B deficiency, AGS2 | mondo_0012471, RNASEH2C deficiency, AGS3 | mondo_0030362, RNU7-1 deficiency | mondo_0013059, SAMHD1 deficiency, AGS5 | mondo_0030044, STAT2 GOF | mondo_0957497, Pansclerotic morphea | sting_like_disease, STING-like disease | mondo_0014405, STING--associated vasculopathy, infantile-onset | mondo_0009165, TREX1 deficiency, Aicardi-Goutieres syndrome 1 (AGS1) (AD / AR) | mondo_0018828, USP18 deficiency","! For TREX1 deficiency - Aicardi-Goutieres syndrome 1, please specify the zygosity (AD or AR) in the sheet Genetic Information!",,,,,"[autoinflam_disorders_v2] = ""type_1_interferonopath""",,,,,,
defects_affect_inflam_v2,patient_diagnosiscarrier_status_main,,dropdown,Please select the appropriate disease from Defects Affecting the Inflammasome,"mondo_0007601, Familial Mediterranean fever (AD) | mondo_0009572, Familial Mediterranean fever (AR) | mondo_0009849, Mevalonate kinase deficiency (Hyper IgD syndrome) | mondo_0060457, NLRP1 deficiency (AR) | mondo_0014089, NLRP1 GOF (AD) | mondo_0012724, Familial cold autoinflammatory syndrome 2 | mondo_0007349, Familial cold autoinflammatory syndrome 1 | mondo_0011776, Neonatal onset multisystem inflammatory disease (NOMID) or chronic infantile neurologic cutaneous and articular syndrome (CINCA) | mondo_0008633, Muckle-Wells syndrome | mondo_0008290, PVMK deficiency | mondo_0030018, RIPK1 deficiency (AD)",,,,,,"[autoinflam_disorders_v2] = ""defects_affect_inflam""",,,,,,
non_inflam_related_v2,patient_diagnosiscarrier_status_main,,dropdown,Please select the appropriate disease from Non-Inflammasome Related Conditions,"mondo_0013693, ADAM17 deficiency | mondo_0013999, Retinal dystrophy, optic nerve oedema, splenomegaly, anhidrosis, and headache (ROSAH) | mondo_0035370, ALPI deficiency | mondo_0014494, AP1S3 deficiency | mondo_0011269, CAMPS (CARD14 mediated psoriasis) | mondo_0014629, COPA defect | mondo_0019475, Tim-3 deficiency | mondo_0957204, HCK disease | mondo_0800129, NEMO Exon 5 deletion | mondo_0958177, CRMO3 IL1R1 disorder | mondo_0013021, DIRA (Deficiency of the Interleukin 1 Receptor Antagonist) | mondo_0013626, DITRA (Deficiency of IL-36 receptor antagonist) | mondo_0012316, Chronic recurrent multifocal osteomyelitis and congenital dyserythropoietic anemia (Majeed syndrome) | mondo_0957271, LYN GOF disease | mondo_0033551, HEM1 (NCKAP1L) deficiency | mondo_0008523, Blau syndrome | mondo_0014912, Otulipenia/ORAS | mondo_0031030, Otulin deficiency | otulin_haplosufficiency, Otulin haplosufficiency | mondo_0013944, PLAID (PLCg2 associated antibody deficiency and immune dysregulation) or APLAID (c2120A>C) | mondo_0013766, familial cold autoinflammatory syndrome 3 | mondo_0054700, PRAID | mondo_0030924, PRAAS- CANDLE (PSMB10) | mondo_0054699, PRAAS- CANDLE (PSMB4) | mondo_0054698, CANDLE (chronic atypical neutrophilic dermatitis with lipodystrophy) (Gene: PSMB8) (AD / AR) | mondo_0968983, PRAAS -like condition (AD, AR, and various) | mondo_0054591, PSMD12 disorder | mondo_0030931, CANDLE (chronic atypical neutrophilic dermatitis with lipodystrophy) (Gene: PSMG2) | mondo_0011462, Pyogenic sterile arthritis, pyoderma gangrenosum, acne (PAPA) syndrome, hyperzincemia and hypercalprotectinemia | mondo_0007315, Cherubism | mondo_0968982, SHARPIN deficiency | mondo_0011273, Hyperpigmentation hypertrichosis, histiocytosis-lymphadenopathy plus syndrome SLC29A3 mutation | mondo_0030308, SYK disease | mondo_0800148, TBK1 deficiency (AR) | mondo_0800045, A20 deficiency | mondo_0007727, TNF receptor-associated periodic syndrome (TRAPS) | mondo_0035362, TRIM22",! For PRAAS -like condition please specify the zygosity in the genetic information sheet!,,,,,"[autoinflam_disorders_v2] = ""non_inflam_related""",,,,,,
compl_deficiencies_v2,patient_diagnosiscarrier_status_main,,dropdown,Please select the appropriate disease from complement deficiency,"mondo_0958182, C1q deficiency due to defects in C1QA | mondo_0958187, C1q deficiency due to defects in C1QB | mondo_0958188, C1q deficiency due to defects in C1QC | mondo_0009005, C1r deficiency | mondo_0020684, C1r Periodontal Ehlers Danlos | mondo_0013419, C1s deficiency | mondo_0014954, C1s Periodontal Ehlers Danlos | mondo_0009006, C2 deficiency | mondo_0013417, C3 deficiency (LOF) | mondo_0013043, C3 GOF | complete_c4_deficiency, Complete C4 deficiency | mondo_0012295, C5 deficiency | mondo_0012908, C6 deficiency | mondo_0012412, C7 deficiency | mondo_0013422, C8a deficiency | mondo_0013421, C8b deficiency | c8g_deficiency, C8g deficiency | mondo_0013445, C9 deficiency | mondo_0013040, Membrane Cofactor Protein (CD46) deficiency (AD / AR) | mondo_0009174, CD55 deficiency (CHAPEL disease) | mondo_0012858, Membrane Attack Complex Inhibitor (CD59) deficiency | mondo_0013042, Factor B GOF (AD) | mondo_0014255, Factor B LOF (AR) | mondo_0013487, Factor D deficiency | mondo_0012350, Factor H deficiency (AR / AD) | factor_h_related_prot_def, Factor H -related protein deficiencies | mondo_0012594, Factor I deficiency (AR) | mondo_0013041, Factor I deficiency (AD) | mondo_0010713, Properdin deficiency | mondo_0013467, Ficolin 3 deficiency | mondo_0013423, MASP2 deficiency | mondo_0033946, C1 inhibitor deficiency | mondo_0013044, Thrombomodulin deficiency",,,,,,"[iei_deficiency_v2] = ""compl_deficiencies""",,,,,,
bone_marrow_failure_v2,patient_diagnosiscarrier_status_main,,dropdown,Please select the appropriate disease from bone marrow failure syndrome,"mondo_0859319, DKC DCLRE1B | mondo_0859288, DUT deficiency | mondo_0014690, DKCA6 (AD / AR) | mondo_0054748, Fanconi Anemia Type S | mondo_0011584, Fanconi Anemia Type D1 | mondo_0012187, Fanconi Anemia Type J | mondo_0024564, Coats plus syndrome due to CTC1 deficiency | mondo_0010584, DKCX1 | mondo_0014108, Fanconi Anemia Type Q | mondo_0009215, Fanconi Anemia Type A | mondo_0010351, Fanconi Anemia Type B | mondo_0009213, Fanconi Anemia Type C | mondo_0009214, Fanconi Anemia Type D2 | mondo_0010953, Fanconi Anemia Type E | mondo_0011325, Fanconi Anemia Type F | mondo_0012186, Fanconi Anemia Type I | mondo_0013566, Fanconi Anemia Type L | mondo_0054862, Fanconi Anemia Type M | mondo_0014985, Fanconi Anemia Type V | mondo_0014758, EVI1, MECOM deficiency | mondo_0013519, DKCB2 | mondo_0009136, DKCB1 | mondo_0012565, Fanconi Anemia Type N | mondo_0014600, DKCB6 | mondo_0014986, Fanconi Anemia Type R | mondo_0013248, Fanconi Anemia Type O | mondo_0044325, Fanconia Anemia Type W | mondo_0014076, DKCA4 | mondo_0014888, SAMD9 (GOF) | mondo_0008038, Ataxia Pancytopenia Syndrome | mondo_0013499, Fanconi Anemia Type P | mondo_0013851, BMFS1 (SRP72-deficiency) | mondo_0015026, Coats plus syndrome due to STN1 deficiency | mondo_0007485, DKCA1 | mondo_0013521, DKCA2 | mondo_0027353, DKCB4 | mondo_0013522, DKCA3 | mondo_0032573, BMFS5 | mondo_0014638, Fanconi Anemia Type T | mondo_0013520, DKCB3 | mondo_0014987, Fanconi Anemia Type U | mondo_0013565, Fanconi Anemia Type G",,,,,,"[iei_deficiency_v2] = ""bone_marrow_failure""",,,,,,
other_iei_deficiency_v2,patient_diagnosiscarrier_status_main,,text,"Please, also search in MONDO for this IEI disease",BIOPORTAL:MONDO,"If not found in MONDO, specify in the text field below",,,,,,,,,,,
other_iei_def_text_v2,patient_diagnosiscarrier_status_main,,text,"Specify further, if not found",,,,,,,,,,,,,
iei_2022_classification_ht,archive_patient_diagnosiscarrier_status,,descriptive,"For detailed information, please visit ___ the 2024 IEI Classification from the IUIS",,,,,,,,,,,,,
other_iei_deficiency_old,archive_patient_diagnosiscarrier_status,,text,Please search in MONDO for the IEI disease/carrier status,BIOPORTAL:MONDO,"If not found in MONDO, specify in the text field below",,,,,,,,,,,
other_iei_def_text,archive_patient_diagnosiscarrier_status,,text,"Specify further, if not found",,,,,,,,,,,,,
assigned_centerid_v2,patient_demographics_initial_form_2,,text,Enter the assigned Number of your Center in the Canadian National IEI Registry,,,number,0,10000,,,,,,,,
visit_date_demographics_v2,patient_demographics_initial_form_2,,text,Enter the date for this visit,,,date_dmy,,,,,y,,,,,
type_participant_v2,patient_demographics_initial_form_2,,radio,Indicate the type of participant,"P, With immunodeficiency (P) | C, Genetic carrier for such a defect (C) | Inf, Infant identified as having low lymphocytes as a result of newborn screening (Inf)",,,,,,,,,,,,
record_id_no_dag_v2,patient_demographics_initial_form_2,,text,"[Hidden] Removes DAG component of record ID, if needed",,,,,,,,,,,,," @HIDDEN
@CALCTEXT(
if(find('-', [record_id])!=0, right([record_id], length([record_id])-find('-', [record_id])), [record_id])
)"
record_id_leading_zeroes_v2,patient_demographics_initial_form_2,,text,"[Hidden] Add leading zeroes to record ID number, if needed",,,,,,,,,,,,," @HIDDEN
@CALCTEXT(
if(length([record_id_no_dag])>=4, [record_id_no_dag],
if(length([record_id_no_dag]) =1, concat('000',[record_id_no_dag]),
if(length([record_id_no_dag]) =2, concat('00',[record_id_no_dag]),
if(length([record_id_no_dag]) =3, concat('0',[record_id_no_dag]),
'')))))"
national_iei_registry_id_v2,patient_demographics_initial_form_2,,text,National IEI Registry ID,,,,,,,[event-name] = 'initialbaseline_arm_1',,,,,," @CALCTEXT(concat([assigned_centerid], '-', [record_id_leading_zeroes], [type_participant]))"
province_demographics_v2,patient_demographics_initial_form_2,,dropdown,Please indicate your province:,"1, Alberta | 2, British Columbia | 3, Manitoba | 4, New Brunswick | 5, Newfoundland and Labrador | 6, Northwest Territories | 7, Nova Scotia | 8, Nunavut | 9, Ontario | 10, Prince Edward Island | 11, Quebec | 12, Saskatchewan | 13, Yukon",,,,,,,,,,,,
snomedct_184099003_v2,patient_demographics_initial_form_2,,text,Please indicate the individual's Month and Year of Birth ONLY,,! indicate month and year only : 01-M-Y,date_dmy,,,,,,,,,,
usidnet_id_v2,patient_demographics_initial_form_2,,text,USIDNET ID#,,,,,,,,,,,,,
esid_id_v2,patient_demographics_initial_form_2,,text,ESID ID#,,,number,,,,,,,,,,
pidtc_id_v2,patient_demographics_initial_form_2,,text,PIDTC ID#,,,number,,,,,,,,,,
cibmtr_v2,patient_demographics_initial_form_2,,text,CIBMTR ID#,,,,,,,,,,,,,
other_study_id_v2,patient_demographics_initial_form_2,,text,Other Study ID#,,,number,,,,,,,,,,
enrolling_phys_demo_v2_f4ee66,patient_demographics_initial_form_2,,text,Name of Physician Enrolling this Patient,,,,,,,,,,,,,
form_completion_demo_v2_7d9a55,patient_demographics_initial_form_2,,text,Name and role of person completing this data entry form:,,,,,,,,,,,,,
snomedct_432213005_v2,patient_demographics_initial_form_2,,text,"What is the date of immunodeficiency diagnosis/carrier status, if available? (estimate if not available)",,! indicate month and year only : 01-M-Y,date_dmy,,,,[type_participant_v2] = 'P' and [type_participant_v2] = 'C',,,,,,
snomedct_298059007_v2,patient_demographics_initial_form_2,,text,"For patient with immunodeficiency, what is the estimated month and year of symptom Onset",,! indicate month and year only : 01-M-Y,date_dmy,,,,[type_participant_v2] = 'P',,,,,,
bmt_treatment,old_archive_chimerism_this_form_to_be_removed,,radio,If the patient had BMT treatment?,"1, yes | 2, no",,,,,,,,,,,,
bmt_day0,old_archive_chimerism_this_form_to_be_removed,,text,Please indicate the day 0 of BMT:,,,,,,,[bmt_treatment] = '1',,,,,,
date_of_chimerism_evaluati,old_archive_chimerism_this_form_to_be_removed,,text,Date of Chimerism evaluation,,"If the specific month or day is not known, select the 1st day of the month or the 1st month of the year, respectively.",date_dmy,,,,[bmt_treatment] = '1',,,,,,
cd14_15_chimerism,old_archive_chimerism_this_form_to_be_removed,Chimerism detail,radio,CD14/15 chimerism,"1, Complete chimerism (100% replacement) | 2, Mixed (5-90% replacement) | 3, Microchimerism (less than 1% host cells detected)",,,,,,[bmt_treatment] = '1',,,,chimerism_detail,,
cd_19_chimerism,old_archive_chimerism_this_form_to_be_removed,,radio,CD 19 chimerism,"1, Complete chimerism (100% replacement) | 2, Mixed (5-90% replacement) | 3, Microchimerism (less than 1% host cells detected)",,,,,,[bmt_treatment] = '1',,,,chimerism_detail,,
cd3_chimerism,old_archive_chimerism_this_form_to_be_removed,,radio,CD3 chimerism,"1, Complete chimerism (100% replacement) | 2, Mixed (5-90% replacement) | 3, Microchimerism (less than 1% host cells detected)",,,,,,[bmt_treatment] = '1',,,,chimerism_detail,,
cd_56_chimerism,old_archive_chimerism_this_form_to_be_removed,,radio,CD 56 chimerism,"1, Complete chimerism (100% replacement) | 2, Mixed (5-90% replacement) | 3, Microchimerism (less than 1% host cells detected)",,,,,,[bmt_treatment] = '1',,,,chimerism_detail,,
myeloid_chimerism,old_archive_chimerism_this_form_to_be_removed,,radio,Myeloid chimerism,"1, Complete chimerism (100% replacement) | 2, Mixed (5-90% replacement) | 3, Microchimerism (less than 1% host cells detected)",,,,,,[bmt_treatment] = '1',,,,chimerism_detail,,
complete_chimerism_100_don,old_archive_chimerism_this_form_to_be_removed,,descriptive,"Chimerism State:
Complete Chimerism -100% donor cells detected, suggesting complete hematopoietic replacement
Mixed chimerism -5%-90% donor cells detected. Host cells detected in particular cells (e.g. lymphocytes)
Split Chimerism- some cell lineages are 100% donor and some are 100% host
Microchimerism -Less than 1% host cells detected",,,,,,,,,,,,,
karnofsky_image,old_archive_performance_scales_resources,,descriptive,Kranofsky Image Description,,,,,,,,,,,,,
algorithm_karnofsky,old_archive_performance_scales_resources,,descriptive,Kranofsky Algorithm Description,,,,,,,,,,,,,
karnofsky_score,old_archive_performance_scales_resources,,text,Please indicate the patients Karnofsky score,,,,,,,,,,,,,
lansky_score,old_archive_performance_scales_resources,,text,Please indicate the patients Lansky score,,,,,,,,,,,,,